season,alternate_name,installment__of_version,filming_date,month,day,year,order_of_filming,airing_date,month1,day1,year1,order_of_airing,unnamed_13,countries_visited,of_countires_visited,of_cities_visited,of_contients_visited,of_legs,distance_traveled_miles,of_teams,of_episodes,unnamed_22,of_nonelimination_legs,of_super_legs_or_mega_legs,of_norest_legs,total__of_nonelimination_points,of_consecutive_nonelimination_points,of_teams_that_survived_the_next_leg_after_placing_last_on_a_nonelimination_point_not_penultimate_leg,of_teams_that_won_the_next_leg_after_placing_last_on_a_nonelimination_leg,of_times_that_a_team_placed_last_the_next_leg_after_placing_alst_on_a_nonelimination_point,unnamed_31,of_fast_forwards,of_used_fast_forwards,of_unaired_fast_forwards,of_fast_forward_wins,of_surviving_fast_forward_placements,of_eliminated_fast_forward_placements,unnamed_38,of_single_uturn_slots,of_double_uturn_slots,total__of_uturn_slots,of_blind_uturn_slots,of_uturn_penalties,of_uturn_votes,total__of_uturns,of_used_uturns,of_unaired_uturn_slots,of_successfully_used_uuturns,of_successfully_eliminated_uuturns,unnamed_50,of_yields,of_used_yields,of_successfully_eliminated_yields,unnamed_54,average_age,age_standard_deviation,youngest_age,oldest_age,age_gap,unnamed_60,average_roadblocks,roadblock_standard_deviation,least_roadblocks,most_roadblocks,unnamed_65,team_averages,unnamed_67,unnamed_68,median,unnamed_70,of_legs1,of_ranks,racing_average__theoretical_season_average,unnamed_74,leg_wins,leg_win_rate,podium_finishes,podium_finish_rate,standard_deviation,interquartile_range,season_average,second_place_finishes,2nd_place_rate,2ndlast_place_finishes_not_final_3,2ndlast_rate,nonelimination_legs,nonelimination_rate,unnamed_88,unnamed_89,unnamed_90,unnamed_91,mode,minimum,maximum,range,unnamed_96,unnamed_97,unnamed_98,di_average,unnamed_100,unnamed_101,di_median,unnamed_103,unnamed_104,di_racing_average__di_theoretical_season_average,unnamed_106,di_standard_deviation,interquartile_range1,unnamed_109,equal_or_above_05,05_rate,less_than_05,maximum_di,minimum_di,range_di,team_averages1,unnamed_117,final_rank__averages_rank,median1,unnamed_120,final_rank__median_rank,of_ranks1,of_legs2,racing_average__theoretical_season_average1,racing_average__experimental_season_average,leg_wins1,leg_win_rate1,podium_finishes1,podium_finish_rate1,standard_deviation1,interquartile_range2,unnamed_132,second_place_finshes,2nd_place_rate1,2ndlast_place_finishes_not_final_31,2ndlast_rate1,nonelimination_legs1,nonelimination_rate1,unnamed_139,unnamed_140,unnamed_141,unnamed_142,mode1,minimum1,maximum1,range1,unnamed_147,di_average1,final_rank__di_averages_rank,di_median1,final_rank__di_median_rank,di_racing_average__di_theoretical_season_average1,di_racing_average__di_experimental_season_average,di_standard_deviation1,interquartile_range3,equal_or_above_051,05_rate1,less_than_051,maximum_di1,minimum_di1,range_di1,unnamed_162,unnamed_163,unnamed_164,unnamed_165,unnamed_166,unnamed_167,unnamed_168,unnamed_169,unnamed_170,unnamed_171,unnamed_172,unnamed_173,unnamed_174,unnamed_175,unnamed_176,unnamed_177,unnamed_178,unnamed_179,unnamed_180,unnamed_181,unnamed_182,unnamed_183,unnamed_184,unnamed_185,unnamed_186,unnamed_187,unnamed_188,unnamed_189,unnamed_190,unnamed_191,unnamed_192,unnamed_193,unnamed_194,unnamed_195,unnamed_196,unnamed_197,unnamed_198,unnamed_199,unnamed_200,of_teams_that_won_1_legs,of_teams_that_won_2_legs,unnamed_203,of_teams_that_placed_in_the__podium_1_times,of_teams_that_placed_in_the__podium_2_times,unnamed_206,of_teams_that_placed_second_1_times,unnamed_208,of_teams_that_placed_2ndlast_1_times,unnamed_210,of_teams_that_placed_last_on_a_nonelimination_point,unnamed_212,of_teams_that_never_placed_4th,of_teams_that_never_placed_5th,of_teams_that_never_placed_6th,unnamed_216,of_teams_that_placed_075_di_at_least_once,of_teams_that_placed_0667_di_at_least_once,of_teams_that_placed_05_di_at_least_once,unnamed_220,of_teams_that_never_placed_last,of_teams_that_always_placed_05_di,unnamed_223,of_coed_teams,of_female_teams,of_male_teams,average_coed_team_rank,average_allfemale_team_rank,average_allmale_team_rank,coed_team_winner,allfemale_team_winner,allmale_team_winner
,,,,,,,,,,,,,,,,,,SUM = 486,SUM = 1340869,SUM = 449,SUM = 475,,SUM = 102,SUM = 10,SUM = 14,SUM = 125,SUM = 4,SUM = 75,SUM = 11,SUM = 47,,SUM = 81,SUM = 57,SUM = 20,SUM = 50,SUM = 55,SUM = 2,,SUM = 15,SUM = 60,SUM = 75,SUM = 10,SUM = 1,SUM = 2,SUM = 78,SUM = 65,SUM = 6,SUM = 53,SUM = 27,,SUM = 42,SUM = 20,SUM = 5,,,,,,,,,,,,,Average,,,Average,,Average,Average,Average,,Average,Average,Average,Average,Average,Average,Average,Average,Average,Average,Average,Average,Average,,,,,Average,Average,Average,Average,,,,Average,,,Average,,,Average,,Average,Average,,Average,Average,Average,Average,Average,Average,STDEV.P,,STDEV.P,STDEV.P,,STDEV.P,STDEV.P,STDEV.P,STDEV.P,STDEV.P,STDEV.P,STDEV.P,STDEV.P,STDEV.P,STDEV.P,STDEV.P,,STDEV.P,STDEV.P,STDEV.P,STDEV.P,STDEV.P,STDEV.P,,,,,STDEV.P,STDEV.P,STDEV.P,STDEV.P,,STDEV.P,STDEV.P,STDEV.P,STDEV.P,STDEV.P,STDEV.P,STDEV.P,STDEV.P,STDEV.P,STDEV.P,STDEV.P,STDEV.P,STDEV.P,STDEV.P,,,,,,,,,,,,,,,,,,,,,,,,,,,,,,,,,,,,,,,,,,,,,,,,,,,,,,,,,,,,,,,SUM = 197,SUM = 94,SUM = 114,,,,SUM = 19,SUM = 5,SUM = 13
,,,,,,,,,,,,,,,,,,,,,,,,,,,,,,,,,,,,,,,,,,,,,,,,,,,,,,,,,,,,,,,,,,,,,,,,,,,,,,,,,,,,,,,,,,,,,,,,,,,,,,,,,,,,,,,,,,,,,,,,,,,,,,,,,,,,,,,,,,,,,,,,,,,,,,,,,,,,,,,,,,,,,,,,,,,,,,,,,,,,,,,,,,,,,,,,,,,,,,,,,,,,,,,,,,,,,,,,,,,,,,,,,,,,,,,,
Average,,,,,,,,,,,,,,,8.136363636,23.65853659,3.780487805,11.85365854,32704.12195,10.95121951,11.58536585,,2.756756757,0.2702702703,0.3783783784,3.378378378,0.1081081081,2.027027027,0.2972972973,1.27027027,,2.189189189,1.540540541,0.5405405405,1.351351351,1.486486486,0.05405405405,,0.40541,1.62162,2.02703,0.27027,0.02703,0.05405,2.10811,1.75676,0.16216,1.43243,0.72973,,1.13514,0.54054,0.13514,,32.80378378,9.462972973,21.48648649,56.83783784,35.35135135,,3.377837838,2.129189189,0.1621621622,6.675675676,,5.472093,,,5.405135,,7.333243,7.442703,-0.274416,,1.118649,0.11107,3.33027,0.333462,1.722665,2.130211,4.296218,1.104324,0.110586,1.002162,0.118224,0.30973,0.0346,,,,,4.305135,3.215676,8.193784,4.978378,,,,0.414884,,,0.423514,,,-0.171019,,0.255913,0.342165,,4.017297,0.441046,3.423784,0.761059,0.032776,0.728378,2.477414,,1.586216,2.701081,,1.637568,4.045135,3.95973,0.577286,0.45117,1.536486,0.143859,3.347568,0.277,0.815331,1.216182,,1.445135,0.135322,1.171351,0.135292,0.553514,0.063446,,,,,2.444865,3.120541,1.743784,2.33973,,0.208641,2.255313,0.252122,2.51375,0.424153,0.516028,0.106791,0.181109,3.412188,0.279547,2.128438,0.320544,0.080735,0.307639,,,,,,,,,,,,,,,,,,,,,,,,,,,,,,,,,,,,,,,,5.15625,3.25,,7.8125,6.25,,5.46875,,6.09375,,2.8125,,0.3125,0.8125,2.0,,7.375,7.8125,9.09375,,1.53125,1.875,,5.324324324,2.540540541,3.081081081,5.709189189,6.773333333,5.921351351,0.5135135135,0.1351351351,0.3513513514
STDEV.P,,,,,,,,,,,,,,,2.809002646,7.148630284,1.316169518,0.7177531205,12264.10646,0.5387980984,0.9871271388,,0.785180489,0.5012766754,0.5859319835,0.7480190542,0.3105168998,1.052320126,0.5128017827,1.106458891,,2.948548317,1.809802059,1.347562255,1.597569374,1.73394756,0.2261243315,,0.75192,1.96388,1.82307,0.64299,0.16216,0.32432,1.94219,1.69905,0.4358,1.46196,0.82687,,2.20763,0.8251,0.41343,,2.412372782,2.649971815,2.646993416,8.474169061,9.082850535,,0.5306300953,0.3421109223,0.3685995053,1.376522333,,0.267272,,,0.298126,,0.460505,0.493085,0.055291,,0.089749,0.019493,0.24336,0.026546,0.275865,0.433831,0.173631,0.07893,0.014134,0.071665,0.014665,0.077162,0.014518,,,,,0.648814,0.491707,0.449031,0.715411,,,,0.019841,,,0.027034,,,0.039388,,0.025976,0.053568,,0.258223,0.02639,0.244699,0.051025,0.017425,0.059554,0.34794,,0.551751,0.375001,,0.583162,0.342697,0.292718,0.082227,0.051781,0.362045,0.029339,0.502402,0.037172,0.16145,0.215822,,0.288955,0.018361,0.200178,0.025724,0.113738,0.025549,,,,,0.479553,0.574823,0.242992,0.345844,,0.032916,0.571374,0.031601,0.642251,0.045788,0.070251,0.015237,0.026859,0.40063,0.032351,0.319229,0.040543,0.033656,0.041362,,,,,,,,,,,,,,,,,,,,,,,,,,,,,,,,,,,,,,,,1.227532459,0.8660254038,,0.9499177596,0.8291561976,,0.7899515412,,0.9797759629,,0.768012858,,0.4635124054,0.6817945072,0.9682458366,,1.165922382,0.9822646028,0.6782042004,,0.6606992035,0.6959705454,,1.560562166,0.8881987419,1.171240469,1.21599115,1.942911618,1.890015247,0.4998173516,0.3418678552,0.4773924793
,,,,,,,,,,,,,,,,,,,,,,,,,,,,,,,,,,,,,,,,,,,,,,,,,,,,,,,,,,,,,,,,,,,,,,,,,,,,,,,,,,,,,,,,,,,,,,,,,,,,,,,,,,,,,,,,,,,,,,,,,,,,,,,,,,,,,,,,,,,,,,,,,,,,,,,,,,,,,,,,,,,,,,,,,,,,,,,,,,,,,,,,,,,,,,,,,,,,,,,,,,,,,,,,,,,,,,,,,,,,,,,,,,,,,,,,
TAR1,The Amazing Race 1,1.0,"March 8, 2001 - April 8, 2001",4.0,8.0,2001.0,1.0,"September 5, 2001 - December 13, 2001",12.0,13.0,2001.0,1.0,1.0,"United States → South Africa → Zambia → France → Tunisia, → Italy → India → Thailand → China → United States",9.0,24.0,4.0,13,35000,11,13,1.0,4,0,0,4,0,1,0,3,,10,5,5,4,5,0,,0,0,0,0,0,0,0,0,0,0,0,,0,0,0,,35.91,11.27,21.0,65.0,44.0,,3.32,2.58,0.0,9.0,,5.48049,,,5.41,,7.36,7.36,-0.329,,1.18,0.118,3.55,0.3099,1.53744,1.81818,4.12346,1.18,0.0922,1,0.1086,0.36,0.0371,,,,,3.43,3.55,8.09,4.55,,,,0.40006,,,0.41576,,,-0.1999,,0.23797,0.28247,,4,0.4284,3.36,0.71299,0.05628,0.65671,2.53797,,1.48,2.55,,1.55,4.44,4.44,0.6157,0.4633,1.64,0.1475,4.31,0.3287,0.82264,1.05038,,2.08,0.16,1.48,0.1687,0.64,0.0613,,,,,2.32,3,2.11,2.31,,0.22298,2.52,0.24054,2.47,0.446,0.5574,0.10607,0.19353,4.35,0.3162,2.35,0.31508,0.11981,0.28518,,,,,,,,,,,,,,,,,,,,,,,,,,,,,,,,,,,,,,,,5.0,3.0,,6.0,5.0,,4.0,,4.0,,3.0,,1.0,2.0,3.0,,5.0,7.0,9.0,,2.0,2.0,,5,3,3,6.8,8.0,2.67,0,0,1
TAR2,The Amazing Race 2,2.0,"January 8, 2002 - February 5, 2002",2.0,5.0,2002.0,2.0,"March 11, 2002 - May 15, 2002",5.0,15.0,2002.0,2.0,2.0,United States → Brazil → South Africa → Namibia → Thailand → Hong Kong → Australia → New Zealand → United States,8.0,27.0,5.0,13,52000,11,11,2.0,4,0,0,4,0,2,1,1,,11,6,5,6,6,0,,0,0,0,0,0,0,0,0,0,0,0,,0,0,0,,35.73,11.81,21.0,65.0,44.0,,2.77,2.43,0.0,8.0,,5.3361,,,5.27,,7.36,7.36,-0.3056,,1.27,0.1266,3.55,0.3467,1.84966,2.20455,4.08642,1.09,0.1073,1,0.114,0.36,0.0292,,,,,4,2.91,8.36,5.45,,,,0.42394,,,0.42161,,,-0.167,,0.27829,0.36941,,4.09,0.458,3.27,0.80202,0.01818,0.78384,2.51012,,0.85,2.56,,1.75,4.44,4.44,0.6143,0.4701,1.21,0.106,3.6,0.2764,0.82067,1.19096,,1.16,0.1015,1.04,0.1136,0.64,0.0508,,,,,1.2,3.29,1.61,2.39,,0.19841,2.76,0.21589,3.05,0.3898,0.468,0.11648,0.17385,3.55,0.2822,2.09,0.34029,0.0575,0.33452,,,,,,,,,,,,,,,,,,,,,,,,,,,,,,,,,,,,,,,,7.0,4.0,,8.0,7.0,,6.0,,6.0,,3.0,,0.0,1.0,1.0,,8.0,9.0,9.0,,1.0,2.0,,4,3,4,5.5,8.67,4.5,0,0,1
TAR3,The Amazing Race 3,3.0,"August 9, 2002 - September 7, 2002",7.0,7.0,2002.0,3.0,"October 2, 2002 - December 18, 2002",12.0,18.0,2002.0,3.0,3.0,United States → Mexico → United Kingdom → Portugal → Spain → Morocco → Germany → Austria → Germany → Switzerland → Malaysia → Singapore → Vietnam → United States,12.0,40.0,4.0,13,41000,12,11,3.0,3,0,0,3,1,2,1,0,,9,6,3,5,5,1,,0,0,0,0,0,0,0,0,0,0,0,,0,0,0,,31.38,8.12,21.0,50.0,29.0,,2.92,2.78,0.0,10.0,,5.99065,,,5.88,,7.33,7.33,-0.3347,,1.08,0.0899,3.25,0.298,1.6354,1.91667,4.48864,1.08,0.0975,0.92,0.0921,0.25,0.0212,,,,,3.75,3.83,8.75,4.92,,,,0.40161,,,0.41207,,,-0.1994,,0.2518,0.31626,,4.08,0.4295,3.25,0.73582,0.00833,0.72749,2.88656,,1.38,3.05,,1.36,4.31,4.31,0.6432,0.4819,1.44,0.1209,3.79,0.2927,0.85686,1.22616,,1.61,0.1261,1.32,0.1245,0.6,0.0486,,,,,2.54,3.76,2.05,2.84,,0.20259,2.2,0.23179,2.69,0.4039,0.5044,0.10695,0.18488,3.66,0.2998,1.83,0.33932,0.02764,0.33392,,,,,,,,,,,,,,,,,,,,,,,,,,,,,,,,,,,,,,,,5.0,4.0,,8.0,6.0,,6.0,,5.0,,2.0,,0.0,1.0,2.0,,8.0,9.0,9.0,,1.0,2.0,,6,2,4,5.67,10.5,5.75,1,0,0
TAR4,The Amazing Race 4,4.0,"January 18, 2003 - February 14, 2003",2.0,14.0,2003.0,4.0,"May 29, 2003 - August 21, 2003",8.0,21.0,2003.0,4.0,4.0,United States → Italy → Austria → France → Netherlands → India → Malaysia → South Korea → Australia → United States,9.0,24.0,4.0,13,44000,12,13,4.0,3,0,0,3,0,2,0,0,,11,7,4,6,7,0,,0,0,0,0,0,0,0,0,0,0,0,,0,0,0,,33.96,7.14,21.0,49.0,28.0,,2.92,2.66,0.0,10.0,,5.55743,,,5.38,,7.25,7.25,-0.2493,,1.25,0.1829,3.25,0.3557,2.46024,3.20833,4.44828,1.08,0.0983,0.92,0.1118,0.25,0.0192,,,,,2.89,2.5,9.5,7,,,,0.44256,,,0.41966,,,-0.1229,,0.31108,0.46466,,3.92,0.4489,3.33,0.86,0.02,0.84074,2.38492,,1.83,2.67,,1.26,4.26,4.26,0.536,0.4288,1.09,0.1686,3.09,0.2302,1.20473,1.98388,,1.66,0.1378,0.86,0.1251,0.6,0.0458,,,,,2.13,3.3,1.38,2.77,,0.16468,2.94,0.18613,3.49,0.3264,0.3721,0.12359,0.21495,3.09,0.2238,1.65,0.31,0.06,0.30386,,,,,,,,,,,,,,,,,,,,,,,,,,,,,,,,,,,,,,,,9.0,4.0,,10.0,6.0,,5.0,,7.0,,2.0,,0.0,0.0,0.0,,10.0,10.0,10.0,,1.0,1.0,,5,2,5,8.0,6.5,5.0,0,0,1
TAR5,The Amazing Race 5,5.0,"January 30, 2004 - February 27, 2004",2.0,27.0,2004.0,5.0,"July 6, 2004 - September 21, 2004",9.0,21.0,2004.0,5.0,5.0,United States → Uruguay → Argentina → Russia → Egypt → Kenya → Tanazania → United Arab Emirates → India → New Zealand → Philippines → Canada → United States,11.0,31.0,6.0,13,72000,11,12,5.0,4,0,0,4,0,4,0,0,,2,1,0,1,1,0,,0,0,0,0,0,0,0,0,0,0,0,,11,1,0,,32.95,11.83,21.0,61.0,40.0,,3.23,3.41,0.0,11.0,,5.20468,,,5.09,,7.64,7.64,-0.2489,,1.18,0.1294,3.55,0.3738,2.04273,2.45455,4.16667,1.18,0.1182,1.09,0.127,0.36,0.0306,,,,,3.25,2.82,8.18,5.36,,,,0.43408,,,0.43348,,,-0.1318,,0.28571,0.37466,,4.18,0.4846,3.45,0.79394,0.0202,0.77374,2.26258,,1.81,2.65,,1.4,4.52,4.52,0.5431,0.4351,1.95,0.19,3.45,0.2434,1.0686,1.22853,,1.27,0.1342,1.38,0.1528,0.48,0.0409,,,,,1.92,2.76,1.59,2.19,,0.19366,2.63,0.2462,2.75,0.3873,0.4461,0.11377,0.1888,3.21,0.2313,2.19,0.27729,0.06388,0.26952,,,,,,,,,,,,,,,,,,,,,,,,,,,,,,,,,,,,,,,,4.0,3.0,,9.0,6.0,,6.0,,7.0,,4.0,,0.0,0.0,2.0,,8.0,9.0,10.0,,1.0,1.0,,7,3,1,5.52,5.0,7.0,1,0,0
TAR6,The Amazing Race 6,6.0,"August 13, 2004 - September 12, 2004",9.0,12.0,2004.0,6.0,"November 16, 2004 - February 8, 2005",2.0,8.0,2005.0,6.0,6.0,United States → Iceland → Norway → Sweden → Senegal → Germany → Hungary → France → Ethiopia → Sri Lanka → China → United States,11.0,24.0,4.0,12,40000,11,13,6.0,3,1,0,4,0,3,1,1,,2,2,0,2,2,0,,0,0,0,0,0,0,0,0,0,0,0,,3,2,0,,34.32,12.1,23.0,69.0,46.0,,3.32,2.19,0.0,6.0,,5.62695,,,5.77,,7.36,8,-0.3135,,1.18,0.0953,3.55,0.3415,1.57133,2.25,4.28409,1.18,0.1089,1.09,0.1356,0.36,0.0418,,,,,4.67,3.45,8,4.55,,,,0.39674,,,0.40776,,,-0.2065,,0.24503,0.34233,,4.27,0.4101,3.73,0.74141,0.04545,0.69596,2.63967,,1.48,2.86,,1.5,4.43,4.01,0.6162,0.4689,1.59,0.1261,3.11,0.246,0.80874,1.32716,,1.4,0.1228,1.08,0.1203,0.48,0.063,,,,,2.75,3.37,1.86,2.31,,0.2249,1.81,0.27395,1.93,0.4498,0.5669,0.10499,0.18552,3.84,0.3159,2.63,0.34099,0.10276,0.32145,,,,,,,,,,,,,,,,,,,,,,,,,,,,,,,,,,,,,,,,5.0,3.0,,8.0,7.0,,6.0,,8.0,,4.0,,0.0,1.0,3.0,,8.0,8.0,8.0,,2.0,3.0,,8,2,1,4.5,9.5,11.0,1,0,0
TAR7,The Amazing Race 7,7.0,"November 20, 2004 - December 19, 2004",12.0,19.0,2004.0,7.0,"March 1, 2005 - May 10, 2005",5.0,10.0,2005.0,7.0,7.0,United States → Peru → Chile → Argentina → South Africa → Botswana → India → Turkey → United Kingdom → Jamica → United States (Puerto Rico) → United States,10.0,25.0,5.0,12,40000,11,12,7.0,3,1,0,4,0,3,1,0,,2,2,0,2,2,0,,0,0,0,0,0,0,0,0,0,0,0,,3,1,0,,34.23,13.01,22.0,69.0,47.0,,3.14,2.22,0.0,6.0,,5.45308,,,5.5,,7,7.45,-0.311,,1.18,0.1255,3.55,0.3504,1.74389,1.86364,4.15854,1.18,0.1139,1,0.1116,0.36,0.0305,,,,,4.5,2.91,8.09,5.18,,,,0.40691,,,0.43081,,,-0.1862,,0.26301,0.32549,,4.09,0.4121,3.36,0.78398,0.0303,0.75368,2.55865,,1.65,2.84,,1.42,4.4,3.95,0.6153,0.4695,1.53,0.1358,4.05,0.29,0.90422,1.14992,,1.75,0.1416,0.95,0.1085,0.64,0.0561,,,,,2.45,3.4,1.88,2.66,,0.21084,2.37,0.26115,1.93,0.4217,0.5181,0.11511,0.18404,3.92,0.2815,2.01,0.33955,0.09583,0.33374,,,,,,,,,,,,,,,,,,,,,,,,,,,,,,,,,,,,,,,,6.0,3.0,,9.0,5.0,,6.0,,7.0,,3.0,,0.0,2.0,2.0,,8.0,8.0,9.0,,1.0,2.0,,6,2,3,4.17,9.5,7.33,1,0,0
TAR8,The Amazing Race: Family Edition,8.0,"July 7, 2005 - July 31, 2005",7.0,31.0,2005.0,8.0,"September 27, 2005 - December 13, 2005",12.0,13.0,2005.0,8.0,8.0,United States → Panama → Costa Rica → Canada → United States,4.0,50.0,1.0,11,11000,10,11,8.0,3,2,0,5,0,3,0,2,,2,1,1,1,1,0,,0,0,0,0,0,0,0,0,0,0,0,,3,2,0,,29.4,13.46,8.0,57.0,49.0,,1.98,1.77,0.0,5.0,,4.98261,,,5.05,,6.7,7.4,-0.3264,,1.3,0.1138,3.9,0.3477,1.62403,1.95,3.75676,1.3,0.1138,1.1,0.1225,0.5,0.0413,,,,,4.43,2.9,7.6,4.7,,,,0.40563,,,0.38895,,,-0.1887,,0.27683,0.37994,,4,0.4594,3.4,0.77699,0.01111,0.76587,2.20578,,0.63,2.46,,0.87,4.59,3.8,0.5871,0.4429,1.62,0.136,4.09,0.3005,0.67307,1.08858,,1.85,0.1428,1.04,0.1496,0.81,0.0675,,,,,2.44,2.74,1.43,2.1,,0.18785,1.55,0.20028,1.84,0.3757,0.4631,0.10519,0.23328,3.38,0.2374,2.01,0.30947,0.03333,0.3032,,,,,,,,,,,,,,,,,,,,,,,,,,,,,,,,,,,,,,,,5.0,4.0,,7.0,5.0,,5.0,,6.0,,3.0,,0.0,1.0,2.0,,6.0,7.0,9.0,,1.0,1.0,,8,1,1,5.38,4.0,8.0,1,0,0
TAR9,The Amazing Race 9,9.0,"November 7, 2005 - December 3, 2005",12.0,3.0,2005.0,9.0,"February 28, 2006 - May 17, 2006",5.0,17.0,2006.0,9.0,9.0,United States → Brazil → Russia → Germany → Italy → Greece → Oman → Australia → Thailand → Japan → United States,10.0,35.0,5.0,12,59000,11,12,9.0,3,1,0,4,0,3,1,1,,2,2,0,2,2,0,,0,0,0,0,0,0,0,0,0,0,0,,2,2,1,,33.59,11.92,22.0,63.0,41.0,,3.23,2.09,0.0,6.0,,5.69903,,,5.45,,6.82,7.64,-0.337,,1.18,0.094,3.55,0.3125,1.34856,1.52273,4.2619,1.18,0.1007,1,0.1322,0.36,0.0361,,,,,4.33,3.82,8,4.18,,,,0.38867,,,0.42569,,,-0.2227,,0.22457,0.29798,,4.18,0.4043,3.45,0.69545,0.02273,0.67273,2.78288,,0.85,2.97,,0.57,4.25,4,0.6531,0.4883,2.08,0.1601,4.16,0.3175,0.75964,1.14045,,1.9,0.1506,1.13,0.1506,0.64,0.0625,,,,,2.83,3.49,2,2.41,,0.232,1.41,0.28108,1.81,0.464,0.5969,0.10982,0.17075,3.93,0.302,1.88,0.3524,0.07187,0.33986,,,,,,,,,,,,,,,,,,,,,,,,,,,,,,,,,,,,,,,,4.0,2.0,,7.0,5.0,,4.0,,7.0,,3.0,,1.0,2.0,2.0,,7.0,8.0,8.0,,1.0,3.0,,5,3,3,5.0,9.0,4.67,0,0,1
TAR10,The Amazing Race 10,10.0,"May 27, 2006 - June 24, 2006",6.0,24.0,2006.0,11.0,"September 17, 2006 - December 10, 2006",12.0,10.0,2006.0,10.0,10.0,United States → China → Mongolia → Vietnam → India → Kuwait → Mauritius → Madagascar → Finland → Ukraine → Morocco → Spain → France → United States,13.0,28.0,4.0,12,40000,12,13,10.0,3,1,0,4,0,1,1,3,,3,3,0,1,3,0,,0,0,0,0,0,0,0,0,0,0,0,,2,1,0,,31.42,6.96,22.0,52.0,30.0,,3.42,2.27,0.0,7.0,,5.84439,,,5.71,,6.75,7.17,-0.3662,,1.08,0.1053,3.25,0.3318,1.67455,1.58333,4.27907,1.08,0.1143,1,0.0959,0.33,0.0361,,,,,4.13,3.58,8.58,5,,,,0.40591,,,0.44489,,,-0.1882,,0.24385,0.26556,,3.83,0.4393,3.33,0.7399,0.0423,0.6976,3.00271,,2.14,3.25,,2.66,4.71,4.26,0.7016,0.5132,1.44,0.1301,3.74,0.3222,0.85947,1.20041,,1.44,0.1346,1.29,0.1104,0.62,0.0729,,,,,2.37,3.84,1.85,2.61,,0.22825,2.38,0.29344,3,0.4565,0.5623,0.12238,0.13881,3.67,0.3003,2.69,0.34782,0.08014,0.34521,,,,,,,,,,,,,,,,,,,,,,,,,,,,,,,,,,,,,,,,6.0,4.0,,8.0,6.0,,6.0,,6.0,,3.0,,0.0,0.0,2.0,,7.0,7.0,10.0,,3.0,1.0,,5,3,4,7.0,5.67,6.5,0,0,1
TAR11,The Amazing Race: All-Stars (2007),11.0,"November 20, 2006 - December 17, 2006",12.0,17.0,2006.0,12.0,"February 18, 2007 - May 6, 2007",5.0,6.0,2007.0,12.0,11.0,United States → Ecuador → Chile → Argentina → Mozambique → Tanazania → Poland → Malaysia → China (Hong Kong) → China (Macau) → United States (Guam) → United States,9.0,30.0,6.0,13,45000,11,13,11.0,4,0,0,4,0,2,0,2,,3,3,0,3,3,0,,0,0,0,0,0,0,0,0,0,0,0,,2,2,0,,36.64,10.12,23.0,56.0,33.0,,3.14,2.2,0.0,6.0,,5.50233,,,5.18,,7.64,7.64,-0.3204,,1.27,0.15,3.55,0.3653,1.39055,2,4.16667,1.09,0.0893,1.09,0.1506,0.36,0.036,,,,,5.1,3.82,7.64,3.82,,,,0.40687,,,0.43674,,,-0.1901,,0.23948,0.32046,,4.09,0.4203,3.55,0.71616,0.03896,0.6772,2.89534,,2.41,3.25,,2.68,4.48,4.48,0.6949,0.5264,1.42,0.2162,2.93,0.2663,0.98908,1.55943,,1.38,0.1113,1.44,0.1715,0.48,0.0491,,,,,3.18,3.88,1.72,2.55,,0.24626,2.7,0.30156,3.07,0.4902,0.6052,0.13142,0.1809,3.5,0.2988,2.27,0.38767,0.12321,0.37862,,,,,,,,,,,,,,,,,,,,,,,,,,,,,,,,,,,,,,,,6.0,4.0,,8.0,7.0,,5.0,,6.0,,4.0,,0.0,1.0,3.0,,8.0,8.0,8.0,,1.0,3.0,,6,2,3,6.83,2.5,6.67,1,0,0
TAR12,The Amazing Race 12,12.0,"July 8, 2007 - July 29, 2007",7.0,29.0,2007.0,14.0,"November 4, 2007 - January 20, 2008",1.0,20.0,2008.0,13.0,12.0,United States → Ireland → Netherlands → Burkina Faso → Lithuania → Croatia → Italy → India → Japan → China (Taiwan) → United States,10.0,10.0,4.0,11,30000,11,11,12.0,2,0,0,2,0,1,0,1,,2,1,1,1,1,0,,2,0,2,0,0,0,2,2,0,2,1,,0,0,0,,31.5,14.19,21.0,68.0,47.0,,3.23,1.91,0.0,6.0,,5.50241,,,5.5,,6.55,6.55,-0.2903,,1,0.126,3,0.332,1.67623,2.18182,4.26389,1,0.1035,0.91,0.0988,0.18,0.0196,,,,,3.89,3.45,8.18,4.73,,,,0.41022,,,0.41865,,,-0.1796,,0.26081,0.36767,,3.55,0.426,3,0.74545,0.01,0.73535,2.61084,,1.91,2.82,,1.72,3.65,3.65,0.6123,0.4747,1.28,0.1637,2.73,0.2475,0.79448,1.31465,,1.35,0.1453,1.24,0.1239,0.39,0.0423,,,,,2.85,3.37,1.75,2.6,,0.20755,2.17,0.23646,2.34,0.4151,0.5059,0.11515,0.19907,2.84,0.2952,1.71,0.34291,0.03,0.33684,,,,,,,,,,,,,,,,,,,,,,,,,,,,,,,,,,,,,,,,5.0,3.0,,8.0,6.0,,5.0,,5.0,,2.0,,0.0,1.0,2.0,,8.0,8.0,8.0,,1.0,3.0,,7,3,1,5.29,8.67,3.0,1,0,0
TAR13,The Amazing Race 13,13.0,"April 22, 2008 - May 14, 2008",5.0,14.0,2008.0,15.0,"September 28, 2008 - December 7, 2008",12.0,7.0,2008.0,16.0,13.0,United States → Brazil → Bolivia → New Zealand → Cambodia → India → Kazakhstan → Russia → United States,8.0,18.0,5.0,11,40000,11,11,13.0,2,0,0,2,0,2,0,0,,2,2,0,2,2,0,,2,0,2,0,0,0,2,0,1,0,0,,0,0,0,,33.86,13.02,21.0,63.0,42.0,,2.59,1.7,0.0,6.0,,5.56505,,,5.32,,6.64,6.64,-0.2978,,1,0.0917,3,0.3278,1.5269,1.86364,4.28767,1,0.1241,0.91,0.1262,0.18,0.0165,,,,,3.86,3.55,7.91,4.36,,,,0.40628,,,0.42222,,,-0.1874,,0.2321,0.28554,,3.55,0.4409,3.09,0.7004,0.0303,0.67009,2.70576,,1.81,3.13,,1.62,3.65,3.65,0.6311,0.4867,2.09,0.1899,3.16,0.3052,0.796,1.08378,,1.28,0.1416,1.16,0.1607,0.39,0.0351,,,,,2.29,3.23,1.88,2.1,,0.23955,2.09,0.30272,2.7,0.4791,0.5896,0.1008,0.17788,3.17,0.3056,2.43,0.31453,0.09583,0.29992,,,,,,,,,,,,,,,,,,,,,,,,,,,,,,,,,,,,,,,,3.0,2.0,,7.0,6.0,,6.0,,6.0,,2.0,,0.0,1.0,4.0,,6.0,6.0,9.0,,1.0,2.0,,7,2,2,5.71,7.0,6.0,1,0,0
TAR14,The Amazing Race 14,14.0,"October 31, 2008 - November 21, 2008",11.0,21.0,2008.0,17.0,"February 15, 2009 - May 10, 2009",5.0,10.0,2009.0,17.0,14.0,United States → Switzerland → Germany → Austria → Romania → Russia → India → Thailand → China → United States,9.0,20.0,3.0,11,40000,11,12,14.0,2,1,0,3,0,0,0,3,,1,0,1,0,0,0,,2,0,2,1,0,0,2,2,0,2,2,,0,0,0,,37.14,12.42,22.0,68.0,46.0,,3.32,1.94,0.0,6.0,,5.49088,,,5.36,,6.82,7.18,-0.2949,,1.09,0.1046,3.27,0.3346,1.62244,1.97727,4.24051,1.09,0.1176,1,0.1056,0.27,0.0335,,,,,3.86,3.27,8.09,4.82,,,,0.40983,,,0.41506,,,-0.1803,,0.25033,0.3007,,3.91,0.4616,3.27,0.76641,0.03409,0.73232,2.61762,,1.5,2.66,,1.66,4.06,3.66,0.6174,0.4769,1.5,0.1276,3.33,0.2766,0.76521,1.00823,,1.16,0.118,1.13,0.1235,0.45,0.0572,,,,,1.81,3.41,1.88,2.55,,0.22245,2.26,0.27614,2.95,0.4449,0.5428,0.10419,0.14226,3.32,0.3025,2.34,0.34284,0.07707,0.32796,,,,,,,,,,,,,,,,,,,,,,,,,,,,,,,,,,,,,,,,6.0,2.0,,8.0,7.0,,6.0,,5.0,,3.0,,1.0,1.0,2.0,,8.0,8.0,9.0,,2.0,2.0,,6,3,2,7.0,4.33,5.5,1,0,0
TAR15,The Amazing Race 15,15.0,"July 18, 2009 - August 7, 2009",8.0,7.0,2009.0,18.0,"September 27, 2009 - December 6, 2009",12.0,6.0,2009.0,18.0,15.0,United States → Japan → Vietnam → Cambodia → United Arab Emirates → Netherlands → Sweden → Estonia → Czech Republic → United States,9.0,20.0,3.0,12,25000,12,11,15.0,3,0,0,3,0,2,0,1,,1,1,0,1,1,0,,1,0,1,0,0,0,1,1,1,0,0,,0,0,0,,31.67,10.9,21.0,60.0,39.0,,3.42,2.14,0.0,6.0,,6.01121,,,5.83,,7,7,-0.3117,,1,0.0869,3,0.2883,1.79744,1.77083,4.58333,1,0.1028,0.92,0.1062,0.25,0.0281,,,,,3.86,3.67,9.17,5.5,,,,0.40016,,,0.40365,,,-0.1997,,0.23812,0.31044,,3.75,0.3998,3.25,0.73683,0.0625,0.67433,2.78155,,1.62,3.11,,0.99,3.94,3.94,0.6069,0.4629,1.96,0.164,3.56,0.2911,0.7364,1.22669,,1.47,0.1315,1.19,0.1249,0.43,0.0502,,,,,1.96,3.37,1.86,2.43,,0.22111,2.08,0.25583,1.41,0.4422,0.5525,0.09809,0.15666,3.9,0.3112,1.96,0.31387,0.14878,0.29624,,,,,,,,,,,,,,,,,,,,,,,,,,,,,,,,,,,,,,,,4.0,3.0,,8.0,5.0,,6.0,,6.0,,3.0,,0.0,0.0,2.0,,8.0,9.0,9.0,,2.0,2.0,,7,1,4,7.43,6.0,5.0,1,0,0
TAR16,The Amazing Race 16,16.0,"November 28, 2009 - December 19, 2009",12.0,19.0,2009.0,19.0,"February 14, 2010 - May 9, 2010",5.0,9.0,2010.0,19.0,16.0,United States → Chile → Argentina → Germany → France → Seychelles → Malaysia → Singapore → China → United States,9.0,24.0,5.0,12,40000,11,11,16.0,3,0,0,3,0,2,1,1,,1,1,0,1,1,0,,2,0,2,1,0,0,2,2,0,2,2,,0,0,0,,36.09,12.46,20.0,71.0,51.0,,3.45,2.04,0.0,7.0,,5.39897,,,5.36,,7.36,7.36,-0.2529,,1.09,0.1043,3.27,0.356,1.76697,2.25,4.30864,1.09,0.1407,1,0.1334,0.27,0.031,,,,,5.5,3,8.09,5.09,,,,0.42467,,,0.40696,,,-0.1506,,0.26367,0.33125,,3.91,0.4669,3.45,0.79293,0.01818,0.77475,2.5395,,1.93,2.66,,2.81,4.01,4.01,0.5895,0.4704,1.31,0.1144,2.63,0.2205,0.94189,1.27029,,1,0.13,1.13,0.1535,0.45,0.0543,,,,,2.87,3.57,1.5,2.61,,0.21075,3.3,0.23984,3.64,0.4215,0.4963,0.11868,0.19773,2.94,0.2902,2.61,0.35528,0.0575,0.34928,,,,,,,,,,,,,,,,,,,,,,,,,,,,,,,,,,,,,,,,6.0,3.0,,9.0,7.0,,7.0,,6.0,,3.0,,0.0,0.0,2.0,,9.0,9.0,9.0,,1.0,2.0,,5,3,3,7.0,8.0,2.33,0,0,1
TAR17,The Amazing Race 17,17.0,"May 26, 2010 - June 15, 2010",6.0,15.0,2010.0,21.0,"September 26, 2010 - December 12, 2010",12.0,12.0,2010.0,22.0,17.0,United States → United Kingdom → Ghana → Sweden → Norway → Russia → Oman → Bandladesh → China (Hong Kong) → South Korea → United States,10.0,30.0,4.0,12,32000,11,12,17.0,3,0,0,3,0,2,0,1,,1,1,0,1,1,0,,0,2,2,0,0,0,2,2,0,2,1,,0,0,0,,30.82,10.46,20.0,58.0,38.0,,3.73,2.09,0.0,7.0,,5.47223,,,5.18,,7.55,7.55,-0.2445,,1.09,0.1086,3.27,0.3429,1.86779,2.86364,4.39759,1.09,0.1136,1,0.1073,0.27,0.0295,,,,,4.75,3.09,8.64,5.55,,,,0.42242,,,0.45029,,,-0.1552,,0.26498,0.44152,,4.09,0.4539,3.45,0.77197,0.03409,0.73788,2.43764,,1.86,2.59,,1.77,3.89,3.89,0.5543,0.4456,1.68,0.1467,2.86,0.2279,0.85305,1.37908,,1.31,0.1324,1.04,0.1061,0.62,0.0632,,,,,2.73,3.34,1.37,2.54,,0.20303,2.45,0.23002,2.98,0.4061,0.4806,0.11036,0.20534,2.84,0.2433,1.78,0.33137,0.07707,0.31654,,,,,,,,,,,,,,,,,,,,,,,,,,,,,,,,,,,,,,,,5.0,2.0,,9.0,8.0,,6.0,,6.0,,2.0,,0.0,0.0,1.0,,9.0,9.0,9.0,,2.0,2.0,,4,4,3,4.5,5.25,9.0,0,1,0
TAR18,The Amazing Race: Unfinished Buisness,18.0,"November 20, 2010 - December 12, 2010",12.0,12.0,2010.0,24.0,"February 20, 2011 - May 8, 2011",5.0,8.0,2011.0,23.0,18.0,United States → Australia → Japan → China → India → Austria → Liechtenstein → Switzerland → Brazil → United States,9.0,23.0,5.0,12,40000,11,11,18.0,1,0,2,3,0,3,0,0,,0,0,0,0,0,0,,0,4,4,0,1,0,5,3,0,3,2,,0,0,0,,35.18,12.23,25.0,70.0,45.0,,3.68,1.94,0.0,6.0,,5.30092,,,5.59,,8.09,8.09,-0.1394,,1.09,0.1038,3.27,0.3531,2.3383,3.02273,4.65169,1.09,0.1345,1,0.107,0.27,0.0268,,,,,5,2.36,9,6.64,,,,0.4576,,,0.45732,,,-0.0848,,0.29582,0.44185,,4.36,0.4933,3.73,0.84343,0.03896,0.80447,1.71371,,1.5,1.83,,1.5,3.53,3.53,0.3684,0.3234,1.31,0.1172,2.56,0.2044,0.8486,0.97383,,1.16,0.1541,1.13,0.1061,0.45,0.0441,,,,,2.31,1.87,1.54,1.97,,0.14095,2.13,0.15955,2.41,0.2819,0.308,0.08849,0.18678,2.99,0.1732,1.6,0.2022,0.08808,0.1909,,,,,,,,,,,,,,,,,,,,,,,,,,,,,,,,,,,,,,,,6.0,3.0,,9.0,8.0,,6.0,,6.0,,3.0,,0.0,0.0,1.0,,8.0,8.0,11.0,,2.0,0.0,,5,2,4,6.8,5.0,5.5,0,1,0
TAR19,The Amazing Race 19,19.0,"June 18, 2011 - July 10, 2011",7.0,10.0,2011.0,26.0,"September 25, 2011 - December 11, 2011",12.0,11.0,2011.0,26.0,19.0,United States → China (Taiwan) → Indonesia → Thailand → Malawi → Denmark → Germany → Belgium → Netherlands → Panama → United States,10.0,20.0,5.0,12,35000,11,12,19.0,3,0,1,4,0,2,0,2,,0,0,0,0,0,0,,0,4,4,0,0,0,4,3,0,2,1,,0,0,0,,35.73,11.08,19.0,63.0,44.0,,4.18,2.21,0.0,7.0,,5.35731,,,5.27,,7.64,7.64,-0.2099,,1.09,0.095,3.27,0.3286,2.08523,2.56818,4.42857,1.09,0.1123,1,0.1083,0.36,0.0439,,,,,4.78,2.73,8.45,5.73,,,,0.43818,,,0.43891,,,-0.1236,,0.27882,0.34721,,4.18,0.4751,3.45,0.81948,0.05238,0.77,2.09902,,1.98,2.65,,1.68,3.89,3.89,0.4739,0.3915,1.83,0.1639,2.99,0.2458,0.51619,0.954,,1.24,0.1244,1.21,0.1363,0.64,0.0773,,,,,2.74,2.09,1.92,1.66,,0.18015,2.41,0.26341,2.73,0.3603,0.4111,0.05758,0.13609,3.24,0.2491,2.1,0.20722,0.10061,0.2,,,,,,,,,,,,,,,,,,,,,,,,,,,,,,,,,,,,,,,,4.0,3.0,,8.0,7.0,,5.0,,5.0,,3.0,,0.0,1.0,2.0,,8.0,9.0,10.0,,3.0,1.0,,6,2,3,4.67,8.5,7.0,1,0,0
TAR20,The Amazing Race 20,20.0,"November 26, 2011 - December 19, 2011",12.0,19.0,2011.0,28.0,"February 19, 2012 - May 6, 2012",5.0,6.0,2012.0,27.0,20.0,United States → Argentina → Paraguay → Italy → Germany → Azerbaijan → Tanzania → India → Japan → United States,9.0,22.0,5.0,12,36000,11,11,20.0,3,0,0,3,0,1,0,2,,3,3,0,2,2,1,,0,2,2,0,0,0,2,2,0,2,0,,0,0,0,,33.45,6.43,25.0,45.0,20.0,,3.45,1.9,0.0,6.0,,5.70992,,,5.68,,7.45,7.45,-0.3226,,1.09,0.0924,3.27,0.3029,1.35143,1.52273,4.31707,1.09,0.1,1,0.1315,0.27,0.0295,,,,,4.33,4,8,4,,,,0.38896,,,0.38757,,,-0.2221,,0.21819,0.32152,,4,0.4073,3.45,0.68427,0.05682,0.62745,2.68771,,0.51,2.93,,0.83,4.05,4.05,0.6226,0.4707,2.35,0.1961,3.91,0.3328,0.76142,1.26785,,1.5,0.1271,1.35,0.143,0.62,0.0647,,,,,2.45,3.1,2,2.3,,0.24165,1.13,0.27512,1.59,0.4833,0.6213,0.09095,0.19072,3.79,0.2941,2.15,0.30793,0.12344,0.27236,,,,,,,,,,,,,,,,,,,,,,,,,,,,,,,,,,,,,,,,3.0,2.0,,6.0,6.0,,5.0,,7.0,,2.0,,1.0,1.0,3.0,,5.0,7.0,9.0,,2.0,2.0,,4,3,4,4.5,8.33,5.75,1,0,0
TAR21,The Amazing Race 21,21.0,"May 26, 2012 - June 16, 2012",6.0,16.0,2012.0,30.0,"September 30, 2012 - December 9, 2012",12.0,9.0,2012.0,30.0,21.0,United States → China → Indonesia → Bangladesh → Turkey → Russia → Netherlands → Spain → France → United States,9.0,21.0,3.0,12,25000,11,11,21.0,3,0,0,3,0,1,0,2,,2,2,0,2,2,0,,0,4,4,2,0,0,4,4,0,2,1,,0,0,0,,36.95,10.77,22.0,53.0,31.0,,4.18,2.23,1.0,7.0,,5.37202,,,5.23,,7.27,7.27,-0.2602,,1.09,0.1049,3.27,0.3615,1.80411,2.02273,4.2625,1.09,0.1364,1,0.1136,0.27,0.0272,,,,,4.5,3.09,8.18,5.09,,,,0.42157,,,0.45559,,,-0.1568,,0.27067,0.33857,,3.91,0.4411,3.36,0.78182,0.00909,0.77273,2.39406,,2.35,2.67,,2.14,4.07,4.07,0.5616,0.4458,1.08,0.1049,3.14,0.2594,1.04634,1.24979,,1.62,0.1856,1.76,0.1889,0.45,0.0454,,,,,1.87,3.23,1.85,2.68,,0.19802,2.95,0.2488,2.84,0.396,0.4697,0.12086,0.17064,3.12,0.2515,1.82,0.32702,0.02875,0.32218,,,,,,,,,,,,,,,,,,,,,,,,,,,,,,,,,,,,,,,,6.0,5.0,,8.0,6.0,,4.0,,4.0,,3.0,,0.0,1.0,3.0,,8.0,8.0,9.0,,1.0,2.0,,5,2,4,7.2,6.5,4.25,0,0,1
TAR22,The Amazing Race 22,22.0,"November 13, 2012 - December 7, 2012",12.0,7.0,2012.0,31.0,"February 17, 2013 - May 5, 2013",5.0,5.0,2013.0,31.0,22.0,United States → France/French Polynesia (Bora Bora) → New Zealand → Indonesia → Vietnam → Botswana → Switzerland → Germany → United Kingdom → United States,9.0,23.0,5.0,12,30000,11,11,22.0,2,0,1,3,0,3,0,0,,1,1,0,1,1,0,,0,4,4,2,0,0,4,4,0,4,1,,0,0,0,,31.95,9.02,21.0,58.0,37.0,,4.23,2.04,1.0,7.0,,5.23881,,,4.86,,7.64,7.64,-0.1894,,1.09,0.1327,3.27,0.3842,1.89231,2.29545,4.40476,1.09,0.129,1,0.0985,0.27,0.0265,,,,,3.63,3.09,8.64,5.55,,,,0.4497,,,0.4969,,,-0.1006,,0.25772,0.30963,,4.18,0.4866,3.45,0.74697,0.02273,0.72424,2.46271,,3.41,2.77,,3.41,3.94,3.94,0.5591,0.47,1.56,0.1611,2.73,0.2921,0.90042,1.41348,,1,0.1083,0.95,0.0913,0.45,0.0445,,,,,2.23,3.18,1.43,2.5,,0.22873,3.46,0.2799,3.86,0.4575,0.5086,0.11237,0.18402,2.76,0.2839,2.39,0.31597,0.07187,0.30578,,,,,,,,,,,,,,,,,,,,,,,,,,,,,,,,,,,,,,,,5.0,3.0,,9.0,7.0,,7.0,,7.0,,3.0,,0.0,0.0,1.0,,7.0,7.0,9.0,,1.0,2.0,,4,3,4,5.5,4.67,7.5,0,0,1
TAR23,The Amazing Race 23,23.0,"June 9, 2013 - July 2, 2013",7.0,2.0,2013.0,33.0,"September 29, 2013 - December 8, 2013",12.0,8.0,2013.0,33.0,23.0,United States → Chile → Portugal → Norway → Poland → Austria → United Arab Emirates → Indonesia → Japan → United States,9.0,21.0,4.0,12,35000,11,11,23.0,2,0,1,3,0,1,0,2,,1,0,0,0,0,0,,0,4,4,0,0,0,4,4,0,4,2,,0,0,0,,33.68,9.75,22.0,60.0,38.0,,4.14,2.14,1.0,7.0,,5.26857,,,5.05,,7.36,7.36,-0.2231,,1.09,0.1256,3.27,0.3649,2.00464,2.40909,4.30864,1.09,0.0954,1,0.1104,0.27,0.031,,,,,4.14,2.82,8.36,5.55,,,,0.4356,,,0.44899,,,-0.1288,,0.27679,0.39014,,3.91,0.4696,3.45,0.79621,0.03864,0.75758,2.22686,,1.81,2.37,,1.9,4.01,4.01,0.5168,0.4225,1.16,0.1219,3.54,0.2777,1.05007,1.3326,,1.78,0.1487,1.54,0.1651,0.62,0.074,,,,,2.1,2.92,1.82,2.64,,0.19544,2.59,0.22274,3.26,0.3909,0.4487,0.12151,0.20593,3.26,0.2538,2.19,0.30175,0.09005,0.28882,,,,,,,,,,,,,,,,,,,,,,,,,,,,,,,,,,,,,,,,6.0,4.0,,8.0,6.0,,5.0,,5.0,,2.0,,1.0,1.0,1.0,,8.0,8.0,10.0,,2.0,1.0,,4,2,5,4.25,5.5,7.6,1,0,0
TAR24,The Amazing Race: All-Stars (2014),24.0,"February 23, 2014 - May 18, 2014",5.0,18.0,2014.0,35.0,"February 23, 2014 - May 18, 2014",5.0,18.0,2014.0,34.0,24.0,United States → China → Malaysia → Sri Lanka → Italy → Switzerland → Spain → United Kingdom → United States,8.0,22.0,3.0,12,23000,11,12,24.0,3,0,0,3,0,3,0,0,,0,0,0,0,0,0,,0,4,4,0,0,0,4,4,0,3,1,,0,0,0,,32.23,9.52,22.0,59.0,37.0,,3.86,2.3,0.0,8.0,,5.64047,,,5.32,,7.55,7.55,-0.2969,,1.09,0.0946,3.27,0.3035,1.46086,1.88636,4.3494,1.09,0.1076,1,0.147,0.27,0.0227,,,,,4,3.82,8,4.18,,,,0.39904,,,0.41878,,,-0.2019,,0.22205,0.31631,,4.09,0.4412,3.45,0.68903,0.03636,0.65267,2.66202,,1.6,2.96,,1.7,4.03,4.03,0.6118,0.4718,1.83,0.1544,3.36,0.2878,0.76821,1.184,,1.5,0.1409,1.28,0.2019,0.62,0.0514,,,,,2.83,3.35,1.91,2.29,,0.23449,1.95,0.26927,2.3,0.469,0.5876,0.11169,0.21492,3.58,0.2991,2.23,0.34612,0.11499,0.33228,,,,,,,,,,,,,,,,,,,,,,,,,,,,,,,,,,,,,,,,4.0,3.0,,7.0,5.0,,5.0,,5.0,,2.0,,1.0,1.0,2.0,,6.0,6.0,9.0,,1.0,2.0,,5,2,4,7.4,6.5,4.0,0,0,1
TAR25,The Amazing Race 25,25.0,"May 31, 2014 - June 22, 2014",6.0,22.0,2014.0,37.0,"September 26, 2014 - December 19, 2014",12.0,19.0,2014.0,37.0,25.0,United States → United States (U.S. Virgin Islands) → United Kingdom → Denmark → Sweden → Denmark → Morocco → Italy → Malta → Singapore → Philippines → United States,9.0,20.0,4.0,12,26000,11,12,25.0,3,0,1,4,1,3,2,1,,1,1,0,1,1,0,,0,4,4,0,0,0,4,3,1,1,1,,0,0,0,,29.5,5.66,22.0,42.0,20.0,,2.73,1.76,0.0,5.0,,5.59571,,,5.36,,7.45,7.45,-0.2996,,1.09,0.096,3.27,0.3192,1.7061,2.04545,4.30488,1.09,0.0972,1,0.1174,0.36,0.0341,,,,,3.25,3.45,8.55,5.09,,,,0.40429,,,0.4485,,,-0.1914,,0.25137,0.3531,,3.91,0.4056,3.55,0.73813,0.01299,0.72514,2.56912,,1.48,2.86,,1.82,4.1,4.1,0.5969,0.4597,1.56,0.1342,3.54,0.3146,0.60378,1.21458,,1.31,0.1097,1.04,0.1135,0.48,0.0464,,,,,1.2,3.14,1.3,1.98,,0.20992,2.22,0.2724,2.41,0.4198,0.5192,0.09265,0.17173,3.12,0.2836,1.92,0.32015,0.04107,0.31206,,,,,,,,,,,,,,,,,,,,,,,,,,,,,,,,,,,,,,,,5.0,3.0,,7.0,7.0,,6.0,,7.0,,4.0,,0.0,0.0,0.0,,7.0,7.0,8.0,,1.0,3.0,,5,4,2,5.4,6.0,7.5,0,1,0
TAR26,The Amazing Race 26,26.0,"November 12 - December 6, 2014",12.0,6.0,2014.0,38.0,"February 25, 2015 - May 15, 2015",5.0,15.0,2015.0,38.0,26.0,United States → Japan → Thailand → Germany → France → Monaco → Namibia → Netherlands → Peru → United Staets,9.0,26.0,5.0,12,35000,11,12,26.0,3,0,1,4,0,0,0,4,,0,0,0,0,0,0,,0,4,4,2,0,0,4,4,0,3,2,,0,0,0,,31.36,8.7,23.0,57.0,34.0,,3.0,2.17,0.0,6.0,,5.57273,,,5.55,,7.64,7.64,-0.2755,,1.09,0.1068,3.27,0.3182,1.72108,2.25,4.36905,1.09,0.1053,1,0.1303,0.36,0.0508,,,,,4.75,3.09,8.27,5.18,,,,0.40957,,,0.42219,,,-0.1808,,0.256,0.37382,,4.09,0.4546,3.55,0.78788,0.04798,0.7399,2.56,,0.74,2.69,,1,4.05,4.05,0.586,0.4597,1.08,0.0953,3.02,0.2492,0.86876,1.3357,,1.16,0.1019,1.28,0.16,0.48,0.0779,,,,,2.86,3.6,1.48,2.66,,0.21292,1.91,0.24461,2.52,0.4258,0.5199,0.11385,0.20087,2.87,0.2533,2.19,0.36133,0.08383,0.34239,,,,,,,,,,,,,,,,,,,,,,,,,,,,,,,,,,,,,,,,7.0,3.0,,8.0,7.0,,6.0,,6.0,,4.0,,0.0,0.0,2.0,,8.0,8.0,9.0,,3.0,2.0,,9,0,2,5.44,,8.5,1,0,0
TAR27,The Amazing Race 27,27.0,"June 22, 2015 - July 14, 2015",7.0,14.0,2015.0,40.0,"September 25, 2015 - December 11, 2015",12.0,11.0,2015.0,40.0,27.0,United States → Brazil → Argentina → Zambia → Zimbabwe → France → Netherlands → Poland → India → China (Hong Kong) → China (Macau) → United States,9.0,22.0,5.0,12,34000,11,12,27.0,1,0,2,3,0,2,0,1,,1,0,0,0,0,0,,2,2,4,0,0,0,4,3,0,2,1,,0,0,0,,30.82,7.54,22.0,51.0,29.0,,3.64,2.29,0.0,6.0,,5.56815,,,5.5,,7.64,7.64,-0.2741,,1.09,0.0975,3.27,0.3095,1.66669,1.97727,4.36905,1.09,0.1073,1,0.1272,0.27,0.0275,,,,,4.67,3.27,8.27,5,,,,0.40557,,,0.41759,,,-0.1889,,0.24495,0.29964,,4.09,0.4381,3.55,0.76667,0.04545,0.72121,2.50419,,1.71,2.84,,1.34,4.05,4.05,0.5733,0.4497,1.98,0.1676,3.41,0.2856,0.6755,1.08949,,1.56,0.1373,0.95,0.1139,0.45,0.045,,,,,2.94,3.16,1.6,2.34,,0.21983,1.86,0.27981,1.78,0.4397,0.542,0.09597,0.13914,3.48,0.2815,2.27,0.31463,0.09875,0.29585,,,,,,,,,,,,,,,,,,,,,,,,,,,,,,,,,,,,,,,,5.0,2.0,,8.0,6.0,,5.0,,7.0,,3.0,,0.0,0.0,2.0,,8.0,8.0,9.0,,2.0,2.0,,6,2,3,4.83,6.0,8.33,1,0,0
TAR28,The Amazing Race 28,28.0,"November 15, 2015 - December 6, 2015",12.0,6.0,2015.0,41.0,"February 12, 2016 - May 13, 2016",5.0,13.0,2016.0,41.0,28.0,United States → Mexico → Columbia → Switzerland → France → Armenia → Georgia → United Arab Emirates → Indonesia → China → United States,10.0,28.0,4.0,12,27000,11,12,28.0,2,0,1,3,0,3,0,0,,0,0,0,0,0,0,,0,4,4,0,0,0,4,2,2,1,1,,0,0,0,,30.64,9.84,19.0,58.0,39.0,,4.36,2.29,1.0,7.0,,5.53042,,,5.73,,7.91,7.91,-0.2121,,1.09,0.0995,3.27,0.2957,1.82301,2.27273,4.56322,1.09,0.0974,1,0.1261,0.27,0.0281,,,,,4.78,3.09,8.27,5.18,,,,0.42932,,,0.47053,,,-0.1413,,0.24759,0.26578,,4.27,0.4409,3.64,0.74185,0.01818,0.72367,2.33788,,1.95,2.72,,2.29,3.68,3.68,0.5122,0.4227,1.73,0.1552,3.49,0.3091,0.44031,0.80096,,1.56,0.141,0.85,0.1027,0.62,0.0599,,,,,3.12,2.19,2.22,1.53,,0.20509,2.76,0.27883,2.63,0.4102,0.4777,0.06862,0.1056,3.79,0.3013,2.35,0.22881,0.0575,0.21511,,,,,,,,,,,,,,,,,,,,,,,,,,,,,,,,,,,,,,,,4.0,3.0,,6.0,6.0,,5.0,,8.0,,2.0,,0.0,2.0,4.0,,5.0,6.0,10.0,,1.0,1.0,,5,3,3,4.0,9.33,6.0,1,0,0
TAR29,The Amazing Race 29,29.0,"June 10, 2016 - July 2, 2016",7.0,2.0,2016.0,43.0,"March 30, 2017 - June 1, 2017",6.0,1.0,2017.0,44.0,29.0,United States → Panama → Brazil → Tanzania → Norway → Italy → Greece → Vietnam → South Korea → United States,9.0,17.0,4.0,12,36000,11,12,29.0,2,0,1,3,0,2,0,1,,1,1,0,0,1,0,,0,6,6,2,0,0,6,6,0,5,3,,0,0,0,,29.77,5.9,21.0,46.0,25.0,,3.18,2.12,0.0,6.0,,5.44959,,,5.32,,7.36,7.36,-0.2757,,1.09,0.1256,3.27,0.3366,1.72378,2.22727,4.2716,1.09,0.1058,1,0.1053,0.27,0.0303,,,,,3.43,3.18,8.18,5,,,,0.41554,,,0.41086,,,-0.1689,,0.25702,0.34882,,4,0.4493,3.36,0.7596,0.01299,0.74661,2.56581,,2.23,2.74,,2.38,4.12,4.12,0.6007,0.4708,1.08,0.1219,3.05,0.2597,0.9115,1.28565,,1.31,0.1238,1.13,0.1079,0.62,0.0734,,,,,1.92,3.43,1.85,2.66,,0.21627,2.83,0.24891,3.13,0.4325,0.5205,0.12199,0.22115,3.28,0.2863,2.42,0.34215,0.04107,0.33542,,,,,,,,,,,,,,,,,,,,,,,,,,,,,,,,,,,,,,,,6.0,5.0,,8.0,7.0,,6.0,,6.0,,2.0,,1.0,1.0,1.0,,7.0,7.0,9.0,,1.0,2.0,,9,1,1,5.78,10.0,4.0,1,0,0
TAR30,The Amazing Race 30,30.0,"October 1, 2017 - October 24, 2017",10.0,24.0,2017.0,46.0,"January 3, 2018 - February 21, 2018",2.0,21.0,2018.0,46.0,30.0,United States → Iceland → Belgium → Morocco → France → Czech Republic → Zimbabwe → Bahrain → Thailand → China (Hong Kong) → United States,10.0,21.0,4.0,12,29000,11,8,30.0,2,0,1,3,0,3,1,1,,0,0,0,0,0,0,,0,4,4,0,0,0,4,3,0,3,1,,0,0,0,,32.14,6.4,22.0,48.0,26.0,,2.95,1.46,0.0,6.0,,5.72941,,,5.86,,7.45,6.91,-0.2922,,1,0.0996,3,0.307,1.54149,1.86364,4.43421,1,0.1109,0.91,0.1376,0.36,0.0475,,,,,5.7,3.45,7.64,4.18,,,,0.3975,,,0.38371,,,-0.205,,0.2498,0.31865,,3.73,0.423,3.18,0.74066,0.01515,0.7255,2.6689,,1.28,2.92,,1.37,3.48,3.92,0.6019,0.4658,1.13,0.1138,3.41,0.3038,0.94527,1.21245,,1.28,0.1252,1,0.1537,0.48,0.0753,,,,,2.61,3.5,2.19,2.59,,0.21341,1.54,0.24566,1.81,0.4268,0.5369,0.1136,0.17614,3.05,0.2734,1.4,0.34914,0.04791,0.34108,,,,,,,,,,,,,,,,,,,,,,,,,,,,,,,,,,,,,,,,5.0,5.0,,7.0,6.0,,6.0,,6.0,,4.0,,1.0,2.0,3.0,,7.0,8.0,9.0,,1.0,2.0,,3,3,5,2.67,8.0,6.8,1,0,0
TAR31,The Amazing Race: Reality Showdown,31.0,"June 10, 2018 - July 3, 2018",7.0,3.0,2018.0,48.0,"April 17, 2019 - June 26, 2019",6.0,26.0,2019.0,48.0,31.0,United States → Japan → Laos → Vietnam → United Arab Emirates → Uganda → Switzerland → Croatia → Netherlands → United Kingdom → United Staets,10.0,18.0,4.0,12,25000,11,11,31.0,3,0,0,3,0,3,0,0,,0,0,0,0,0,0,,0,4,4,0,0,2,6,4,0,4,1,,0,0,0,,36.23,8.39,23.0,54.0,31.0,,4.23,1.86,1.0,7.0,,5.77261,,,5.91,,7.91,7.91,-0.2847,,1.09,0.0939,3.27,0.2936,1.47264,2.20455,4.49425,1.09,0.0987,1,0.1335,0.27,0.0297,,,,,4.8,3.82,8.18,4.36,,,,0.39476,,,0.38108,,,-0.2105,,0.22177,0.29954,,4.27,0.4112,3.64,0.69812,0.06061,0.63752,2.66773,,0.74,2.75,,1.08,3.9,3.9,0.5935,0.4623,1.5,0.1276,3.33,0.2792,0.81139,1.28725,,1.5,0.1346,1.13,0.1552,0.45,0.0491,,,,,3.28,3.46,1.75,2.57,,0.23255,0.95,0.24137,1.41,0.4651,0.5891,0.1093,0.18917,3.72,0.2994,1.97,0.34867,0.12856,0.3186,,,,,,,,,,,,,,,,,,,,,,,,,,,,,,,,,,,,,,,,4.0,4.0,,7.0,6.0,,4.0,,7.0,,3.0,,1.0,1.0,1.0,,7.0,7.0,9.0,,2.0,2.0,,4,3,4,5.0,8.0,5.5,1,0,0
TAR32,The Amazing Race 32,32.0,"November 9, 2018 - December 3, 2018",12.0,3.0,2018.0,49.0,"October 14, 2020 - December 16, 2020",12.0,16.0,2020.0,51.0,32.0,United States → Trinidad and Tobago → Columbia → Brazil → Paraguay → France → Germany → Kazakhstan → India → Cambodia → Philippines → United States,11.0,21.0,4.0,11,33000,11,12,32.0,2,1,1,3,0,3,0,1,,0,0,0,0,0,0,,0,4,4,0,0,0,4,4,0,3,2,,7,3,2,,33.5,7.32,24.0,61.0,37.0,,3.41,1.92,0.0,6.0,,5.67104,,,5.77,,7.64,7.64,-0.2978,,1.09,0.0916,3.27,0.31,1.41114,1.97727,4.36905,1.09,0.1135,1,0.126,0.27,0.0303,,,,,4.33,3.73,7.91,4.18,,,,0.39555,,,0.38128,,,-0.2089,,0.21985,0.32681,,4.09,0.4199,3.55,0.71191,0.06638,0.64553,2.70178,,1.35,2.92,,1.27,4.05,4.05,0.6185,0.4766,1.73,0.1441,3.72,0.306,0.73067,1.29006,,1.24,0.1362,1.13,0.1354,0.86,0.0958,,,,,2.75,3.25,1.98,2.33,,0.24697,1.86,0.2645,1.71,0.4939,0.6244,0.09483,0.17434,4.03,0.3248,2.68,0.32365,0.14482,0.29576,,,,,,,,,,,,,,,,,,,,,,,,,,,,,,,,,,,,,,,,4.0,3.0,,7.0,6.0,,5.0,,6.0,,1.0,,1.0,1.0,3.0,,6.0,7.0,9.0,,2.0,2.0,,3,3,5,4.67,8.0,5.6,0,0,1
TARAS1,The Amazing Race Asia 1,1.0,"May 24, 2006 - June 17, 2006",6.0,17.0,2006.0,10.0,"November 9, 2006 - February 1, 2007",2.0,1.0,2007.0,11.0,33.0,Malaysia → Indonesia → Australia → New Zealand → Singapore → Thailand → India → United Arab Emirates → Malaysia,8.0,15.0,2.0,12,24000,10,13,33.0,4,1,0,5,0,4,1,1,,2,2,0,2,2,0,,0,0,0,0,0,0,0,0,0,0,0,,2,1,1,,30.35,5.01,23.0,42.0,19.0,,3.7,2.05,0.0,6.0,,4.61167,,,4.5,,8,8.5,-0.1103,,1.3,0.1253,3.9,0.4017,2.39868,3.3,4.15294,1.3,0.1572,1.2,0.1138,0.5,0.0439,,,,,4.63,1.5,8,6.5,,,,0.47815,,,0.47462,,,-0.0437,,0.33823,0.47911,,4.5,0.5003,4,0.94127,0,0.94127,0.98555,,1.25,1.1,,1.5,4.08,3.63,0.2373,0.2137,1.1,0.0996,2.77,0.1794,0.68407,1.05948,,1.19,0.1493,1.17,0.1009,0.67,0.0573,,,,,2.18,0.92,1.41,1.43,,0.06252,,,,,,,,,,,,,,,,,,,,,,,,,,,,,,,,,,,,,,,,,,,,,,,,,,,,,,,,,,,,,,,,,,,,,,,,,,,,4,3,3,5.0,5.67,6.0,0,1,0
TARAS2,The Amazing Race Asia 2,2.0,"July 5, 2007 - July 28, 2007",7.0,28.0,2007.0,13.0,"November 22, 2007 - February 14, 2008",2.0,14.0,2008.0,14.0,34.0,Singapore → Philippines → China (Hong Kong) → New Zealand → Japan → South Korea → Germany → Czech Republic → Hungary → South Africa → Singapore,10.0,28.0,4.0,12,32022,10,13,34.0,4,1,0,5,1,0,0,4,,1,1,0,1,1,0,,0,0,0,0,0,0,0,0,0,0,0,,2,2,0,,30.25,6.52,24.0,48.0,24.0,,3.7,2.17,0.0,6.0,,5.19534,,,5.15,,7.9,8.6,-0.2547,,1.3,0.1006,3.9,0.3101,1.25223,1.25,4.13953,1.3,0.1014,1.2,0.1082,0.5,0.089,,,,,5.11,3.3,7.3,4,,,,0.40677,,,0.43482,,,-0.1865,,0.20951,0.23962,,4.6,0.4137,4,0.72064,0.03333,0.6873,2.38838,,1.45,2.52,,1.45,4.22,3.83,0.577,0.4602,2.41,0.1854,4.64,0.3554,0.57582,0.8441,,2.24,0.1721,1.4,0.1215,0.67,0.1531,,,,,2.92,2.72,1.9,1.9,,0.24925,,,,,,,,,,,,,,,,,,,,,,,,,,,,,,,,,,,,,,,,,,,,,,,,,,,,,,,,,,,,,,,,,,,,,,,,,,,,4,4,2,8.0,4.75,2.0,0,0,1
TARAS3,The Amazing Race Asia 3,3.0,"May 20, 2008 - June 8, 2008",6.0,8.0,2008.0,16.0,"September 11, 2008 - November 20, 2008",11.0,20.0,2008.0,15.0,35.0,Thailand → Vietnam → China (Taiwan → Hong Kong → Macau) → India → Oman → Thailand,6.0,11.0,1.0,11,13400,10,11,35.0,3,0,0,3,1,1,0,2,,1,1,0,1,1,0,,1,0,1,0,0,0,1,1,0,1,0,,1,1,0,,31.8,7.73,24.0,53.0,29.0,,2.7,1.93,0.0,5.0,,5.11242,,,5.2,,6.6,6.6,-0.3179,,1.1,0.1177,3.3,0.3425,1.55164,1.8,3.87879,1.1,0.1086,1,0.138,0.3,0.0282,,,,,3.71,3.1,7.6,4.5,,,,0.39809,,,0.38988,,,-0.2038,,0.26256,0.34658,,3.6,0.4143,3,0.76111,0.04167,0.71944,2.33487,,1.18,2.53,,1.08,3.83,3.83,0.602,0.4569,1.3,0.1274,3.2,0.3016,0.58607,0.83516,,1.22,0.1189,0.77,0.1413,0.64,0.0593,,,,,2.25,2.84,1.5,1.86,,0.20919,,,,,,,,,,,,,,,,,,,,,,,,,,,,,,,,,,,,,,,,,,,,,,,,,,,,,,,,,,,,,,,,,,,,,,,,,,,,4,3,3,5.75,5.0,5.67,0,0,1
TARAS4,The Amazing Race Asia 4,4.0,"June 10, 2010 - June 30, 2010",6.0,30.0,2010.0,22.0,"September 23, 2010 - December 9, 2010",12.0,9.0,2010.0,21.0,36.0,Malaysia → Sri Lanka → Philippines → New Zealand → Australia → Indonesia → South Korea → Singapore,8.0,25.0,2.0,11,24000,10,11,36.0,2,0,1,3,0,1,0,2,,1,1,0,1,1,0,,1,0,1,0,0,0,1,1,0,1,0,,1,1,0,,29.1,7.01,21.0,53.0,32.0,,3.8,1.6,1.0,6.0,,5.15412,,,5.35,,7.7,7.7,-0.1779,,1.1,0.1178,3.3,0.3362,1.70657,2.175,4.37662,1.1,0.1034,1,0.1195,0.3,0.0841,,,,,5.3,2.7,7.5,4.8,,,,0.43084,,,0.3953,,,-0.1383,,0.25798,0.38545,,4.1,0.4484,3.6,0.8,0.05,0.75,2.16013,,1.55,2.37,,1.55,3.1,3.1,0.4935,0.4186,1.14,0.1126,2.9,0.2627,0.71467,1.53725,,1.87,0.17,1.26,0.1511,0.46,0.1581,,,,,2.72,2.79,1.5,2.04,,0.20454,,,,,,,,,,,,,,,,,,,,,,,,,,,,,,,,,,,,,,,,,,,,,,,,,,,,,,,,,,,,,,,,,,,,,,,,,,,,3,4,3,6.33,5.5,4.67,0,0,1
TARAS5,The Amazing Race Asia 5,5.0,"August 8, 2016 - August 26, 2016",8.0,26.0,2016.0,44.0,"October 13, 2016 - December 15, 2016",12.0,15.0,2016.0,43.0,37.0,Indonesia → Malaysia → Thailand → Vietnam → Philippines → Singapore → Indoneasia,6.0,12.0,1.0,10,7000,11,10,37.0,2,0,0,2,0,1,0,1,,1,0,0,0,0,0,,2,0,2,0,0,0,2,1,1,1,1,,3,1,1,,28.5,4.12,21.0,38.0,17.0,,2.73,1.98,0.0,5.0,,5.49773,,,5.55,,6,6,-0.3053,,0.91,0.1359,2.73,0.3442,1.69051,2.06818,4.21212,0.91,0.1131,0.82,0.0957,0.18,0.0318,,,,,4.25,3.27,8,4.73,,,,0.40756,,,0.40135,,,-0.1849,,0.26445,0.38163,,3.27,0.4412,2.73,0.75747,0.05,0.70747,2.61378,,1.48,2.72,,1.71,3.46,3.46,0.6206,0.4753,1.16,0.175,2.56,0.26,1.07343,1.40248,,1.16,0.1357,1.11,0.1279,0.39,0.0747,,,,,2.54,3.6,1.65,2.67,,0.20095,,,,,,,,,,,,,,,,,,,,,,,,,,,,,,,,,,,,,,,,,,,,,,,,,,,,,,,,,,,,,,,,,,,,,,,,,,,,4,3,3,6.75,4.5,7.0,0,1,0
TARCA1,The Amazing Race Canada 1,1.0,"May 3, 2013 - May 24, 2013",5.0,24.0,2013.0,32.0,"July 15, 2013 – September 16, 2013",9.0,16.0,2013.0,32.0,38.0,Canada,1.0,21.0,1.0,10,11500,10,10,38.0,,,,,,,,,,,,,,,,,,,,,,,,,,,,,,,,,,,,,,,,,,,,,,,,,,,,,,,,,,,,,,,,,,,,,,,,,,,,,,,,,,,,,,,,,,,,,,,,,,,,,,,,,,,,,,,,,,,,,,,,,,,,,,,,,,,,,,,,,,,,,,,,,,,,,,,,,,,,,,,,,,,,,,,,,,,,,,,,,,,,,,,,,,,,,,,,,,,,,,,,,,,,,,,,,,
TARCA2,The Amazing Race Canada 2,2.0,"April 26, 2014 - May 22, 2014",5.0,22.0,2014.0,36.0,"July 8, 2014 – September 21, 2014",9.0,21.0,2014.0,35.0,39.0,Canada  → China (Hong Kong) → China (Macau) → France → Canada,3.0,27.0,3.0,12,27847,11,12,39.0,,,,,,,,,,,,,,,,,,,,,,,,,,,,,,,,,,,,,,,,,,,,,,,,,,,,,,,,,,,,,,,,,,,,,,,,,,,,,,,,,,,,,,,,,,,,,,,,,,,,,,,,,,,,,,,,,,,,,,,,,,,,,,,,,,,,,,,,,,,,,,,,,,,,,,,,,,,,,,,,,,,,,,,,,,,,,,,,,,,,,,,,,,,,,,,,,,,,,,,,,,,,,,,,,,
TARCA3,The Amazing Race Canada 3,3.0,"May 1, 2015 - May 28, 2015",5.0,28.0,2015.0,39.0,"July 8, 2015 - September 23, 2015",9.0,23.0,2015.0,39.0,40.0,Canada → Chile → Argentina → Canada → India → Canada,4.0,26.0,3.0,12,30100,12,12,40.0,,,,,,,,,,,,,,,,,,,,,,,,,,,,,,,,,,,,,,,,,,,,,,,,,,,,,,,,,,,,,,,,,,,,,,,,,,,,,,,,,,,,,,,,,,,,,,,,,,,,,,,,,,,,,,,,,,,,,,,,,,,,,,,,,,,,,,,,,,,,,,,,,,,,,,,,,,,,,,,,,,,,,,,,,,,,,,,,,,,,,,,,,,,,,,,,,,,,,,,,,,,,,,,,,,
TARCA4,The Amazing Race Canada 4,4.0,"April 28, 2016 - May 24, 2016",5.0,24.0,2016.0,42.0,"June 28, 2016 – September 13, 2016",9.0,13.0,2016.0,42.0,41.0,Canada → Vietnam → Canada → Cuba → Canada,3.0,20.0,2.0,11,16000,10,11,41.0,,,,,,,,,,,,,,,,,,,,,,,,,,,,,,,,,,,,,,,,,,,,,,,,,,,,,,,,,,,,,,,,,,,,,,,,,,,,,,,,,,,,,,,,,,,,,,,,,,,,,,,,,,,,,,,,,,,,,,,,,,,,,,,,,,,,,,,,,,,,,,,,,,,,,,,,,,,,,,,,,,,,,,,,,,,,,,,,,,,,,,,,,,,,,,,,,,,,,,,,,,,,,,,,,,
TARCA5,The Amazing Race Canada 5,5.0,"April 26, 2017 - May 24, 2017",5.0,24.0,2017.0,45.0,"July 4, 2017 - September 12, 2017",9.0,12.0,2017.0,45.0,42.0,Canada → China → Thailand → Canada → Panama → Canada,4.0,,,,,,,42.0,,,,,,,,,,,,,,,,,,,,,,,,,,,,,,,,,,,,,,,,,,,,,,,,,,,,,,,,,,,,,,,,,,,,,,,,,,,,,,,,,,,,,,,,,,,,,,,,,,,,,,,,,,,,,,,,,,,,,,,,,,,,,,,,,,,,,,,,,,,,,,,,,,,,,,,,,,,,,,,,,,,,,,,,,,,,,,,,,,,,,,,,,,,,,,,,,,,,,,,,,,,,,,,,,,
TARCA6,The Amazing Race Canada: Heroes Edition,6.0,"April 23, 2018 - May 19, 2018",5.0,19.0,2018.0,47.0,"July 3, 2018 - September 11, 2018",9.0,11.0,2018.0,47.0,43.0,Canada → Indonesia → Canada → Mexico → Canada,3.0,,,,,,,43.0,,,,,,,,,,,,,,,,,,,,,,,,,,,,,,,,,,,,,,,,,,,,,,,,,,,,,,,,,,,,,,,,,,,,,,,,,,,,,,,,,,,,,,,,,,,,,,,,,,,,,,,,,,,,,,,,,,,,,,,,,,,,,,,,,,,,,,,,,,,,,,,,,,,,,,,,,,,,,,,,,,,,,,,,,,,,,,,,,,,,,,,,,,,,,,,,,,,,,,,,,,,,,,,,,,
TARCA7,The Amazing Race Canada 7,7.0,"April 23, 2019 - May 18, 2019",5.0,18.0,2019.0,50.0,"July 2, 2019 - September 10, 2019",9.0,10.0,2019.0,49.0,44.0,Canada,1.0,,,,,,,44.0,,,,,,,,,,,,,,,,,,,,,,,,,,,,,,,,,,,,,,,,,,,,,,,,,,,,,,,,,,,,,,,,,,,,,,,,,,,,,,,,,,,,,,,,,,,,,,,,,,,,,,,,,,,,,,,,,,,,,,,,,,,,,,,,,,,,,,,,,,,,,,,,,,,,,,,,,,,,,,,,,,,,,,,,,,,,,,,,,,,,,,,,,,,,,,,,,,,,,,,,,,,,,,,,,,
TARAU1,The Amazing Race Australia 1,1.0,"November 5, 2010 - November 29, 2010",11.0,29.0,2010.0,23.0,"May 16, 2011 - August 1, 2011",6.0,1.0,2011.0,24.0,45.0,,,,,,,,,45.0,,,,,,,,,,,,,,,,,,,,,,,,,,,,,,,,,,,,,,,,,,,,,,,,,,,,,,,,,,,,,,,,,,,,,,,,,,,,,,,,,,,,,,,,,,,,,,,,,,,,,,,,,,,,,,,,,,,,,,,,,,,,,,,,,,,,,,,,,,,,,,,,,,,,,,,,,,,,,,,,,,,,,,,,,,,,,,,,,,,,,,,,,,,,,,,,,,,,,,,,,,,,,,,,,,
TARAU2,The Amazing Race Australia 2,2.0,"November 18, 2011 - December 13, 2011",12.0,13.0,2011.0,27.0,"May 30, 2012 - August 15, 2012",6.0,15.0,2012.0,28.0,46.0,,,,,,,,,46.0,,,,,,,,,,,,,,,,,,,,,,,,,,,,,,,,,,,,,,,,,,,,,,,,,,,,,,,,,,,,,,,,,,,,,,,,,,,,,,,,,,,,,,,,,,,,,,,,,,,,,,,,,,,,,,,,,,,,,,,,,,,,,,,,,,,,,,,,,,,,,,,,,,,,,,,,,,,,,,,,,,,,,,,,,,,,,,,,,,,,,,,,,,,,,,,,,,,,,,,,,,,,,,,,,,
TARAU3,The Amazing Race: Australia v New Zealand,3.0,"March 7, 2014 - March 30, 2014",3.0,30.0,2014.0,34.0,"August 4, 2014 - September 25, 2014",9.0,25.0,2014.0,36.0,47.0,,,,,,,,,47.0,,,,,,,,,,,,,,,,,,,,,,,,,,,,,,,,,,,,,,,,,,,,,,,,,,,,,,,,,,,,,,,,,,,,,,,,,,,,,,,,,,,,,,,,,,,,,,,,,,,,,,,,,,,,,,,,,,,,,,,,,,,,,,,,,,,,,,,,,,,,,,,,,,,,,,,,,,,,,,,,,,,,,,,,,,,,,,,,,,,,,,,,,,,,,,,,,,,,,,,,,,,,,,,,,,
TARAU4,The Amazing Race Australia 4,4.0,"August 20, 2019 - September 12, 2019",9.0,12.0,2019.0,51.0,"October 28, 2019 - December 3, 2019",12.0,3.0,2019.0,50.0,48.0,,,,,,,,,48.0,,,,,,,,,,,,,,,,,,,,,,,,,,,,,,,,,,,,,,,,,,,,,,,,,,,,,,,,,,,,,,,,,,,,,,,,,,,,,,,,,,,,,,,,,,,,,,,,,,,,,,,,,,,,,,,,,,,,,,,,,,,,,,,,,,,,,,,,,,,,,,,,,,,,,,,,,,,,,,,,,,,,,,,,,,,,,,,,,,,,,,,,,,,,,,,,,,,,,,,,,,,,,,,,,,
TARAU5,The Amazing Race Australia 5,5.0,"October 6, 2020 - November 14, 2020",11.0,14.0,2020.0,52.0,"February 1, 2021 - March 28, 2021",3.0,28.0,2021.0,52.0,49.0,,,,,,,,,49.0,,,,,,,,,,,,,,,,,,,,,,,,,,,,,,,,,,,,,,,,,,,,,,,,,,,,,,,,,,,,,,,,,,,,,,,,,,,,,,,,,,,,,,,,,,,,,,,,,,,,,,,,,,,,,,,,,,,,,,,,,,,,,,,,,,,,,,,,,,,,,,,,,,,,,,,,,,,,,,,,,,,,,,,,,,,,,,,,,,,,,,,,,,,,,,,,,,,,,,,,,,,,,,,,,,
TARCR1,The Amazing Race China Rush 1,1.0,"April 28, 2010 - June 3, 2010",6.0,3.0,2010.0,20.0,"August 8, 2010 - October 30, 2010",10.0,30.0,2010.0,20.0,50.0,,,,,,,,,50.0,,,,,,,,,,,,,,,,,,,,,,,,,,,,,,,,,,,,,,,,,,,,,,,,,,,,,,,,,,,,,,,,,,,,,,,,,,,,,,,,,,,,,,,,,,,,,,,,,,,,,,,,,,,,,,,,,,,,,,,,,,,,,,,,,,,,,,,,,,,,,,,,,,,,,,,,,,,,,,,,,,,,,,,,,,,,,,,,,,,,,,,,,,,,,,,,,,,,,,,,,,,,,,,,,,
TARCR2,The Amazing Race China Rush 2,2.0,"May 13, 2011 - June 7, 2011",6.0,7.0,2011.0,25.0,"August 7, 2011 - October 23, 2011",10.0,23.0,2011.0,25.0,51.0,,,,,,,,,51.0,,,,,,,,,,,,,,,,,,,,,,,,,,,,,,,,,,,,,,,,,,,,,,,,,,,,,,,,,,,,,,,,,,,,,,,,,,,,,,,,,,,,,,,,,,,,,,,,,,,,,,,,,,,,,,,,,,,,,,,,,,,,,,,,,,,,,,,,,,,,,,,,,,,,,,,,,,,,,,,,,,,,,,,,,,,,,,,,,,,,,,,,,,,,,,,,,,,,,,,,,,,,,,,,,,
TARCR3,The Amazing Race China Rush 3,3.0,"April 1, 2012 - April 28, 2012",4.0,28.0,2012.0,29.0,"August 26, 2012 - November 11, 2012",11.0,11.0,2012.0,29.0,52.0,,,,,,,,,52.0,,,,,,,,,,,,,,,,,,,,,,,,,,,,,,,,,,,,,,,,,,,,,,,,,,,,,,,,,,,,,,,,,,,,,,,,,,,,,,,,,,,,,,,,,,,,,,,,,,,,,,,,,,,,,,,,,,,,,,,,,,,,,,,,,,,,,,,,,,,,,,,,,,,,,,,,,,,,,,,,,,,,,,,,,,,,,,,,,,,,,,,,,,,,,,,,,,,,,,,,,,,,,,,,,,
,,,,,,,,,,,,,53.0,,,,,,,,,53.0,,,,,,,,,,,,,,,,,,,,,,,,,,,,,,,,,,,,,,,,,,,,,,,,,,,,,,,,,,,,,,,,,,,,,,,,,,,,,,,,,,,,,,,,,,,,,,,,,,,,,,,,,,,,,,,,,,,,,,,,,,,,,,,,,,,,,,,,,,,,,,,,,,,,,,,,,,,,,,,,,,,,,,,,,,,,,,,,,,,,,,,,,,,,,,,,,,,,,,,,,,,,,,,,,,
,,,,,,,,,,,,,54.0,,,,,,,,,54.0,,,,,,,,,,,,,,,,,,,,,,,,,,,,,,,,,,,,,,,,,,,,,,,,,,,,,,,,,,,,,,,,,,,,,,,,,,,,,,,,,,,,,,,,,,,,,,,,,,,,,,,,,,,,,,,,,,,,,,,,,,,,,,,,,,,,,,,,,,,,,,,,,,,,,,,,,,,,,,,,,,,,,,,,,,,,,,,,,,,,,,,,,,,,,,,,,,,,,,,,,,,,,,,,,,
,,,,,,,,,,,,,55.0,,,,,,,,,55.0,,,,,,,,,,,,,,,,,,,,,,,,,,,,,,,,,,,,,,,,,,,,,,,,,,,,,,,,,,,,,,,,,,,,,,,,,,,,,,,,,,,,,,,,,,,,,,,,,,,,,,,,,,,,,,,,,,,,,,,,,,,,,,,,,,,,,,,,,,,,,,,,,,,,,,,,,,,,,,,,,,,,,,,,,,,,,,,,,,,,,,,,,,,,,,,,,,,,,,,,,,,,,,,,,,
,,,,,,,,,,,,,56.0,,,,,,,,,56.0,,,,,,,,,,,,,,,,,,,,,,,,,,,,,,,,,,,,,,,,,,,,,,,,,,,,,,,,,,,,,,,,,,,,,,,,,,,,,,,,,,,,,,,,,,,,,,,,,,,,,,,,,,,,,,,,,,,,,,,,,,,,,,,,,,,,,,,,,,,,,,,,,,,,,,,,,,,,,,,,,,,,,,,,,,,,,,,,,,,,,,,,,,,,,,,,,,,,,,,,,,,,,,,,,,
,,,,,,,,,,,,,57.0,,,,,,,,,57.0,,,,,,,,,,,,,,,,,,,,,,,,,,,,,,,,,,,,,,,,,,,,,,,,,,,,,,,,,,,,,,,,,,,,,,,,,,,,,,,,,,,,,,,,,,,,,,,,,,,,,,,,,,,,,,,,,,,,,,,,,,,,,,,,,,,,,,,,,,,,,,,,,,,,,,,,,,,,,,,,,,,,,,,,,,,,,,,,,,,,,,,,,,,,,,,,,,,,,,,,,,,,,,,,,,
,,,,,,,,,,,,,58.0,,,,,,,,,58.0,,,,,,,,,,,,,,,,,,,,,,,,,,,,,,,,,,,,,,,,,,,,,,,,,,,,,,,,,,,,,,,,,,,,,,,,,,,,,,,,,,,,,,,,,,,,,,,,,,,,,,,,,,,,,,,,,,,,,,,,,,,,,,,,,,,,,,,,,,,,,,,,,,,,,,,,,,,,,,,,,,,,,,,,,,,,,,,,,,,,,,,,,,,,,,,,,,,,,,,,,,,,,,,,,,
,,,,,,,,,,,,,59.0,,,,,,,,,59.0,,,,,,,,,,,,,,,,,,,,,,,,,,,,,,,,,,,,,,,,,,,,,,,,,,,,,,,,,,,,,,,,,,,,,,,,,,,,,,,,,,,,,,,,,,,,,,,,,,,,,,,,,,,,,,,,,,,,,,,,,,,,,,,,,,,,,,,,,,,,,,,,,,,,,,,,,,,,,,,,,,,,,,,,,,,,,,,,,,,,,,,,,,,,,,,,,,,,,,,,,,,,,,,,,,
,,,,,,,,,,,,,60.0,,,,,,,,,60.0,,,,,,,,,,,,,,,,,,,,,,,,,,,,,,,,,,,,,,,,,,,,,,,,,,,,,,,,,,,,,,,,,,,,,,,,,,,,,,,,,,,,,,,,,,,,,,,,,,,,,,,,,,,,,,,,,,,,,,,,,,,,,,,,,,,,,,,,,,,,,,,,,,,,,,,,,,,,,,,,,,,,,,,,,,,,,,,,,,,,,,,,,,,,,,,,,,,,,,,,,,,,,,,,,,
,,,,,,,,,,,,,61.0,,,,,,,,,61.0,,,,,,,,,,,,,,,,,,,,,,,,,,,,,,,,,,,,,,,,,,,,,,,,,,,,,,,,,,,,,,,,,,,,,,,,,,,,,,,,,,,,,,,,,,,,,,,,,,,,,,,,,,,,,,,,,,,,,,,,,,,,,,,,,,,,,,,,,,,,,,,,,,,,,,,,,,,,,,,,,,,,,,,,,,,,,,,,,,,,,,,,,,,,,,,,,,,,,,,,,,,,,,,,,,
,,,,,,,,,,,,,62.0,,,,,,,,,62.0,,,,,,,,,,,,,,,,,,,,,,,,,,,,,,,,,,,,,,,,,,,,,,,,,,,,,,,,,,,,,,,,,,,,,,,,,,,,,,,,,,,,,,,,,,,,,,,,,,,,,,,,,,,,,,,,,,,,,,,,,,,,,,,,,,,,,,,,,,,,,,,,,,,,,,,,,,,,,,,,,,,,,,,,,,,,,,,,,,,,,,,,,,,,,,,,,,,,,,,,,,,,,,,,,,
,,,,,,,,,,,,,63.0,,,,,,,,,63.0,,,,,,,,,,,,,,,,,,,,,,,,,,,,,,,,,,,,,,,,,,,,,,,,,,,,,,,,,,,,,,,,,,,,,,,,,,,,,,,,,,,,,,,,,,,,,,,,,,,,,,,,,,,,,,,,,,,,,,,,,,,,,,,,,,,,,,,,,,,,,,,,,,,,,,,,,,,,,,,,,,,,,,,,,,,,,,,,,,,,,,,,,,,,,,,,,,,,,,,,,,,,,,,,,,
,,,,,,,,,,,,,64.0,,,,,,,,,64.0,,,,,,,,,,,,,,,,,,,,,,,,,,,,,,,,,,,,,,,,,,,,,,,,,,,,,,,,,,,,,,,,,,,,,,,,,,,,,,,,,,,,,,,,,,,,,,,,,,,,,,,,,,,,,,,,,,,,,,,,,,,,,,,,,,,,,,,,,,,,,,,,,,,,,,,,,,,,,,,,,,,,,,,,,,,,,,,,,,,,,,,,,,,,,,,,,,,,,,,,,,,,,,,,,,
,,,,,,,,,,,,,65.0,,,,,,,,,65.0,,,,,,,,,,,,,,,,,,,,,,,,,,,,,,,,,,,,,,,,,,,,,,,,,,,,,,,,,,,,,,,,,,,,,,,,,,,,,,,,,,,,,,,,,,,,,,,,,,,,,,,,,,,,,,,,,,,,,,,,,,,,,,,,,,,,,,,,,,,,,,,,,,,,,,,,,,,,,,,,,,,,,,,,,,,,,,,,,,,,,,,,,,,,,,,,,,,,,,,,,,,,,,,,,,
,,,,,,,,,,,,,66.0,,,,,,,,,66.0,,,,,,,,,,,,,,,,,,,,,,,,,,,,,,,,,,,,,,,,,,,,,,,,,,,,,,,,,,,,,,,,,,,,,,,,,,,,,,,,,,,,,,,,,,,,,,,,,,,,,,,,,,,,,,,,,,,,,,,,,,,,,,,,,,,,,,,,,,,,,,,,,,,,,,,,,,,,,,,,,,,,,,,,,,,,,,,,,,,,,,,,,,,,,,,,,,,,,,,,,,,,,,,,,,
,,,,,,,,,,,,,67.0,,,,,,,,,67.0,,,,,,,,,,,,,,,,,,,,,,,,,,,,,,,,,,,,,,,,,,,,,,,,,,,,,,,,,,,,,,,,,,,,,,,,,,,,,,,,,,,,,,,,,,,,,,,,,,,,,,,,,,,,,,,,,,,,,,,,,,,,,,,,,,,,,,,,,,,,,,,,,,,,,,,,,,,,,,,,,,,,,,,,,,,,,,,,,,,,,,,,,,,,,,,,,,,,,,,,,,,,,,,,,,
,,,,,,,,,,,,,68.0,,,,,,,,,68.0,,,,,,,,,,,,,,,,,,,,,,,,,,,,,,,,,,,,,,,,,,,,,,,,,,,,,,,,,,,,,,,,,,,,,,,,,,,,,,,,,,,,,,,,,,,,,,,,,,,,,,,,,,,,,,,,,,,,,,,,,,,,,,,,,,,,,,,,,,,,,,,,,,,,,,,,,,,,,,,,,,,,,,,,,,,,,,,,,,,,,,,,,,,,,,,,,,,,,,,,,,,,,,,,,,
,,,,,,,,,,,,,69.0,,,,,,,,,69.0,,,,,,,,,,,,,,,,,,,,,,,,,,,,,,,,,,,,,,,,,,,,,,,,,,,,,,,,,,,,,,,,,,,,,,,,,,,,,,,,,,,,,,,,,,,,,,,,,,,,,,,,,,,,,,,,,,,,,,,,,,,,,,,,,,,,,,,,,,,,,,,,,,,,,,,,,,,,,,,,,,,,,,,,,,,,,,,,,,,,,,,,,,,,,,,,,,,,,,,,,,,,,,,,,,
,,,,,,,,,,,,,70.0,,,,,,,,,70.0,,,,,,,,,,,,,,,,,,,,,,,,,,,,,,,,,,,,,,,,,,,,,,,,,,,,,,,,,,,,,,,,,,,,,,,,,,,,,,,,,,,,,,,,,,,,,,,,,,,,,,,,,,,,,,,,,,,,,,,,,,,,,,,,,,,,,,,,,,,,,,,,,,,,,,,,,,,,,,,,,,,,,,,,,,,,,,,,,,,,,,,,,,,,,,,,,,,,,,,,,,,,,,,,,,
,,,,,,,,,,,,,71.0,,,,,,,,,71.0,,,,,,,,,,,,,,,,,,,,,,,,,,,,,,,,,,,,,,,,,,,,,,,,,,,,,,,,,,,,,,,,,,,,,,,,,,,,,,,,,,,,,,,,,,,,,,,,,,,,,,,,,,,,,,,,,,,,,,,,,,,,,,,,,,,,,,,,,,,,,,,,,,,,,,,,,,,,,,,,,,,,,,,,,,,,,,,,,,,,,,,,,,,,,,,,,,,,,,,,,,,,,,,,,,
,,,,,,,,,,,,,72.0,,,,,,,,,72.0,,,,,,,,,,,,,,,,,,,,,,,,,,,,,,,,,,,,,,,,,,,,,,,,,,,,,,,,,,,,,,,,,,,,,,,,,,,,,,,,,,,,,,,,,,,,,,,,,,,,,,,,,,,,,,,,,,,,,,,,,,,,,,,,,,,,,,,,,,,,,,,,,,,,,,,,,,,,,,,,,,,,,,,,,,,,,,,,,,,,,,,,,,,,,,,,,,,,,,,,,,,,,,,,,,
,,,,,,,,,,,,,73.0,,,,,,,,,73.0,,,,,,,,,,,,,,,,,,,,,,,,,,,,,,,,,,,,,,,,,,,,,,,,,,,,,,,,,,,,,,,,,,,,,,,,,,,,,,,,,,,,,,,,,,,,,,,,,,,,,,,,,,,,,,,,,,,,,,,,,,,,,,,,,,,,,,,,,,,,,,,,,,,,,,,,,,,,,,,,,,,,,,,,,,,,,,,,,,,,,,,,,,,,,,,,,,,,,,,,,,,,,,,,,,
,,,,,,,,,,,,,74.0,,,,,,,,,74.0,,,,,,,,,,,,,,,,,,,,,,,,,,,,,,,,,,,,,,,,,,,,,,,,,,,,,,,,,,,,,,,,,,,,,,,,,,,,,,,,,,,,,,,,,,,,,,,,,,,,,,,,,,,,,,,,,,,,,,,,,,,,,,,,,,,,,,,,,,,,,,,,,,,,,,,,,,,,,,,,,,,,,,,,,,,,,,,,,,,,,,,,,,,,,,,,,,,,,,,,,,,,,,,,,,
,,,,,,,,,,,,,75.0,,,,,,,,,75.0,,,,,,,,,,,,,,,,,,,,,,,,,,,,,,,,,,,,,,,,,,,,,,,,,,,,,,,,,,,,,,,,,,,,,,,,,,,,,,,,,,,,,,,,,,,,,,,,,,,,,,,,,,,,,,,,,,,,,,,,,,,,,,,,,,,,,,,,,,,,,,,,,,,,,,,,,,,,,,,,,,,,,,,,,,,,,,,,,,,,,,,,,,,,,,,,,,,,,,,,,,,,,,,,,,
,,,,,,,,,,,,,76.0,,,,,,,,,76.0,,,,,,,,,,,,,,,,,,,,,,,,,,,,,,,,,,,,,,,,,,,,,,,,,,,,,,,,,,,,,,,,,,,,,,,,,,,,,,,,,,,,,,,,,,,,,,,,,,,,,,,,,,,,,,,,,,,,,,,,,,,,,,,,,,,,,,,,,,,,,,,,,,,,,,,,,,,,,,,,,,,,,,,,,,,,,,,,,,,,,,,,,,,,,,,,,,,,,,,,,,,,,,,,,,
