unnamed_0,age_gap,average_placement,count
,,Av. = 6.9,Av. = 8.4
,0.0,6.23,60
,1.0,5.89,83
,2.0,6.05,55
,3.0,5.86,42
,4.0,5.42,38
,5.0,5.91,32
,6.0,7.08,12
,7.0,6.92,12
,8.0,5.92,12
,9.0,6.22,9
,10.0,7.67,3
,11.0,,0
,12.0,,0
,13.0,7.5,2
,14.0,,0
,15.0,,0
,16.0,7,2
,17.0,7,1
,18.0,7,1
,19.0,10.5,2
,20.0,9,1
,21.0,,0
,22.0,10,1
,23.0,3,1
,24.0,,0
,25.0,6.8,5
,26.0,6.2,5
,27.0,9.25,4
,28.0,6.38,8
,29.0,7,5
,30.0,8,2
,31.0,7.33,3
,32.0,4,3
,33.0,9.67,3
,34.0,7.33,3
,35.0,9,1
,36.0,6,2
,37.0,4.5,2
,38.0,7,1
,39.0,,0
,40.0,,0
,41.0,,0
,42.0,,0
,43.0,,0
,44.0,,0
,45.0,3,1
,46.0,,0
,47.0,,0
,48.0,,0
,49.0,10,1
