place,team,leg_1,unnamed_3,leg_2,leg_3,leg_4,leg_5,leg_6,leg_7,leg_8,leg_9,leg_10,leg_11,leg_12,leg_13,average,average_round_to_five_nearest,averages_rank,final_rank__averages_rank,median,median_rank,final_rank__median_rank,of_ranks,racing_average__theoretical_season_average,racing_average__experimental_season_average,leg_wins,leg_win_rate,podium_finishes,podium_finish_rate,standard_deviation,interquartile_range,season_average,second_place_finshes,2nd_place_rate,secondtolast_place_finishes_not_final_3,2ndtolast_rate,nonelimination_legs,nonelimination_rate,uturned,used_uturn,yielded,used_yield,mode,minimum,maximum,range,unnamed_47,roadblock_split,unnamed_49,age,unnamed_51,gender,unnamed_53,leg_11,unnamed_55,leg_21,leg_31,leg_41,leg_51,leg_61,leg_71,leg_81,leg_91,leg_101,leg_111,leg_121,leg_131,di_average,di_average_round_to_five_nearest,di_averages_rank,final_rank__di_averages_rank,di_median,di_median_rank,final_rank__di_median_rank,di_racing_average__di_theoretical_season_average,di_racing_average__di_experimental_season_average,di_standard_deviation,di_interquartile_range,di_season_average,equal_or_above_05,05_rate,less_than_05,maximum_di,minimum_di,range_di
Averages,,,,,,,,,,,,,,,,5.55,5.55388,7.36,0.14,5.75,6.86,0.64,7.57,-0.1845,-0.0007,1.0,0.0998,3.0,0.3105,2.04693,2.53571,,1.0,0.0949,0.93,0.1207,0.14,0.0144,,,,,4.7,2.64,8.57,5.93,,2.18,,30.29,,,,,,,,,,,,,,,,,,0.4,0.39611,7.43,0.07,0.40908,7.36,0.14,-0.2078,0.0,0.22973,0.26827,,4.07,0.4324,3.5,0.73909,0.03469,0.70439
Standard Deviation,,,,,,,,,,,,,,,,1.94,1.94524,3.96,2.8,2.43,3.87,3.73,4.48,0.4147,0.3503,1.31,0.1246,3.16,0.279,1.10869,1.44808,,1.13,0.1182,1.58,0.2007,0.35,0.0365,,,,,2.93,2.29,1.76,2.74,,1.47,,9.97,,,,,,,,,,,,,,,,,,0.24,0.24192,3.92,3.31,0.28756,3.96,3.25,0.4838,0.6107,0.11592,0.15266,,3.49,0.2889,2.53,0.37848,0.08651,0.36418
1,Shay & Shani,2.0,,7.0,5.0,6.0,5.0,6.0,4.0,4.0,5.0,5.0,4.0,2.0,1.0,4.31,4.30769,5.0,-4.0,5.0,6.0,-5.0,13.0,0.0808,0.2234,1.0,0.0769,3.0,0.2308,1.68179,1.0,4.68868,2.0,0.1538,2.0,0.1538,0.0,0.0,0.0,0.0,0.0,0.0,5.0,1.0,7.0,6.0,,4.0,3.0,28.0,27.0,Co-Ed,,0.83333333,,0.45454545,0.6,0.44444444,0.5,0.375,0.57142857,0.57142857,0.33333333,0.2,0.25,0.66666667,1.0,0.52,0.52309,5.0,-4.0,0.5,5.0,-4.0,0.0462,0.3206,0.21541,0.225,0.5,7.0,0.5385,6.0,1.0,0.2,0.8
2,Tom & Uriel,,3.0,3.0,2.0,7.0,3.0,3.0,1.0,6.0,4.0,1.0,1.0,1.0,2.0,2.85,2.84615,2.0,0.0,3.0,3.0,-1.0,13.0,0.3922,0.4865,4.0,0.3077,10.0,0.7692,1.83329,2.0,,2.0,0.1538,0.0,0.0,0.0,0.0,0.0,0.0,0.0,0.0,3.0,1.0,7.0,6.0,,4.0,3.0,26.0,20.0,Male,,,0.66666667,0.81818182,0.9,0.33333333,0.75,0.75,1.0,0.28571429,0.5,1.0,1.0,1.0,0.5,0.73,0.73107,2.0,0.0,0.75,3.0,-1.0,0.4621,0.8456,0.24708,0.5,,11.0,0.8462,2.0,1.0,0.28571,0.71429
3,Yochi & Linor,4.0,,4.0,6.0,5.0,9.0,7.0,6.0,5.0,1.0,2.0,3.0,3.0,3.0,4.46,4.46154,6.0,-3.0,4.0,4.0,-1.0,13.0,0.0488,0.1964,1.0,0.0769,5.0,0.3846,2.09818,3.0,,1.0,0.0769,1.0,0.0769,1.0,0.0769,0.0,0.0,0.0,0.0,3.0,1.0,9.0,8.0,,4.0,3.0,24.0,24.0,Female,,0.5,,0.72727273,0.5,0.55555556,0.0,0.25,0.28571429,0.42857143,1.0,0.8,0.5,0.33333333,0.0,0.45,0.45234,7.0,-4.0,0.5,5.0,-2.0,-0.0953,0.142,0.27825,0.26984,,7.0,0.5385,6.0,1.0,0.0,1.0
4,Vova & Alla,1.0,,9.0,7.0,9.0,8.0,8.0,7.0,7.0,6.0,4.0,2.0,4.0,,6.0,6.0,7.0,-3.0,7.0,8.0,-4.0,12.0,-0.2797,-0.0811,1.0,0.0833,2.0,0.1667,2.54951,4.0,,1.0,0.0833,6.0,0.5,0.0,0.0,2.0,0.0,3.0,0.0,7.0,1.0,9.0,8.0,,4.0,3.0,27.0,25.0,Co-Ed,,1.0,,0.27272727,0.4,0.11111111,0.125,0.125,0.14285714,0.14285714,0.16666667,0.4,0.75,0.0,,0.3,0.30302,10.0,-6.0,0.15476,11.0,-7.0,-0.394,-0.235,0.28391,0.275,,2.0,0.1667,10.0,1.0,0.0,1.0
5,Gal & Liel,,2.0,8.0,4.0,4.0,6.0,1.0,5.0,3.0,3.0,3.0,5.0,,,4.0,4.0,4.0,1.0,4.0,4.0,1.0,11.0,0.1469,0.2793,1.0,0.0909,5.0,0.4545,1.85864,2.0,,1.0,0.0909,0.0,0.0,0.0,0.0,1.0,0.0,1.0,0.0,3.0,1.0,8.0,7.0,,4.0,3.0,26.0,26.0,Co-Ed,,,0.83333333,0.36363636,0.7,0.66666667,0.375,1.0,0.42857143,0.71428571,0.66666667,0.6,0.0,,,0.58,0.57711,4.0,1.0,0.66667,4.0,1.0,0.1542,0.4569,0.25876,0.30536,,7.0,0.6364,4.0,1.0,0.0,1.0
6,Daniel & Meiri,5.0,,1.0,3.0,1.0,1.0,2.0,3.0,1.0,2.0,6.0,,,,2.5,2.5,1.0,5.0,2.0,1.0,5.0,10.0,0.4668,0.5495,4.0,0.4,8.0,0.8,1.68819,2.0,,2.0,0.2,0.0,0.0,0.0,0.0,0.0,0.0,0.0,0.0,1.0,1.0,6.0,5.0,,3.0,4.0,25.0,24.0,Male,,0.33333333,,1.0,0.8,1.0,1.0,0.875,0.71428571,1.0,0.83333333,0.0,,,,0.76,0.7556,1.0,5.0,0.85417,2.0,4.0,0.5112,0.9076,0.31814,0.26429,,8.0,0.8,2.0,1.0,0.0,1.0
7,Raz & Alexa,,5.0,2.0,1.0,3.0,2.0,5.0,2.0,2.0,7.0,,,,,3.22,3.22222,3.0,4.0,2.0,1.0,6.0,9.0,0.3132,0.4198,1.0,0.1111,6.0,0.6667,1.87248,3.0,,4.0,0.4444,0.0,0.0,0.0,0.0,0.0,0.0,0.0,0.0,2.0,1.0,7.0,6.0,,4.0,2.0,29.0,21.0,Co-Ed,,,0.33333333,0.90909091,1.0,0.77777778,0.875,0.5,0.85714286,0.85714286,0.0,,,,,0.68,0.67883,3.0,4.0,0.85714,1.0,6.0,0.3577,0.7137,0.31273,0.375,,7.0,0.7778,2.0,1.0,0.0,1.0
8,Shay & Adi,,6.0,10.0,9.0,2.0,7.0,4.0,8.0,8.0,,,,,,6.75,6.75,9.0,-1.0,7.5,12.0,-4.0,8.0,-0.4396,-0.2162,0.0,0.0,1.0,0.125,2.48747,2.75,,1.0,0.125,1.0,0.125,1.0,0.125,0.0,0.0,0.0,0.0,8.0,2.0,10.0,8.0,,3.0,2.0,27.0,27.0,Male,,,0.16666667,0.18181818,0.2,0.88888889,0.25,0.625,0.0,0.0,,,,,,0.29,0.28905,11.0,-3.0,0.19091,10.0,-2.0,-0.4219,-0.2703,0.29062,0.21875,,2.0,0.25,6.0,0.88889,0.0,0.88889
9,Roni & Yael,,4.0,6.0,10.0,8.0,4.0,9.0,,,,,,,,6.83,6.83333,10.0,-1.0,7.0,8.0,1.0,6.0,-0.4567,-0.2306,0.0,0.0,0.0,0.0,2.33928,4.25,,0.0,0.0,1.0,0.1667,0.0,0.0,0.0,0.0,0.0,0.0,4.0,4.0,10.0,6.0,,2.0,1.0,28.0,32.0,Female,,,0.5,0.54545455,0.1,0.22222222,0.625,0.0,,,,,,,,0.33,0.33211,9.0,0.0,0.36111,8.0,1.0,-0.3358,-0.1616,0.23655,0.40354,,3.0,0.5,3.0,0.625,0.0,0.625
10,Yafa & Boaz,,1.0,5.0,8.0,10.0,,,,,,,,,,6.0,6.0,7.0,3.0,6.5,7.0,3.0,4.0,-0.2797,-0.0811,1.0,0.25,1.0,0.25,3.39116,4.5,,0.0,0.0,0.0,0.0,0.0,0.0,0.0,0.0,0.0,0.0,,1.0,10.0,9.0,,1.0,1.0,57.0,27.0,Co-Ed,,,1.0,0.63636364,0.3,0.0,,,,,,,,,,0.48,0.48409,6.0,4.0,0.46818,7.0,3.0,-0.0318,0.2221,0.37336,0.50227,,2.0,0.5,2.0,1.0,0.0,1.0
11,Tiltil & Mizrahi,6.0,,11.0,11.0,,,,,,,,,,,9.33,9.33333,14.0,-3.0,11.0,14.0,-3.0,3.0,-0.9899,-0.6811,0.0,0.0,0.0,0.0,2.35702,2.5,,0.0,0.0,2.0,0.6667,0.0,0.0,0.0,0.0,1.0,0.0,11.0,6.0,11.0,5.0,,1.0,1.0,38.0,37.0,Male,,0.16666667,,0.09090909,0.0,,,,,,,,,,,0.09,0.08586,12.0,-1.0,0.09091,12.0,-1.0,-0.8283,-0.7832,0.06814,0.08333,,0.0,0.0,3.0,0.16667,0.0,0.16667
12,Irit & Sinai,3.0,,12.0,,,,,,,,,,,,7.5,7.5,13.0,-1.0,7.5,12.0,0.0,2.0,-0.5996,-0.3514,0.0,0.0,1.0,0.5,4.5,4.5,,0.0,0.0,0.0,0.0,0.0,0.0,0.0,0.0,0.0,0.0,,3.0,12.0,9.0,,1.0,0.0,54.0,31.0,Female,,0.66666667,,0.0,,,,,,,,,,,,0.33,0.33333,8.0,4.0,0.33333,9.0,3.0,-0.3333,-0.1585,0.33333,0.33333,,1.0,0.5,1.0,0.66667,0.0,0.66667
13,Tzuki & Huti,,7.0,,,,,,,,,,,,,7.0,7.0,11.0,2.0,7.0,8.0,5.0,1.0,-0.493,-0.2613,0.0,0.0,0.0,0.0,0.0,0.0,,0.0,0.0,0.0,0.0,0.0,0.0,0.0,0.0,0.0,0.0,,7.0,7.0,0.0,,0.0,0.0,29.0,29.0,Female,,,0.0,,,,,,,,,,,,,0.0,0.0,13.0,0.0,0.0,13.0,0.0,-1.0,-1.0,0.0,0.0,,0.0,0.0,1.0,0.0,0.0,0.0
14,Pnina & Hen,7.0,,,,,,,,,,,,,,7.0,7.0,11.0,3.0,7.0,8.0,6.0,1.0,-0.493,-0.2613,0.0,0.0,0.0,0.0,0.0,0.0,,0.0,0.0,0.0,0.0,0.0,0.0,0.0,0.0,0.0,0.0,,7.0,7.0,0.0,,0.0,0.0,59.0,21.0,Female,,0.0,,,,,,,,,,,,,,0.0,0.0,13.0,1.0,0.0,13.0,1.0,-1.0,-1.0,0.0,0.0,,0.0,0.0,1.0,0.0,0.0,0.0
