unnamed_0,season_us,average_age,median_age
,,Av. = 33.8,Av. = 31
,1.0,35.91,31
,2.0,35.73,33
,3.0,31.38,30
,4.0,33.96,32
,5.0,32.95,26.5
,6.0,34.32,31
,7.0,34.23,28.5
,8.0,29.4,25.5
,9.0,33.59,27
,10.0,31.42,31
,11.0,36.64,32.5
,12.0,31.5,25.5
,13.0,33.86,28.5
,14.0,37.14,36
,15.0,35.91,27
,16.0,36.09,38
,17.0,29.91,26
,18.0,34.36,29.5
,19.0,35.73,32.5
,20.0,33.45,31
,21.0,37.86,35.5
,22.0,31.95,29.5
,23.0,33.68,32
,24.0,32.23,28.5
,25.0,29.5,29
,26.0,31.36,28.5
,27.0,30.82,28
,28.0,30.64,28.5
,29.0,29.77,28
,30.0,32.27,33
,31.0,36.23,34
,32.0,33.41,32
,33.0,36.55,37
,34.0,33.67,33.5
,35.0,36.23,38
,36.0,36.96,35.5
,37.0,40.46,35.5
