place,team,canada,unnamed_3,unnamed_4,unnamed_5,unnamed_6,unnamed_7,unnamed_8,unnamed_9,unnamed_10,morocco,unnamed_12,unnamed_13,unnamed_14,unnamed_15,unnamed_16,unnamed_17,unnamed_18,unnamed_19,unnamed_20,unnamed_21,unnamed_22,unnamed_23,unnamed_24,france,unnamed_26,unnamed_27,unnamed_28,unnamed_29,unnamed_30,unnamed_31,unnamed_32,unnamed_33,unnamed_34,unnamed_35,unnamed_36,unnamed_37,unnamed_38,unnamed_39,unnamed_40,unnamed_41,unnamed_42,unnamed_43,iceland,unnamed_45,unnamed_46,unnamed_47,unnamed_48,unnamed_49,unnamed_50,unnamed_51,unnamed_52,unnamed_53,unnamed_54,unnamed_55,unnamed_56,unnamed_57,unnamed_58,unnamed_59,unnamed_60,unnamed_61,brazil,unnamed_63,unnamed_64,unnamed_65,unnamed_66,unnamed_67,unnamed_68,unnamed_69,unnamed_70,unnamed_71,unnamed_72,unnamed_73,unnamed_74,unnamed_75,unnamed_76,unnamed_77,romania,unnamed_79,unnamed_80,unnamed_81,unnamed_82,unnamed_83,unnamed_84,unnamed_85,unnamed_86,unnamed_87,unnamed_88,unnamed_89,unnamed_90,unnamed_91,"united_states
hawaii",unnamed_93,unnamed_94,unnamed_95,unnamed_96,unnamed_97,unnamed_98,unnamed_99,unnamed_100,unnamed_101,unnamed_102,unnamed_103,"united_arab_emirates
dubai",unnamed_105,unnamed_106,unnamed_107,unnamed_108,unnamed_109,unnamed_110,unnamed_111,unnamed_112,"china
beijing",unnamed_114,unnamed_115,unnamed_116,unnamed_117,unnamed_118,unnamed_119,unnamed_120,unnamed_121,unnamed_122,unnamed_123,unnamed_124,unnamed_125,"finland
oulo",unnamed_127,unnamed_128,unnamed_129,unnamed_130,unnamed_131,unnamed_132,unnamed_133,unnamed_134,unnamed_135,unnamed_136,unnamed_137,zimbabwe,unnamed_139,unnamed_140,unnamed_141,unnamed_142,unnamed_143,unnamed_144,unnamed_145,unnamed_146,unnamed_147,unnamed_148,"australia
geelong_melbourne",unnamed_150,unnamed_151,unnamed_152,unnamed_153,unnamed_154,unnamed_155,unnamed_156,unnamed_157,unnamed_158,unnamed_159,unnamed_160,unnamed_161,unnamed_162,new_zealand,unnamed_164,unnamed_165,unnamed_166,unnamed_167,unnamed_168,unnamed_169,unnamed_170,unnamed_171,unnamed_172,unnamed_173,"canada
lethbridge_alberta",unnamed_175,unnamed_176,unnamed_177,unnamed_178,unnamed_179,unnamed_180,unnamed_181,unnamed_182,unnamed_183,unnamed_184,unnamed_185,arctic_circle,unnamed_187,unnamed_188,unnamed_189,unnamed_190,unnamed_191,unnamed_192,unnamed_193,unnamed_194,unnamed_195,unnamed_196,unnamed_197,"indonesia
flores",unnamed_199,unnamed_200,unnamed_201,unnamed_202,unnamed_203,unnamed_204,unnamed_205,unnamed_206,"united_states
las_vegas_nevada",unnamed_208,unnamed_209,unnamed_210,unnamed_211,unnamed_212,unnamed_213,unnamed_214,unnamed_215,unnamed_216,"mexico
acapulco",unnamed_218,unnamed_219,unnamed_220,unnamed_221,unnamed_222,unnamed_223,unnamed_224,unnamed_225,"vietnam
cần_thơ",unnamed_227,unnamed_228,unnamed_229,unnamed_230,unnamed_231,unnamed_232,unnamed_233,unnamed_234,unnamed_235,unnamed_236,"russia
siberia",unnamed_238,unnamed_239,unnamed_240,unnamed_241,unnamed_242,unnamed_243,unnamed_244,unnamed_245,"india
darjeeling",unnamed_247,unnamed_248,unnamed_249,unnamed_250,unnamed_251,unnamed_252,unnamed_253,unnamed_254,"argentina
buenos_aires",unnamed_256,unnamed_257,unnamed_258,unnamed_259,unnamed_260,unnamed_261,unnamed_262,unnamed_263,unnamed_264,unnamed_265,unnamed_266,"the_bahammas
nassau",unnamed_268,unnamed_269,unnamed_270,unnamed_271,unnamed_272,unnamed_273,unnamed_274,unnamed_275,unnamed_276,"united_states
new_york_city",unnamed_278,unnamed_279,unnamed_280,unnamed_281,unnamed_282,unnamed_283,unnamed_284,unnamed_285
Feature/Clue,,Starting Line,Either/Or,,,,,All-In,,Airport,All-In,,,,Botch or Watch,,,,,Chill Zone,,,Chill Zone,Airport,Botch or Watch,,,,,All-In,,All-In,,,Chill Zone,Train,Botch or Watch,,,,,All-In,,Chill Zone,,,Chill Zone,Bus,All-In,,,,Plane,Either Or,,,,,,Chill Zone,Airport,Botch or Watch,,,,,All-In,,,,,,Chill Zone,,,Chill Zone,Airport,All-In,,,,Botch or Watch,,,,,,,,Chill Zone,Airport,Botch or Watch,,,,,All-In,,,,,Chill Zone,Airport,Shuttle,Either Or,,,Chill Zone,,,Chill Zone,Airport,Shuttle,All-In,,,,All-In,,Botch or Watch,,,,Chill Zone,Airport,All-In,,,,Botch or Watch,,,,,,Chill Zone,Airport,All-In,,,,,,,,,Chill Zone,Airport,All-In,,,,All-In,,,,,Chill Zone,All-In,,All-In,,,Chill Zone,Train,Either Or,,,,,,Chill Zone,Airport,All-In,,,,Botch or Watch,,,,,,Chill Zone,Airport,Botch or Watch,,,,,All-In,,,,,Chill Zone,Airport,All-In,,,,All-In,,,Chill Zone,Airport,Either Or,,,,,,,,Chill Zone,Bus,All-In,,,,All-In,,,Chill Zone,Airport,Superteam,,,,All-In,,Chill Zone,,,Chill Zone,Airport,All-In,,,,All-In,,,Chill Zone,Airport,All-In,,,,All-In,,,Chill Zone,Airport,All-In,,,,Botch or Watch,,,,,,Chill Zone,Airport,All-In,,,,Botch or Watch,,,,,Airport,All-In,,,,Chill Zone,,All-In,,Finish Line
,,,,,,,,,,,,,,,,,,,,,,,,,,,,,,,,Chill Zone,,,,,,,,,,,,,,,,,,,,,,Chill Zone,,,,,,,,,,,,,,,,,,,,,,,,,,,,Chill Zone,,,,,,,,,,,,,,,Chill Zone,,,,,,,,,,,,,,,,,,,,,,,Chill Zone,,,,,,,,,,Chill Zone,,,,,,,,Chill Zone,,,,,,,,,,,,,,,Chill Zone,,,,,,,,Chill Zone,,,,,Chill Zone,,,,,,,,,,,,Chill Zone,,,,,,,,,,,,,Chill Zone,,,,,,,,,,,,,,,,,,,,,,,,,,,,,,Chill Zone,,,,,,,,,,,,,,,,,,,,,,,,,,,,,Chill Zone,,,,,,,,,Chill Zone,,,,,,,,,,,,Chill Zone,,,,,,,,,,,,,,
,,,Stairs or Scares,,,,,Zipline,,,Pick Spices,,,,Eat Soup with Spices,,,,,,,,,,Draw Caricature,,,,,Navigate catacombs,,Ride Cheese,,,,,Retrive tip from shark,,,,,Build sandcastle,,,,,,,Repeat Icelandic phrase,,,,,Feast or Fossil,,,,,,,,Bullet ants,,,,,Cross gorge,,Tip from Coconuts,,Carnival Costume,,,,,,,Carry coffin,,,,Gymnastics,,,,,,,,,,Find ring in ocean,,,,,Walk across hot coals,,,,,,,,Serve or Squeegee,,,,,,,,,Tandem jump,,,,Skewer/Eat animals,,Pull rickshaw,,,,,,Sauna + semi-frozen river,,,,Play air guitar,,,,,,,,Ride down Victoria Falls,,,,Selfie with White Rhino,,,,,,,Escape prison cell,,,,Build & sail raft,,,,,,Bag 10 bunnies,,Fly glider,,,,,Jump Down or Jump Around,,,,,,,,Eat pork and beans,,,,Ride mechanical bull,,,,,,,,Find and toss ring onto narwal,,,,,Build igloo,,,,,,,Get vial of Komodo dragon saliva,,,,Find loom,,,,,Dune Buggy Bananza or Magic Show,,,,,,,,,,Eat pepper/Jump off cliff,,,,Ride burros,,,,,Catch 6 catfish,,,,Traverse war-tunnel,,,,,,,Ice sail,,,,Collect ball in cavern,,,,,Fill basket with tea leaves,,,,Get to front cart,,,,,Tango,,,,Tie up emu,,,,,,,,Search for a map,,,,Grab underwater bag of gold doublooms,,,,,,Climb stairs,,,,,,Unlock,,
1,Brody & Geoff,1st,3rd,▼,5th,A,▼,?,▼,C,?,,?,,?,,5th,▲,1-0,6th,▼,1.0,6th,A,7th,▼,1st,▲,1-1,?,▼,3rd,,,3rd,A,2nd,▼,16th,▼,2-1,15th,▲,15th,—,,15th,C,?,,13th,,B,?,,5th,B,▲,,5th,B,?,▼,?,,2-2,?,,?,,1st,▲,4th,▼,,4th,A,2-4 ?,▼,8?,▼,?,,?,,3-2,7th,▼,,7th,A,?,▼,?,,4-3,?,,1st,▲,,1st,A,A,?,A,▼,9th,,,9th,A,A,?,▼,1st,,3rd,▼,6th,▼,5-3,,6th,A,9-12,▼,2-12,,4-11,,5th,,5-4,,5th,A,?,▼,6th,▼,3rd,▲,2nd,▲,,2nd,A,?,▼,?,,?,,8th,,,8th,10th,▼,8th,▲,,8th,C,?,,6th,A,▲,,6th,A,1st,—,1st,—,2nd,▼,6-4,1st,▲,,1st,A,1st,▼,?,▼,6-5,?,,1st,▲,,1st,A,1st,—,?,▼,7th,,,7th,A,1st,—,1st,A,—,5th,▼,,5th,A,?,▼,4th,,6th,▼,,6th,A,5th,▼,1st,▲,5th,▼,6th,▼,,,,,,,,,,,,,,,,,,,,,,,,,,,,,,,,4th,A,2nd,▼,2nd,—,2nd,—,1st,▲,7-5,A,1st,—,1st,—,1st,—,2nd,▼,1st/2nd
1,MacArthur & Sanders,1st,4th,▼,4th,A,—,3rd,▲,A,?,,4th,▼,1st,▲,2nd,▼,0-1,2nd,—,2.0,2nd,A,1st,—,2nd,▼,1-1,1st,▲,1st,—,,1st,A,?,▼,?,,1-2,?,,3rd,▼,,3rd,A,1st,—,5th,▼,A,?,▼,11th,B,,,11th,A,1st,—,3rd,▼,2-2,1st,▲,1st,—,?,▼,13th,,,13th,A,6?,▼,11?,▼,?,,?,,2-3,8th,▼,,8th,A,?,▼,?,,3-4,?,,8th,,,8th,B,B,?,A,,8th,,,8th,A,A,?,▼,?,,2nd,▲,5th,▼,3-5,,5th,A,6th,▼,2-12,,4-11,,2nd,▲,4-5,,2nd,A,?,▼,4th,,2nd,▲,1st,▲,,1st,A,2nd,▼,?,▼,?,▼,11th,,,11th,11th,—,9th,▲,,9th,B,?,,3rd,A,▲,,3rd,A,6th,▼,5th,▲,5th,—,5-5,5th,—,,5th,C,?,,8th,,5-6,8th,—,7th,▲,,7th,A,?,▼,?,,6th,▲,,6th,A,6th,▼,4th,A,▲,3rd,▲,,3rd,A,3rd,▼,1st,▲,1st,—,,1st,A,1st,—,Zip-It Ticket,,,,1st,—,,1st,A,3rd,▼,5th,▼,5th,—,,5th,A,?,▼,3rd,,2nd,▲,,2nd,A,?,▼,3rd,,3rd,—,2nd,▲,7-5,,2nd,A,1st,—,3rd,▼,4th,▼,3rd,▲,8-5,A,2nd,▼,3rd,▼,2nd,▲,1st,▲,1st/2nd
3,Josee & Jacques,1st,2nd,▼,1st,A,▲,1st,—,A,1st,—,1st,—,3rd,▼,3rd,—,1-0,3rd,—,3.0,3rd,A,2nd,▼,?,▼,1-1,2nd,▲,2nd,—,,2nd,A,?,▼,?,,2-1,?,,1st,▲,,1st,A,?,▼,1st,▲,A,1st,—,3rd,B,▼,,3rd,B,8th,—,8th,—,2-2,?,,?,▼,?,▲,1st,▲,,1st,A,5?,▼,2nd,▲,1st,▲,1st,—,3-2,1st,—,,1st,A,?,▼,1st,▲,4-3,1st,—,3rd,▼,,3rd,A,A,4th,B,▼,4th,—,,4th,A,A,?,▼,?,,1st,▲,4th,▼,5-3,,4th,A,5th,▼,2-12,,4-11,,4th,,5-4,,4th,B,11th,—,11th,—,11th,—,11th,—,,11th,A,?,▼,?,,?,▼,10th,,,10th,1st,▲,1st,—,,1st,A,1st,—,1st,B,—,,1st,A,7th,▼,9th,▼,7th,▲,5-5,7th,—,,7th,D,?,,?,,6-5,?,▲,2nd,▲,,2nd,A,?,▼,2nd,▲,2nd,—,,2nd,A,3rd,▼,6th,A,▼,6th,—,,6th,A,?,▼,?,,2nd,▲,,2nd,A,2nd,▼,Zip-It Ticket,,,,1st,—,,1st,A,4th,▼,2nd,▲,1st,▲,,1st,A,?,▼,1st,▲,4th,▼,,4th,A,?,▼,1st,▲,1st,—,1st,—,5-7,,1st,A,3rd,▼,4th,▼,3rd,▲,2nd,▲,6-7,A,3rd,▼,2nd,▲,3rd,▼,,,
4,Kitty & Emma,1st,?,▼,?,B,,4th,▲,B,?,,12th,▼,?,,?,,0-1,11th,▲,4.0,11th,B,8th,▲,?,▼,1-1,?,,10th,,,10th,C,?,,?,,1-2,?,,9th,,,9th,B,?,,6th,▲,A,?,▼,10th,B,▼,,10th,A,?,▼,5th,,2-2,?,,?,,?,▼,7th,▲,,7th,A,2-4 ?,▼,7?,▼,?,,2nd,,2-3,3rd,▼,,3rd,A,1st,—,?,▼,3-4,?,,5th,,,5th,A,A,1st,B,—,1st,—,,1st,A,A,1st,—,?,▼,?,,3rd,▲,3-5,,3rd,A,8th,▼,2-12,,3rd,,7th,▼,4-5,,7th,A,?,▼,5th,▲,?,,5th,—,,5th,A,?,▼,?,,?,,4th,,,4th,?,▼,5th,▼,,5th,B,?,,8th,A,▼,,8th,B,8th,▼,7-8,,6th,▲,5-5,6th,—,,6th,C,?,,?,,5-6,?,,3rd,▲,,3rd,A,?,▼,?,,4th,,,4th,A,5th,▼,4th,A,▲,4th,—,,4th,A,?,▼,2nd,▲,3rd,▼,,3rd,A,6th,▼,1st,▲,6th,▼,4th,▲,,4th,A,2nd,▼,1st,▲,4th,▼,,4th,A,?,▼,4th,,1st,▲,,1st,A,1st,—,2nd,▼,2nd,—,4th,▼,7-5,,3rd,A,4th,▼,1st,▲,1st,—,4th,▼,8-5,,,,,,,,,,
5,Devin & Carrie,1st,?,▼,2nd,B,▲,2nd,—,A,?,,2nd,▼,2nd,—,1st,▲,0-1,1st,—,5.0,1st,A,3rd,▼,6th,▼,1-1,?,,4th,,,4th,A,?,▼,?,,2-1,?,,14th,▼,,14th,C,?,,9th,▲,B,?,,7th,B,,,7th,B,?,▼,?,,2-2,?,,?,▲,?,,11th,▼,,11th,B,8-14,,10?,,?,,?,,3-2,10th,▼,,10th,A,?,▼,?,,3-4,?,,2nd,,,2nd,A,A,13th,A,▼,12th,▲,,12th,B,B,?,,?,,11th,▲,10th,▲,4-4,,10th,A,9-12,▼,2-12,,4-11,,9th,,4-5,,9th,A,?,▼,9th,,4th,▲,4th,—,,4th,A,1st,—,?,▼,?,,1st,▲,,1st,?,▼,7th,▼,,7th,B,?,,2nd,B,▲,,2nd,A,4th,▼,2nd,▲,3rd,▼,5-5,3rd,—,,3rd,B,?,,?,,5-6,?,,5th,▲,,5th,A,?,▼,?,,5th,,,5th,A,7th,▼,7th,B,—,7th,—,,7th,A,2nd,▼,?,▼,4th,▲,,4th,A,3rd,▼,1st,▲,4th,▼,5th,▼,,5th,A,1st,—,?,▼,3rd,,,3rd,A,?,▼,2nd,,3rd,▼,,3rd,A,?,▼,4th,,4th,—,3rd,▲,6-6,,,,,,,,,,,,,,,,,,,,,,
6,Stephenie & Ryan,1st,?,▼,7th,A,▲,10th,▼,A,?,,3rd,▼,4th,▼,6th,▼,1-0,5th,▲,6.0,5th,A,4th,▼,?,,1-1,?,,8th,,,8th,B,?,,?,,1-2,?,,6th,▲,,6th,A,?,▼,14th,▼,C,?,,6th,A,▲,,6th,B,?,▼,?,,2-2,?,,?,▲,?,,10th,,,10th,A,1st,—,5?,▼,?,,14th,,3-2,13th,▲,,13th,A,?,▼,13th,,4-3,13th,—,13th,—,,13th,B,B,?,A,,5th,,,5th,A,A,?,▼,?,,4th,,1st,▲,4-4,,1st,A,7th,▼,2-12,,4-11,,3rd,▲,5-4,,3rd,A,1st,—,3rd,▼,1st,▲,3rd,▼,,3rd,A,?,▼,?,,?,,6th,,,6th,?,,3rd,▲,,3rd,A,2nd,▼,5th,A,▼,,5th,A,2nd,▼,4th,▼,4th,—,6-4,2nd,▲,,2nd,A,2nd,▲,1st,▲,6-5,7th,▼,8th,▼,,8th,A,?,▼,?,,3rd,,,3rd,A,4th,▼,3rd,B,▲,2nd,▲,,2nd,A,1st,—,?,▼,4th,▲,,4th,A,4th,▼,Zip-It Ticket,,,,1st,—,,1st,A,5th,▼,?,▲,2nd,▲,,2nd,A,1st,—,5th,▼,5th,—,,,,,,,,,,,,,,,,,,,,,,,,,,,,,,,,,,
7,Ennui & Crimson,1st,?,▼,12th,B,,?,▼,C,?,,?,,6th,▲,?,▼,0-1,14th,▼,7.0,14th,B,13th,▼,?,—,1-1,?,▲,13th,▼,,13th,B,?,,?,,1-2,?,,8th,▲,,8th,B,?,,3rd,▲,A,?,▼,1st,A,▲,,1st,B,?,▼,?,,2-2,?,,?,▲,?,,2nd,▲,,2nd,A,8-14,▼,6?,▲,?,,?,,3-3,12th,▼,,12th,A,?,▼,?,,4-3,?,,10th,,,10th,B,B,?,A,,7th,,,7th,A,A,?,▼,?,,?,,8th,▼,4-4,,8th,A,3rd,▼,2-12,,4-11,,10th,,5-4,,10th,A,?,▼,7th,,?,,8th,▼,,8th,A,?,▼,?,,?,,7th,,,7th,?,,2nd,▲,,2nd,A,3rd,▼,4th,A,▼,,4th,A,3rd,▼,3rd,—,1st,▲,5-5,4th,▼,,4th,B,?,,2nd,▲,6-5,1st,▲,6th,▼,,6th,A,?,▼,1st,▲,1st,—,,1st,A,2nd,▼,2nd,B,—,1st,▲,,1st,A,?,▼,3rd,▲,7th,▼,,,,,,,,,,,,,,,,,,,,,,,,,,,,,,,,,,,,,,,,,,,,,,,,,,,,,,,,,,,,,,,
8,Owen & Noah,1st,?,▼,8th,B,,11th,▼,A,?,,5th,▼,?,,?,▼,1-0,8th,▼,8.0,8th,A,6th,▼,?,▲,1-1,?,▼,16th,,,16th,C,?,,?,,2-1,?,,2nd,▲,,2nd,A,?,▼,11th,▼,B,?,,4th,A,▲,,4th,B,?,▼,?,,2-2,?,,?,,?,,12th,,,12th,B,8-14,,3rd,▲,?,,3rd,,3-2,2nd,▲,,2nd,A,2nd,▼,?,▼,3-4,?,,4th,,,4th,A,A,2nd,B,▼,2nd,—,,2nd,A,A,?,▼,?,,?,,2nd,▲,4-4,,2nd,A,1st,—,2-12,▼,1st,▲,11th,,4-5,,11th,A,?,▼,10th,,?,,6th,▲,,6th,A,?,▼,?,,?,,5th,,,5th,?,,6th,▼,,6th,B,?,,9th,A,▼,,9th,B,9th,▼,7-8,▲,8th,,5-5,8th,—,,8th,D,?,,?,,5-6,?,,4th,▼,,4th,A,?,▼,6th,,8th,▼,,,,,,,,,,,,,,,,,,,,,,,,,,,,,,,,,,,,,,,,,,,,,,,,,,,,,,,,,,,,,,,,,,,,,,,,,,,,,,,,,,
9,Dwayne & Junior,1st,1st,—,6th,A,▼,7th,▼,A,?,,6th,▼,18th,▼,18th,—,1-0,17th,▲,9.0,17th,B,11th,▼,7th,▲,1-1,?,,5th,,,5th,A,1st,—,1st,—,2-1,1st,—,4th,▼,,4th,A,?,▼,15th,▼,C,?,,8th,B,▲,,8th,B,?,▼,?,,2-2,?,,?,,?,,6th,▲,,6th,A,2-4 ?,▼,4?,,?,,?,,3-2,6th,▼,,6th,A,?,▼,?,,3-4,?,,6th,,,6th,B,B,?,B,,6th,,,6th,B,B,?,,?,,?,,11th,▼,4-4,,11th,A,9-12,▼,2-12,,4-11,,6th,,4-5,,6th,A,?,▼,2nd,▲,5th,▼,10th,▼,,10th,A,?,▼,?,,?,,3rd,,,3rd,?,▼,4th,▼,,4th,C,?,,7th,B,▲,,7th,B,5th,▲,6th,▼,9th,▼,5-5,9th,—,,,,,,,,,,,,,,,,,,,,,,,,,,,,,,,,,,,,,,,,,,,,,,,,,,,,,,,,,,,,,,,,,,,,,,,,,,,,,,,,,,,,,,,,,,,,,,,,,,,,,,,
10,Rock & Spud,1st,?,▼,10th,B,,?,▼,B,?,,?,,5th,▲,?,▼,1-0,9th,▼,10.0,9th,B,15th,▼,?,▲,1-1,?,,15th,,,15th,C,?,,?,,2-1,?,,13th,▼,,13th,C,?,,8th,▲,B,?,,14th,A,▼,,14th,A,2nd,▼,7th,▼,2-2,?,▼,?,,?,,14th,,,14th,B,8-14,,13?,,?,,?,,3-2,9th,▼,,9th,A,?,▼,?,,3-3,?,,11th,,,11th,B,B,?,A,,11th,,,11th,B,B,?,,12th,—,12th,—,12th,—,4-3,,12th,A,2nd,▼,2-12,,12th,,1st,▲,4-4,,1st,A,2nd,▼,1st,▲,?,,9th,▼,,9th,A,?,▼,11th,,9th,▲,9th,—,,9th,?,,10th,▼,,,,,,,,,,,,,,,,,,,,,,,,,,,,,,,,,,,,,,,,,,,,,,,,,,,,,,,,,,,,,,,,,,,,,,,,,,,,,,,,,,,,,,,,,,,,,,,,,,,,,,,,,,,,,,,,,,,,,,,,,,,
11,Lorenzo & Chet,1st,6th,▼,13th,A,▼,?,—,C,?,,?,,?,,?,,0-1,15th,▼,11.0,15th,B,10th,▼,?,▼,1-1,?,,6th,,,6th,B,?,,?,,1-2,?,,7th,▼,,7th,B,?,,10th,,B,?,,9th,B,,,9th,A,?,▼,2nd,▲,2-2,2nd,—,?,,?,▲,5th,,,5th,B,7?,,1st,▲,?,▼,4th,,2-3,4th,—,,4th,A,?,▼,?,,3-4,?,,7th,,,7th,A,A,?,A,▼,10th,,,10th,B,B,?,,?,,?,▼,7th,▲,4-4,,7th,A,9-12,▼,2-12,,4-11,,8th,,4-5,,8th,A,?,▼,8th,,?,,7th,▲,,7th,A,?,▼,1st,▲,1st,—,2nd,▼,,2nd,?,,11th,▼,,,,,,,,,,,,,,,,,,,,,,,,,,,,,,,,,,,,,,,,,,,,,,,,,,,,,,,,,,,,,,,,,,,,,,,,,,,,,,,,,,,,,,,,,,,,,,,,,,,,,,,,,,,,,,,,,,,,,,,,,,,
12,Jay & Mickey,1st,7th,▼,18th,A,▼,?,▲,C,?,,?,,?,,?,,1-0,12th,▲,12.0,12th,B,12th,▼,8th,▲,1-1,?,,12th,,,12th,C,?,,?,,2-1,?,,12th,▼,,12th,B,?,,7th,,B,?,,12th,B,,,12th,A,?,▼,4th,,2-2,?,,?,▲,?,▼,7th,▲,,7th,B,8-14,,9?,,?,,12th,,3-2,11th,▲,,11th,A,?,▼,?,,3-4,?,,9th,,,9th,B,B,3rd,A,▲,3rd,—,,3rd,A,A,?,▼,?,,?,▼,9th,,4-4,,9th,A,4th,▼,1st,▲,2nd,▼,12th,▼,4-5,,,,,,,,,,,,,,,,,,,,,,,,,,,,,,,,,,,,,,,,,,,,,,,,,,,,,,,,,,,,,,,,,,,,,,,,,,,,,,,,,,,,,,,,,,,,,,,,,,,,,,,,,,,,,,,,,,,,,,,,,,,,,,,,,,,,,,,,,,,,,,,,,,,,,,,
13,Kelly & Taylor,1st,18th,▼,?,B,▲,9th,▲,B,?,,?,,?,,?,,1-0,13th,▼,13.0,13th,B,9th,—,?,▼,1-1,?,,11th,,,11th,C,?,,?,,2-1,?,,10th,▼,,10th,B,?,,12th,,B,?,,13th,A,,,13th,A,?,▼,6th,,2-2,?,,?,,?,▼,3rd,▲,,3rd,B,8-14,,14?,,?,,?,,3-2,5th,▲,,5th,A,?,▼,?,,3-3,12th,▼,12th,—,,12th,B,B,12th,B,▼,13th,▼,,,,,,,,,,,,,,,,,,,,,,,,,,,,,,,,,,,,,,,,,,,,,,,,,,,,,,,,,,,,,,,,,,,,,,,,,,,,,,,,,,,,,,,,,,,,,,,,,,,,,,,,,,,,,,,,,,,,,,,,,,,,,,,,,,,,,,,,,,,,,,,,,,,,,,,,,,,,,,,,,,,,,,,,,,,,,,,,
14,Tom & Jen,1st,5th,▼,?,B,▼,8th,▲,B,7th,—,?,,?,,?,,1-0,10th,▼,14.0,10th,B,14th,▼,?,▲,1-1,?,,7th,▲,,7th,D,?,,?,,2-1,?,,5th,▼,,5th,A,?,▼,4th,,A,?,▼,2nd,B,,,2nd,B,?,▼,?,,2-2,?,,?,,?,,9th,,,9th,B,8-14,,12?,,?,,13th,,3-2,14th,▼,,,,,,,,,,,,,,,,,,,,,,,,,,,,,,,,,,,,,,,,,,,,,,,,,,,,,,,,,,,,,,,,,,,,,,,,,,,,,,,,,,,,,,,,,,,,,,,,,,,,,,,,,,,,,,,,,,,,,,,,,,,,,,,,,,,,,,,,,,,,,,,,,,,,,,,,,,,,,,,,,,,,,,,,,,,,,,,,,,,,,,,,,,,,,,,,,,,,,
15,Laurie & Miles,1st,?,▼,?,B,,6th,▲,B,?,,7th,▲,17th,▼,17th,—,0-1,16th,▲,15.0,16th,B,16th,▼,?,,1-1,?,,14th,,,14th,C,?,,?,,1-2,?,,11th,▼,,11th,B,?,,2nd,▲,A,?,▼,15th,B,▼,,15th,A,?,▼,1st,▲,2-2,?,▼,?,▲,?,,15th,▼,,,,,,,,,,,,,,,,,,,,,,,,,,,,,,,,,,,,,,,,,,,,,,,,,,,,,,,,,,,,,,,,,,,,,,,,,,,,,,,,,,,,,,,,,,,,,,,,,,,,,,,,,,,,,,,,,,,,,,,,,,,,,,,,,,,,,,,,,,,,,,,,,,,,,,,,,,,,,,,,,,,,,,,,,,,,,,,,,,,,,,,,,,,,,,,,,,,,,,,,,,,,,,,,,,,
16,Ellody & Mary,1st,?,▼,9th,B,,5th,▲,B,?,,8th,,?,,?,,0-1,7th,▲,16.0,7th,A,5th,▼,?,▼,1-1,?,,9th,,,9th,B,?,,?,,1-2,16th,▼,16th,▼,,,,,,,,,,,,,,,,,,,,,,,,,,,,,,,,,,,,,,,,,,,,,,,,,,,,,,,,,,,,,,,,,,,,,,,,,,,,,,,,,,,,,,,,,,,,,,,,,,,,,,,,,,,,,,,,,,,,,,,,,,,,,,,,,,,,,,,,,,,,,,,,,,,,,,,,,,,,,,,,,,,,,,,,,,,,,,,,,,,,,,,,,,,,,,,,,,,,,,,,,,,,,,,,,,,,,,,,,,,,,,,,,,,,,,,,,,,,,,,,
17,Gerry & Pete,1st,?,▼,3rd,B,▲,?,▼,C,?,,?,,7th,▲,4th,▲,1-0,4th,—,17.0,4th,A,17th,▼,?,▲,1-1,?,,17th,,,,,,,,,,,,,,,,,,,,,,,,,,,,,,,,,,,,,,,,,,,,,,,,,,,,,,,,,,,,,,,,,,,,,,,,,,,,,,,,,,,,,,,,,,,,,,,,,,,,,,,,,,,,,,,,,,,,,,,,,,,,,,,,,,,,,,,,,,,,,,,,,,,,,,,,,,,,,,,,,,,,,,,,,,,,,,,,,,,,,,,,,,,,,,,,,,,,,,,,,,,,,,,,,,,,,,,,,,,,,,,,,,,,,,,,,,,,,,,,,,,,,,,,,,,,,
18,Leonard & Tammy,1st,?,▼,11th,B,,?,▼,C,?,,18th,▼,16th,▲,16th,—,1-0,18th,▼,18.0,,,,,,,,,,,,,,,,,,,,,,,,,,,,,,,,,,,,,,,,,,,,,,,,,,,,,,,,,,,,,,,,,,,,,,,,,,,,,,,,,,,,,,,,,,,,,,,,,,,,,,,,,,,,,,,,,,,,,,,,,,,,,,,,,,,,,,,,,,,,,,,,,,,,,,,,,,,,,,,,,,,,,,,,,,,,,,,,,,,,,,,,,,,,,,,,,,,,,,,,,,,,,,,,,,,,,,,,,,,,,,,,,,,,,,,,,,,,,,,,,,,,,,,,,,,,,,,,,,,,,,,
