place,team,leg_1,leg_2,leg_3,leg_4,leg_5,leg_6,leg_7,leg_8,leg_9,leg_10,leg_11,leg_12,leg_13,average,average_round_to_five_nearest,averages_rank,final_rank__averages_rank,median,median_rank,final_rank__median_rank,of_ranks,racing_average__theoretical_season_average,racing_average__experimental_season_average,leg_wins,leg_win_rate,podium_finishes,podium_finish_rate,standard_deviation,interquartile_range,season_average,second_place_finshes,2nd_place_rate,secondtolast_place_finishes_not_final_3,2ndtolast_rate,nonelimination_legs,nonelimination_rate,uturned,used_uturn,yielded,used_yield,mode,minimum,maximum,range,unnamed_46,roadblock_split,unnamed_48,age,unnamed_50,gender,unnamed_52,leg_11,leg_21,leg_31,leg_41,leg_51,leg_61,leg_71,leg_81,leg_91,leg_101,leg_111,leg_121,leg_131,di_average,di_average_round_to_five_nearest,di_averages_rank,final_rank__di_averages_rank,di_median,di_median_rank,final_rank__di_median_rank,di_racing_average__di_theoretical_season_average,di_racing_average__di_experimental_season_average,di_standard_deviation,di_interquartile_range,di_season_average,equal_or_above_05,05_rate,less_than_05,maximum_di,minimum_di,range_di
Averages,,,,,,,,,,,,,,,5.6,5.5954,5.91,0.09,5.45,5.73,0.27,7.91,-0.3193,0.0008,1.18,0.0909,3.55,0.3094,1.57611,1.61364,,1.18,0.1015,1.09,0.0958,0.45,0.0764,,,,,3.57,3.55,8.45,4.91,,3.91,,31.36,,,,,,,,,,,,,,,,,0.39,0.39403,6.0,0.0,0.41385,6.0,0.0,-0.2119,0.0,0.23805,0.349,,4.27,0.422,3.64,0.71111,0.02525,0.68586
Standard Deviation,,,,,,,,,,,,,,,2.59,2.58684,3.18,0.79,2.73,3.25,0.86,4.5,0.6101,0.462,2.29,0.1761,3.99,0.2969,0.66432,1.03002,,1.34,0.1054,1.24,0.1009,0.66,0.111,,,,,2.06,3.09,1.44,2.15,,2.39,,9.25,,,,,,,,,,,,,,,,,0.23,0.22599,3.16,0.95,0.25759,3.16,1.81,0.452,0.5735,0.09684,0.16643,,4.02,0.2871,2.27,0.31273,0.05486,0.29363
1,Morten & Truls,4.0,1.0,2.0,2.0,1.0,6.0,2.0,1.0,1.0,4.0,1.0,2.0,1.0,2.15,2.15385,1.0,0.0,2.0,1.0,0.0,13.0,0.4931,0.6161,6.0,0.4615,10.0,0.7692,1.5113,1.0,4.24138,4.0,0.3077,2.0,0.1538,0.0,0.0,0.0,0.0,0.0,0.0,1.0,1.0,6.0,5.0,,6.0,7.0,34.0,30.0,Male,,0.7,1.0,0.875,0.85714286,1.0,0.16666667,0.8,1.0,1.0,0.25,1.0,0.66666667,1.0,0.79,0.7935,1.0,0.0,0.875,1.0,0.0,0.587,1.0138,0.27452,0.3,0.5,11.0,0.8462,2.0,1.0,0.16667,0.83333
2,Karim & Khabat,1.0,9.0,4.0,1.0,2.0,1.0,1.0,3.0,3.0,1.0,3.0,1.0,2.0,2.46,2.46154,2.0,0.0,2.0,1.0,1.0,13.0,0.42,0.5607,6.0,0.4615,11.0,0.8462,2.13453,2.0,,2.0,0.1538,1.0,0.0769,0.0,0.0,0.0,0.0,0.0,0.0,1.0,1.0,9.0,8.0,,7.0,6.0,26.0,27.0,Male,,1.0,0.11111111,0.625,1.0,0.85714286,1.0,1.0,0.6,0.5,1.0,0.5,1.0,0.5,0.75,0.74563,2.0,0.0,0.85714,2.0,0.0,0.4913,0.8923,0.28011,0.5,,12.0,0.9231,1.0,1.0,0.11111,0.88889
3,Cathrine & Michelle,7.0,2.0,1.0,3.0,7.0,5.0,4.0,5.0,4.0,2.0,2.0,3.0,3.0,3.69,3.69231,3.0,0.0,3.0,3.0,0.0,13.0,0.13,0.3411,1.0,0.0769,7.0,0.5385,1.81382,3.0,,3.0,0.2308,4.0,0.3077,0.0,0.0,0.0,0.0,0.0,0.0,2.0,1.0,7.0,6.0,,6.0,7.0,29.0,29.0,Female,,0.4,0.88888889,1.0,0.71428571,0.14285714,0.33333333,0.4,0.2,0.25,0.75,0.75,0.33333333,0.0,0.47,0.47405,4.0,-1.0,0.4,5.0,-2.0,-0.0519,0.2031,0.29987,0.5,,5.0,0.3846,8.0,1.0,0.0,1.0
4,Frank & Ivar,8.0,4.0,3.0,7.0,3.0,2.0,3.0,4.0,2.0,3.0,4.0,4.0,,3.92,3.91667,4.0,0.0,3.5,4.0,0.0,12.0,0.0758,0.3,0.0,0.0,6.0,0.5,1.75396,1.0,,2.0,0.1667,2.0,0.1667,0.0,0.0,0.0,0.0,0.0,0.0,4.0,2.0,8.0,6.0,,6.0,6.0,26.0,26.0,Male,,0.3,0.66666667,0.75,0.14285714,0.71428571,0.83333333,0.6,0.4,0.75,0.5,0.25,0.0,,0.49,0.49226,3.0,1.0,0.55,3.0,1.0,-0.0155,0.2493,0.25967,0.43571,,7.0,0.5833,5.0,0.83333,0.0,0.83333
5,Kari & Bjørn,9.0,5.0,5.0,6.0,4.0,4.0,5.0,2.0,5.0,5.0,5.0,,,5.0,5.0,5.0,0.0,5.0,5.0,0.0,11.0,-0.1789,0.1071,0.0,0.0,1.0,0.0909,1.59545,0.5,,1.0,0.0909,2.0,0.1818,2.0,0.1818,0.0,0.0,0.0,0.0,5.0,2.0,9.0,7.0,,5.0,6.0,44.0,64.0,Co-Ed,,0.2,0.55555556,0.5,0.28571429,0.57142857,0.5,0.2,0.8,0.0,0.0,0.0,,,0.33,0.32843,6.0,-1.0,0.28571,9.0,-4.0,-0.3431,-0.1665,0.26117,0.42778,,5.0,0.4545,6.0,0.8,0.0,0.8
6,Tor Einar & Cathrine,6.0,7.0,7.0,5.0,5.0,3.0,6.0,6.0,,,,,,5.63,5.625,7.0,-1.0,6.0,7.0,-1.0,8.0,-0.3274,-0.0054,0.0,0.0,1.0,0.125,1.21835,1.25,,0.0,0.0,0.0,0.0,1.0,0.125,0.0,0.0,0.0,0.0,6.0,3.0,7.0,4.0,,3.0,5.0,42.0,22.0,Co-Ed,,0.5,0.33333333,0.25,0.42857143,0.42857143,0.66666667,0.0,0.0,,,,,,0.33,0.32589,7.0,-1.0,0.38095,6.0,0.0,-0.3482,-0.1729,0.21959,0.25893,,2.0,0.25,6.0,0.66667,0.0,0.66667
7,Julie & Vichy,2.0,3.0,8.0,4.0,6.0,7.0,,,,,,,,5.0,5.0,5.0,2.0,5.0,5.0,2.0,6.0,-0.1789,0.1071,0.0,0.0,2.0,0.3333,2.16025,3.5,,1.0,0.1667,1.0,0.1667,0.0,0.0,0.0,0.0,0.0,0.0,,2.0,8.0,6.0,,3.0,3.0,28.0,30.0,Female,,0.9,0.77777778,0.125,0.57142857,0.28571429,0.0,,,,,,,,0.44,0.44332,5.0,2.0,0.42857,4.0,3.0,-0.1134,0.1251,0.33154,0.56101,,3.0,0.5,3.0,0.9,0.0,0.9
8,Bjarne & Vilde,3.0,6.0,6.0,8.0,8.0,,,,,,,,,6.2,6.2,8.0,0.0,6.0,7.0,1.0,5.0,-0.4618,-0.1071,0.0,0.0,1.0,0.2,1.83303,2.0,,0.0,0.0,0.0,0.0,1.0,0.2,0.0,0.0,0.0,0.0,6.0,3.0,8.0,5.0,,3.0,2.0,31.0,20.0,Co-Ed,,0.8,0.44444444,0.375,0.0,0.0,,,,,,,,,0.32,0.32389,8.0,0.0,0.375,7.0,1.0,-0.3522,-0.178,0.30121,0.44444,,1.0,0.2,4.0,0.8,0.0,0.8
9,Martha & Elise,10.0,8.0,9.0,,,,,,,,,,,9.0,9.0,10.0,-1.0,9.0,10.0,-1.0,3.0,-1.122,-0.6071,0.0,0.0,0.0,0.0,0.8165,1.0,,0.0,0.0,0.0,0.0,1.0,0.3333,0.0,0.0,0.0,0.0,,8.0,10.0,2.0,,2.0,1.0,22.0,25.0,Female,,0.1,0.22222222,0.0,,,,,,,,,,,0.11,0.10741,10.0,-1.0,0.1,10.0,-1.0,-0.7852,-0.7274,0.09087,0.11111,,0.0,0.0,3.0,0.22222,0.0,0.22222
10,Pål Christian & Ivar,5.0,10.0,,,,,,,,,,,,7.5,7.5,9.0,1.0,7.5,9.0,1.0,2.0,-0.7683,-0.3393,0.0,0.0,0.0,0.0,2.5,2.5,,0.0,0.0,0.0,0.0,0.0,0.0,0.0,0.0,0.0,0.0,,5.0,10.0,5.0,,2.0,0.0,32.0,39.0,Male,,0.6,0.0,,,,,,,,,,,,0.3,0.3,9.0,1.0,0.3,8.0,2.0,-0.4,-0.2386,0.3,0.3,,1.0,0.5,1.0,0.6,0.0,0.6
11,Kenneth & Hakan,11.0,,,,,,,,,,,,,11.0,11.0,11.0,0.0,11.0,11.0,0.0,1.0,-1.5935,-0.9643,0.0,0.0,0.0,0.0,0.0,0.0,,0.0,0.0,0.0,0.0,0.0,0.0,0.0,0.0,0.0,0.0,,11.0,11.0,0.0,,0.0,0.0,32.0,32.0,Male,,0.0,,,,,,,,,,,,,0.0,0.0,11.0,0.0,0.0,11.0,0.0,-1.0,-1.0,0.0,0.0,,0.0,0.0,1.0,0.0,0.0,0.0
