season,unnamed_1,alternate_name,installment__of_version,filming_date,order_of_filming,unnamed_6,unnamed_7,unnamed_8,unnamed_9,unnamed_10,unnamed_11,unnamed_12,unnamed_13,airing_date,unnamed_15,unnamed_16,unnamed_17,unnamed_18,unnamed_19,unnamed_20,unnamed_21,unnamed_22,order_of_airing,filming_duration,days_between_premiere_filming_and_finale_air_date,days_between_finale_filming_and_finale_air_date,days_between_finale_filming_and_premiere_air_date,rank_tv_schedule,timeslot,of_average_viewers_in_millions,of_premere_viewers_in_millions,of_finale_viewers_in_millions,34,countries_visited,of_countries_visited,unnamed_36,of_new_countries_visited,unnamed_38,of_unique_countries_visited,unnamed_40,of_countries_visited_only_twice_or_only_once,unnamed_42,of_continents_visited,distance_traveled_miles,of_cities_visited,of_legs,of_teams,of_episodes,overall_route_quality,unnamed_50,of_nonelimination_legs,of_super_legs_or_mega_legs,of_norest_legs,of_consecutive_nonelimination_points,total__of_nonelimination_points,of_times_that_a_team_that_survived_the_next_leg_after_placing_last_on_a_nonelimination_point_not_including_penultimate_leg,of_times_that_a_team_that_survived_the_next_leg_after_placing_last_on_a_nonelimination_point_including_penultimate_leg,unnamed_58,of_times_that_a_team_that_won_the_next_leg_after_placing_last_on_a_nonelimination_leg,of_times_that_a_team_placed_last_the_next_leg_after_placing_last_on_a_nonelimination_point,nonelimination_survival_rate_not_including_penultimate_legs,nonelimination_survival_rate_including_penultimate_legs,nonelimination_survival_rate_including_penultimate_legs1,unnamed_64,number_of_no_penalty_nonelimination_points_not_including_penultimate_leg,number_of_no_penalty_nonelimination_points_including_penultimate_leg,number_of_teams_that_faced_no_penalty_nonelimination_points,number_of_times_that_a_team_that_survived_a_no_penalty_nonelimination_point_not_including_penultimate_leg,number_of_times_that_a_team_that_survived_a_no_penalty_nonelimination_point_including_penultimate_leg,unnamed_70,nopenalty_nonelimination_survival_rate_not_including_penultimate_legs,nopenalty_nonelimination_survival_rate_including_penultimate_legs,nopenalty_nonelimination_survival_rate_including_penultimate_legs1,unnamed_74,number_of_no_penalty_nonelimination_legs_not_including_penultimate_leg,number_of_no_penalty_nonelimination_legs,number_of_times_that_a_team_that_survived_a_no_penalty_nonelimination_leg_not_including_penultimate_leg,number_of_times_that_a_team_that_survived_a_no_penalty_nonelimination_leg_including_penultimate_leg,unnamed_79,nopenalty_nonelimination_leg_survival_rate_not_including_penultimate_legs,nopenalty_nonelimination_leg_survival_rate_including_penultimate_legs,nopenalty_nonelimination_leg_survival_rate_including_penultimate_legs1,unnamed_83,number_of_no_penalty_nonelimination_superlegs_or_megalegs_or_norest_legs_not_including_penultimate_leg,number_of_no_penalty_nonelimination_superlegs_or_megalegs_or_norest_legs_including_penultimate_leg,number_of_times_that_a_team_that_survived_a_superleg_or_megaleg_or_norest_leg_not_including_penultimate_leg,number_of_times_that_a_team_that_survived_a_superleg_or_megaleg_or_norest_leg_including_penultimate_leg,unnamed_88,superleg__megaleg__norest_leg_survival_rate_not_including_penultimate_legs,superleg__megaleg__norest_leg_survival_rate_including_penultimate_legs,superleg__megaleg__norest_leg_survival_rate_including_penultimate_legs1,unnamed_92,"number_of_surrender_money
nonelimination_points",number_of_times_that_a_team_that_survived_a_surrender_money_nonelimination_point,surrender_money_survival_rate,"number_of_surrender_money__possessions
nonelimination_points",number_of_times_that_a_team_that_survived_a_surrender_money__possessions_nonelimination_point,unnamed_98,surrender_money__possessions_survival_rate_not_including_penultimate_legs,surrender_money__possessions_survival_rate_including_penultimate_legs,unnamed_101,number_of_marked_for_elimination_nonelimination_points,number_of_times_that_a_team_that_survived_a_marked_for_elimination_point,marked_for_elimination_survival_rate,unnamed_105,number_of_speedbump_nonelimination_points,number_of_speedbumps,number_of_times_that_a_team_that_survived_a_speedbump,speedbump_survival_rate,unnamed_110,of_fast_forwards,of_used_fast_forwards,of_unaired_fast_forwards,of_fast_forward_wins,of_surviving_fast_forward_placements,of_eliminated_fast_forward_placements,unnamed_117,of_single_uturn_slots,of_double_uturn_slots,total__of_uturn_slots,of_blind_uturn_slots,of_uturn_penalties,of_uturn_votes,total__of_uturns_availiable,of_used_uturns_slots,of_unaired_uturn_slots,of_successfully_used_uturns_slots,of_times_a_team_was_uturned,of_eliminated_uturns,uturn_survival_rate,unnamed_131,of_yields,of_used_yields,of_successfully_eliminated_yields,yield_survival_rate,unnamed_136,average_age,age_standard_deviation,youngest_age,oldest_age,age_range,unnamed_142,average_roadblocks,roadblock_standard_deviation,least_roadblocks,most_roadblocks,total__of_roadblocks_attempted,total_amount_of_roadblocks,unnamed_149,of_female_contestants,of_male_contestants,of_coed_teams,of_allfemale_teams,of_female_contestants1,of_male_contestants1,of_coed_teams1,of_allfemale_teams1,of_allmale_teams,unnamed_159,team_averages,team_averages1,unnamed_162,final_rank__averages_rank,unnamed_164,median,median1,unnamed_167,final_rank__median_rank,unnamed_169,of_ranks,of_ranks1,unnamed_172,of_legs1,of_legs2,unnamed_175,racing_average__theoretical_season_average,racing_average__theoretical_season_average1,unnamed_178,racing_average__experimental_season_average,unnamed_180,leg_wins,leg_wins1,unnamed_183,leg_win_rate,leg_win_rate1,unnamed_186,podium_finishes,podium_finishes1,unnamed_189,podium_finish_rate,podium_finish_rate1,unnamed_192,standard_deviation,standard_deviation1,unnamed_195,interquartile_range,interquartile_range1,unnamed_198,season_average,unnamed_200,second_place_finishes,second_place_finshes,unnamed_203,2nd_place_rate,2nd_place_rate1,unnamed_206,2ndlast_place_finishes_not_final_3,2ndlast_place_finishes_not_final_31,unnamed_209,2ndlast_rate,2ndlast_rate1,unnamed_212,nonelimination_legs,nonelimination_legs1,unnamed_215,nonelimination_rate,nonelimination_rate1,unnamed_218,mode,mode1,unnamed_221,minimum,minimum1,unnamed_224,maximum,maximum1,unnamed_227,range,range1,unnamed_230,di_average,di_average1,unnamed_233,final_rank__di_averages_rank,unnamed_235,di_median,di_median1,unnamed_238,final_rank__di_median_rank,unnamed_240,di_racing_average__di_theoretical_season_average,di_racing_average__di_theoretical_season_average1,unnamed_243,di_racing_average__di_experimental_season_average,unnamed_245,di_standard_deviation,di_standard_deviation1,unnamed_248,interquartile_range2,interquartile_range3,unnamed_251,equal_or_above_05,equal_or_above_051,unnamed_254,05_rate,05_rate1,unnamed_257,less_than_05,less_than_051,unnamed_260,maximum_di,maximum_di1,unnamed_263,minimum_di,minimum_di1,unnamed_266,range_di,range_di1,unnamed_269,of_teams_that_won_1_legs,of_teams_that_won_2_legs,unnamed_272,of_teams_that_placed_in_the__podium_1_times,of_teams_that_placed_in_the__podium_2_times,unnamed_275,of_teams_that_placed_second_1_times,unnamed_277,of_teams_that_placed_2ndlast_1_times,unnamed_279,of_teams_that_placed_last_on_a_nonelimination_point,unnamed_281,of_teams_that_never_placed_4th,of_teams_that_never_placed_5th,of_teams_that_never_placed_6th,unnamed_285,of_teams_that_placed_075_di_at_least_once,of_teams_that_placed_0667_di_at_least_once,of_teams_that_placed_05_di_at_least_once,unnamed_289,of_teams_that_never_placed_last,of_teams_that_always_placed_05_di
,,,,,,,,,,,,,,,,,,,,,,,,,,,,,,,,,,,,,,,,,,,,SUM = 1251811,,SUM = 441,SUM = 418,SUM = 429,,,SUM = 91,SUM = 12,SUM = 14,SUM = 2,SUM = 116,SUM = 73,SUM = 81,SUM = 77,SUM = 10,SUM = 38,RATE = 66.97%,RATE = 69.23%,RATE = 65.81%,,SUM = 34,SUM = 41,SUM = 42,SUM = 25,SUM = 31,SUM = 28,RATE = 71.43%,RATE = 73.81%,RATE = 66.67%,,SUM = 12,SUM = 16,SUM = 9,SUM = 13,SUM = 11,RATE = 75%,RATE = 81.25%,RATE = 68.75%,,SUM = 22,SUM = 25,SUM = 16,SUM = 18,SUM = 17,RATE = 69.57%,RATE = 69.23%,RATE = 65.38%,,SUM = 7,SUM = 6,RATE = 85.71%,SUM = 9,SUM = 9,SUM = 8,RATE = 100%,RATE = 88.89%,,SUM = 7,SUM = 3,RATE = 42.86%,,SUM = 49,SUM = 51,SUM = 34,RATE = 66.67%,,SUM = 76,SUM = 53,SUM = 20,SUM = 46,SUM = 51,SUM = 2,,SUM = 11,SUM = 60,SUM = 71,SUM = 10,SUM = 1,SUM = 5,SUM = 77,SUM = 64,SUM = 5,SUM = 49,SUM = 54,SUM = 28,RATE = 48.15%,,SUM = 33,SUM = 14,SUM = 3,RATE = 78.57%,,,,,,,,,,,,,,,,,,,,,,,,,Average,STDEV.P,,STDEV.P,,Average,STDEV.P,,STDEV.P,,Average,STDEV.P,,Average,STDEV.P,,Average,STDEV.P,,STDEV.P,,Average,STDEV.P,,Average,STDEV.P,,Average,STDEV.P,,Average,STDEV.P,,Average,STDEV.P,,Average,STDEV.P,,Average,,Average,STDEV.P,,Average,STDEV.P,,Average,STDEV.P,,Average,STDEV.P,,Average,STDEV.P,,Average,STDEV.P,,Average,STDEV.P,,Average,STDEV.P,,Average,STDEV.P,,Average,STDEV.P,,Average,STDEV.P,,STDEV.P,,Average,STDEV.P,,STDEV.P,,Average,STDEV.P,,STDEV.P,,Average,STDEV.P,,Average,STDEV.P,,Average,STDEV.P,,Average,STDEV.P,,Average,STDEV.P,,Average,STDEV.P,,Average,STDEV.P,,Average,STDEV.P,,,,,,,,,,,,,,,,,,,,,,,
,,,,,,,,,,,,,,,,,,,,,,,,,,,,,,,,,,,,,,,,,,,,,,,,,,,,,,,,,,,,,,,,,,,,,,,,,,,,,,,,,,,,,,,,,,,,,,,,,,,,,,,,,,,,,,,,,,,,,,,,,,,,,,,,,,,,,,,,,,,,,,,,,,,,,,,,,,,,,,,,,,,,,,,,,,,,,,,,,,,,,,,,,,,,,,,,,,,,,,,,,,,,,,,,,,,,,,,,,,,,,,,,,,,,,,,,,,,,,,,,,,,,,,,,,,,,,,,,,,,,,,,,,,,,,,,,,,,,,,,,,,,,,,,,,,,
Average,,,,,,,,,,,,,,,,,,,,,,,,24.0,239.11,199.73,124.43,45.77142857,,9.010810811,8.302432432,8.655945946,,,9.297297297,,2.594594595,,1.054054054,,2.027027027,,4.027027027,33832.72973,25.86486486,11.91891892,11.2972973,11.59459459,0.5812636961,,2.459459459,0.3243243243,0.3783783784,0.05405405405,3.135135135,1.972972973,2.189189189,2.081081081,0.2702702703,1.027027027,,,,,1.259259259,1.518518519,2,0.9259259259,1.148148148,1.037037037,,,,,2,2.666666667,1.5,2.166666667,1.833333333,,,,,1.047619048,1.19047619,0.7619047619,0.8571428571,0.8095238095,,,,,3.5,3,,3,3,,,,,3.5,1.5,,,2.333333333,2.318181818,1.545454545,,,2.054054054,1.432432432,0.5405405405,1.243243243,1.378378378,0.05405405405,,0.2973,1.62162,1.91892,0.27027,0.02703,0.13514,2.08108,1.72973,0.13514,1.32432,1.45946,0.75676,,,0.89189,0.37838,0.08108,,,33.72,9.982432432,21.43243243,58.48648649,37.05405405,,3.374242424,2.158181818,0.1515151515,6.909090909,76.12121212,#DIV/0!,,,,,,10.81081081,12.32432432,5.594594595,2.486486486,3.216216216,,5.528005,2.536925,,1.618125,,5.445,2.771875,,1.665625,,7.436875,4.093125,,7.347813,4.020625,,-0.280853,0.588413,,0.458394,,1.115,1.554375,,0.109759,0.144463,,3.315313,3.368438,,0.331356,0.277809,,1.723093,0.829162,,2.13202,1.228758,,4.318752,,1.098438,1.430938,,0.109625,0.133153,,0.995625,1.175938,,0.118722,0.136347,,0.3025,0.551563,,0.03135,0.057656,,4.259063,2.432813,,3.284688,3.205938,,8.274063,1.7675,,4.989688,2.395938,,0.413416,0.212289,,2.255313,,0.424189,0.252122,,2.51375,,-0.174078,0.424153,,0.516028,,0.254251,0.106791,,0.338367,0.181109,,4.017813,3.412188,,0.44065,0.279547,,3.417188,2.128438,,0.755584,0.320544,,0.032428,0.080735,,0.723266,0.307639,,5.15625,3.25,,7.8125,6.25,,5.46875,,6.09375,,2.8125,,0.3125,0.8125,2.0,,7.375,7.8125,9.09375,,1.53125,1.875
,,,,,,,,,,,,,,,,,,,,,,,,,,,,,,,,,,,,,,,,,,,,,,,,,,,,,,,,,,,,,,,,,,,,,,,,,,,,,,,,,,,,,,,,,,,,,,,,,,,,,,,,,,,,,,,,,,,,,,,,,,,,,,,,,,,,,,,,,,,,,,,,,,,,,,,,,,,,,,,,,,,,,,,,,,,,,,,,,,,,,,,,,,,,,,,,,,,,,,,,,,,,,,,,,,,,,,,,,,,,,,,,,,,,,,,,,,,,,,,,,,,,,,,,,,,,,,,,,,,,,,,,,,,,,,,,,,,,,,,,,,,,,,,,,,,
TAR1,TAR(US) 1,The Amazing Race 1,1.0,"March 8, 2001 - April 8, 2001",1.0,36958.0,36989.0,3.0,8.0,2001.0,4.0,8.0,2001.0,"September 5, 2001 - December 13, 2001",37139.0,37238.0,9.0,5.0,2001.0,12.0,13.0,2001.0,1.0,31.0,280.0,249.0,150.0,73.0,Wednesday 9pm,8.8,11.8,13.65,1.0,United States → South Africa → Zambia → France → Tunisia → Italy → India → Thailand → China → United States,9.0,9.0,9.0,6.0,1.0,1.0,2.0,2.0,4.0,35000,24.0,13,11,13,0.6148648649,,4,0,0,0,4,1,2,1,0,2,,,,,3,4,,1,2,1,,,,,3,4,1,2,1,,,,,,,,,,,,,,,,,,,,,,,,,,,,,,,,10,5,5,4,5,0,,0,0,0,0,0,0,0,0,0,0,0,0,,,0,0,0,,,35.91,11.27,21.0,65.0,44.0,,3.32,2.58,0.0,9.0,73.0,,,,COUNTIF(',"!AS$4:BL$20,""Co-Ed"")","=COUNTIF('TAR(US) 1'!AS$4:BL$20,""Co-Ed"")",11.0,11.0,5.0,3.0,3.0,,5.48049,2.53797,,1.48,,5.41,2.55,,1.55,,7.36,4.44,,7.36,4.44,,-0.329,0.6157,,0.4633,,1.18,1.64,,0.118,0.1475,,3.55,4.31,,0.3099,0.3287,,1.53744,0.82264,,1.81818,1.05038,,4.12346,,1.18,2.08,,0.0922,0.16,,1,1.48,,0.1086,0.1687,,0.36,0.64,,0.0371,0.0613,,3.43,2.32,,3.55,3,,8.09,2.11,,4.55,2.31,,0.40006,0.22298,,2.52,,0.41576,0.24054,,2.47,,-0.1999,0.446,,0.5574,,0.23797,0.10607,,0.28247,0.19353,,4,4.35,,0.4284,0.3162,,3.36,2.35,,0.71299,0.31508,,0.05628,0.11981,,0.65671,0.28518,,5.0,3.0,,6.0,5.0,,4.0,,4.0,,3.0,,1.0,2.0,3.0,,5.0,7.0,9.0,,2.0,2.0
TAR2,TAR(US) 2,The Amazing Race 2,2.0,"January 8, 2002 - February 5, 2002",2.0,37264.0,37292.0,1.0,8.0,2002.0,2.0,5.0,2002.0,"March 11, 2002 - May 15, 2002",37326.0,37391.0,3.0,11.0,2002.0,5.0,15.0,2002.0,2.0,28.0,127.0,99.0,34.0,49.0,Wednesday 9pm,10.3,12.5,11.3,2.0,United States → Brazil → South Africa → Namibia → Thailand → Hong Kong → Australia → New Zealand → United States,8.0,8.0,5.0,5.0,0.0,0.0,1.0,1.0,5.0,52000,27.0,13,11,11,0.5844594595,,4,0,0,0,4,2,3,3,1,1,,,,,3,4,,2,3,3,,,,,3,4,2,3,3,,,,,,,,,,,,,,,,,,,,,,,,,,,,,,,,11,6,5,6,6,0,,0,0,0,0,0,0,0,0,0,0,0,0,,,0,0,0,,,35.73,11.81,21.0,65.0,44.0,,2.77,2.43,0.0,8.0,61.0,,,,,,"=COUNTIF('TAR(US) 2'!AS$4:BL$20,""Co-Ed"")",10.0,12.0,4.0,3.0,4.0,,5.3361,2.51012,,0.85,,5.27,2.56,,1.75,,7.36,4.44,,7.36,4.44,,-0.3056,0.6143,,0.4701,,1.27,1.21,,0.1266,0.106,,3.55,3.6,,0.3467,0.2764,,1.84966,0.82067,,2.20455,1.19096,,4.08642,,1.09,1.16,,0.1073,0.1015,,1,1.04,,0.114,0.1136,,0.36,0.64,,0.0292,0.0508,,4,1.2,,2.91,3.29,,8.36,1.61,,5.45,2.39,,0.42394,0.19841,,2.76,,0.42161,0.21589,,3.05,,-0.167,0.3898,,0.468,,0.27829,0.11648,,0.36941,0.17385,,4.09,3.55,,0.458,0.2822,,3.27,2.09,,0.80202,0.34029,,0.01818,0.0575,,0.78384,0.33452,,7.0,4.0,,8.0,7.0,,6.0,,6.0,,3.0,,0.0,1.0,1.0,,8.0,9.0,9.0,,1.0,2.0
TAR3,TAR(US) 3,The Amazing Race 3,3.0,"August 9, 2002 - September 7, 2002",3.0,37477.0,37506.0,8.0,9.0,2002.0,9.0,7.0,2002.0,"October 2, 2002 - December 18, 2002",37531.0,37608.0,10.0,2.0,2002.0,12.0,18.0,2002.0,3.0,29.0,131.0,102.0,25.0,71.0,Wednesday 9pm,8.98,9.5,11.0,3.0,United States → Mexico → United Kingdom → Portugal → Spain → Morocco → Germany → Austria → Germany → Switzerland → Malaysia → Singapore → Vietnam → United States,12.0,13.0,10.0,11.0,0.0,0.0,0.0,0.0,4.0,41000,40.0,13,12,11,0.652027027,,3,0,0,1,3,2,3,3,1,0,,,,,2,3,,2,3,3,,,,,2,3,2,3,3,,,,,,,,,,,,,,,,,,,,,,,,,,,,,,,,9,6,3,5,5,1,,0,0,0,0,0,0,0,0,0,0,0,0,,,0,0,0,,,31.38,8.12,21.0,50.0,29.0,,2.92,2.78,0.0,10.0,70.0,,,,,,"=COUNTIF('TAR(US) 3'!AS$4:BL$20,""Co-Ed"")",10.0,14.0,6.0,2.0,4.0,,5.99065,2.88656,,1.38,,5.88,3.05,,1.36,,7.33,4.31,,7.33,4.31,,-0.3347,0.6432,,0.4819,,1.08,1.44,,0.0899,0.1209,,3.25,3.79,,0.298,0.2927,,1.6354,0.85686,,1.91667,1.22616,,4.48864,,1.08,1.61,,0.0975,0.1261,,0.92,1.32,,0.0921,0.1245,,0.25,0.6,,0.0212,0.0486,,3.75,2.54,,3.83,3.76,,8.75,2.05,,4.92,2.84,,0.40161,0.20259,,2.2,,0.41207,0.23179,,2.69,,-0.1994,0.4039,,0.5044,,0.2518,0.10695,,0.31626,0.18488,,4.08,3.66,,0.4295,0.2998,,3.25,1.83,,0.73582,0.33932,,0.00833,0.02764,,0.72749,0.33392,,5.0,4.0,,8.0,6.0,,6.0,,5.0,,2.0,,0.0,1.0,2.0,,8.0,9.0,9.0,,1.0,2.0
TAR4,TAR(US) 4,The Amazing Race 4,4.0,"January 18, 2003 - February 14, 2003",4.0,37639.0,37666.0,1.0,18.0,2003.0,2.0,14.0,2003.0,"May 29, 2003 - August 21, 2003",37770.0,37854.0,5.0,29.0,2003.0,8.0,21.0,2003.0,4.0,27.0,215.0,188.0,104.0,,Thursday 8pm,8.32,9.94,9.9,4.0,United States → Italy → Austria → France → Netherlands → India → Malaysia → South Korea → Australia → United States,9.0,9.0,2.0,2.0,0.0,0.0,0.0,0.0,4.0,44000,24.0,13,12,13,0.5641891892,,3,0,0,0,3,2,3,2,0,0,,,,,2,3,,2,3,2,,,,,2,3,2,3,2,,,,,,,,,,,,,,,,,,,,,,,,,,,,,,,,11,7,4,6,7,0,,0,0,0,0,0,0,0,0,0,0,0,0,,,0,0,0,,,33.96,7.14,21.0,49.0,28.0,,2.92,2.66,0.0,10.0,70.0,,,,,,"=COUNTIF('TAR(US) 4'!AS$4:BL$20,""Co-Ed"")",9.0,15.0,5.0,2.0,5.0,,5.55743,2.38492,,1.83,,5.38,2.67,,1.26,,7.25,4.26,,7.25,4.26,,-0.2493,0.536,,0.4288,,1.25,1.09,,0.1829,0.1686,,3.25,3.09,,0.3557,0.2302,,2.46024,1.20473,,3.20833,1.98388,,4.44828,,1.08,1.66,,0.0983,0.1378,,0.92,0.86,,0.1118,0.1251,,0.25,0.6,,0.0192,0.0458,,2.89,2.13,,2.5,3.3,,9.5,1.38,,7,2.77,,0.44256,0.16468,,2.94,,0.41966,0.18613,,3.49,,-0.1229,0.3264,,0.3721,,0.31108,0.12359,,0.46466,0.21495,,3.92,3.09,,0.4489,0.2238,,3.33,1.65,,0.86,0.31,,0.02,0.06,,0.84074,0.30386,,9.0,4.0,,10.0,6.0,,5.0,,7.0,,2.0,,0.0,0.0,0.0,,10.0,10.0,10.0,,1.0,1.0
TAR5,TAR(US) 5,The Amazing Race 5,5.0,"January 30, 2004 - February 27, 2004",5.0,38016.0,38044.0,1.0,30.0,2004.0,2.0,27.0,2004.0,"July 6, 2004 - September 21, 2004",38174.0,38251.0,7.0,6.0,2004.0,9.0,21.0,2004.0,5.0,28.0,235.0,207.0,130.0,,Tuesday 10pm,10.73,10.3,12.9,5.0,United States → Uruguay → Argentina → Russia → Egypt → Kenya → Tanazania → United Arab Emirates → India → New Zealand → Philippines → Canada → United States,12.0,12.0,9.0,9.0,2.0,2.0,4.0,4.0,6.0,72000,31.0,13,11,12,0.9527027027,,4,0,0,0,4,4,4,4,0,0,,,,,,,,,,,,,,,,,,,,,,,,,,,,,,,,,4,4,,,,,,,,,,,,,,,,,2,1,0,1,1,0,,0,0,0,0,0,0,0,0,0,0,0,0,,,11,1,0,,,32.95,11.83,21.0,61.0,40.0,,3.23,3.41,0.0,11.0,71.0,,,,,,"=COUNTIF('TAR(US) 5'!AS$4:BL$20,""Co-Ed"")",13.0,9.0,7.0,3.0,1.0,,5.20468,2.26258,,1.81,,5.09,2.65,,1.4,,7.64,4.52,,7.64,4.52,,-0.2489,0.5431,,0.4351,,1.18,1.95,,0.1294,0.19,,3.55,3.45,,0.3738,0.2434,,2.04273,1.0686,,2.45455,1.22853,,4.16667,,1.18,1.27,,0.1182,0.1342,,1.09,1.38,,0.127,0.1528,,0.36,0.48,,0.0306,0.0409,,3.25,1.92,,2.82,2.76,,8.18,1.59,,5.36,2.19,,0.43408,0.19366,,2.63,,0.43348,0.2462,,2.75,,-0.1318,0.3873,,0.4461,,0.28571,0.11377,,0.37466,0.1888,,4.18,3.21,,0.4846,0.2313,,3.45,2.19,,0.79394,0.27729,,0.0202,0.06388,,0.77374,0.26952,,4.0,3.0,,9.0,6.0,,6.0,,7.0,,4.0,,0.0,0.0,2.0,,8.0,9.0,10.0,,1.0,1.0
TAR6,TAR(US) 6,The Amazing Race 6,6.0,"August 13, 2004 - September 12, 2004",6.0,38212.0,38242.0,8.0,13.0,2004.0,9.0,12.0,2004.0,"November 16, 2004 - February 8, 2005",38307.0,38391.0,11.0,16.0,2004.0,2.0,8.0,2005.0,6.0,30.0,179.0,149.0,65.0,31.0,Tuesday 9pm,11.54,11.8,12.6,6.0,United States → Iceland → Norway → Sweden → Senegal → Germany → Hungary → France → Ethiopia → Sri Lanka → China → United States,11.0,11.0,7.0,7.0,3.0,3.0,4.0,4.0,4.0,40000,24.0,12,11,13,0.8141891892,,3,1,0,0,4,3,3,3,1,1,,,,,1,1,,1,1,1,,,,,,,,,,,,,,1,1,1,1,1,,,,,3,2,,,,,,,,,,,,,,,,,2,2,0,2,2,0,,0,0,0,0,0,0,0,0,0,0,0,0,,,3,2,0,,,34.32,12.1,23.0,69.0,46.0,,3.32,2.19,0.0,6.0,75.0,,,,,,"=COUNTIF('TAR(US) 6'!AS$4:BL$20,""Co-Ed"")",12.0,10.0,8.0,2.0,1.0,,5.62695,2.63967,,1.48,,5.77,2.86,,1.5,,8,4.43,,7.36,4.01,,-0.3135,0.6162,,0.4689,,1.18,1.59,,0.0953,0.1261,,3.55,3.11,,0.3415,0.246,,1.57133,0.80874,,2.25,1.32716,,4.28409,,1.18,1.4,,0.1089,0.1228,,1.09,1.08,,0.1356,0.1203,,0.36,0.48,,0.0418,0.063,,4.67,2.75,,3.45,3.37,,8,1.86,,4.55,2.31,,0.39674,0.2249,,1.81,,0.40776,0.27395,,1.93,,-0.2065,0.4498,,0.5669,,0.24503,0.10499,,0.34233,0.18552,,4.27,3.84,,0.4101,0.3159,,3.73,2.63,,0.74141,0.34099,,0.04545,0.10276,,0.69596,0.32145,,5.0,3.0,,8.0,7.0,,6.0,,8.0,,4.0,,0.0,1.0,3.0,,8.0,8.0,8.0,,2.0,3.0
TAR7,TAR(US) 7,The Amazing Race 7,7.0,"November 20, 2004 - December 19, 2004",7.0,38311.0,38340.0,11.0,20.0,2004.0,12.0,19.0,2004.0,"March 1, 2005 - May 10, 2005",38412.0,38482.0,3.0,1.0,2005.0,5.0,10.0,2005.0,7.0,29.0,171.0,142.0,72.0,25.0,Tuesday 9pm,13.05,11.8,16.01,7.0,United States → Peru → Chile → Argentina → South Africa → Botswana → India → Turkey → United Kingdom → Jamica → United States (Puerto Rico) → United States,10.0,11.0,5.0,6.0,1.0,2.0,3.0,4.0,5.0,40000,25.0,12,11,12,0.8310810811,,3,1,0,0,4,3,4,4,1,0,,,,,1,1,,1,1,1,,,,,,,,,,,,,,1,1,1,1,1,,,,,,,,3,3,3,,,,,,,,,,,,,2,2,0,2,2,0,,0,0,0,0,0,0,0,0,0,0,0,0,,,3,1,0,,,34.23,13.01,22.0,69.0,47.0,,3.14,2.22,0.0,6.0,69.0,,,,,,"=COUNTIF('TAR(US) 7'!AS$4:BL$20,""Co-Ed"")",10.0,12.0,6.0,2.0,3.0,,5.45308,2.55865,,1.65,,5.5,2.84,,1.42,,7.45,4.4,,7,3.95,,-0.311,0.6153,,0.4695,,1.18,1.53,,0.1255,0.1358,,3.55,4.05,,0.3504,0.29,,1.74389,0.90422,,1.86364,1.14992,,4.15854,,1.18,1.75,,0.1139,0.1416,,1,0.95,,0.1116,0.1085,,0.36,0.64,,0.0305,0.0561,,4.5,2.45,,2.91,3.4,,8.09,1.88,,5.18,2.66,,0.40691,0.21084,,2.37,,0.43081,0.26115,,1.93,,-0.1862,0.4217,,0.5181,,0.26301,0.11511,,0.32549,0.18404,,4.09,3.92,,0.4121,0.2815,,3.36,2.01,,0.78398,0.33955,,0.0303,0.09583,,0.75368,0.33374,,6.0,3.0,,9.0,5.0,,6.0,,7.0,,3.0,,0.0,2.0,2.0,,8.0,8.0,9.0,,1.0,2.0
TAR8,TAR(US) 8,The Amazing Race: Family Edition,8.0,"July 7, 2005 - July 31, 2005",8.0,38540.0,38564.0,7.0,7.0,2005.0,7.0,31.0,2005.0,"September 27, 2005 - December 13, 2005",38622.0,38699.0,9.0,27.0,2005.0,12.0,13.0,2005.0,8.0,24.0,159.0,135.0,58.0,42.0,Tuesday 9pm,10.8,10.6,11.5,8.0,United States → Panama → Costa Rica → Canada → United States,4.0,4.0,2.0,2.0,1.0,1.0,2.0,2.0,1.0,11000,50.0,11,10,11,0.1824324324,,3,2,0,0,5,3,4,3,0,2,,,,,1,2,,0,1,0,,,,,,,,,,,,,,1,2,0,1,0,,,,,,,,3,3,,,,,,,,,,,,,,2,1,1,1,1,0,,0,0,0,0,0,0,0,0,0,0,0,0,,,3,2,0,,,29.4,13.46,8.0,57.0,49.0,,1.98,1.77,0.0,7.0,79.0,,,,,,"=COUNTIF('TAR(US) 8'!AS$4:BL$20,""Co-Ed"")",19.0,21.0,8.0,1.0,1.0,,4.98261,2.20578,,0.63,,5.05,2.46,,0.87,,7.4,4.59,,6.7,3.8,,-0.3264,0.5871,,0.4429,,1.3,1.62,,0.1138,0.136,,3.9,4.09,,0.3477,0.3005,,1.62403,0.67307,,1.95,1.08858,,3.75676,,1.3,1.85,,0.1138,0.1428,,1.1,1.04,,0.1225,0.1496,,0.5,0.81,,0.0413,0.0675,,4.43,2.44,,2.9,2.74,,7.6,1.43,,4.7,2.1,,0.40563,0.18785,,1.55,,0.38895,0.20028,,1.84,,-0.1887,0.3757,,0.4631,,0.27683,0.10519,,0.37994,0.23328,,4,3.38,,0.4594,0.2374,,3.4,2.01,,0.77699,0.30947,,0.01111,0.03333,,0.76587,0.3032,,5.0,4.0,,7.0,5.0,,5.0,,6.0,,3.0,,0.0,1.0,2.0,,6.0,7.0,9.0,,1.0,1.0
TAR9,TAR(US) 9,The Amazing Race 9,9.0,"November 7, 2005 - December 3, 2005",9.0,38663.0,38689.0,11.0,7.0,2005.0,12.0,3.0,2005.0,"February 28, 2006 - May 17, 2006",38776.0,38854.0,2.0,28.0,2006.0,5.0,17.0,2006.0,9.0,26.0,191.0,165.0,87.0,56.0,Tuesday 9pm; Tuesday 10pm; Wednesday 8pm,9.1,10.4,9.0,9.0,United States → Brazil → Russia → Germany → Italy → Greece → Oman → Australia → Thailand → Japan → United States,10.0,10.0,3.0,3.0,0.0,0.0,1.0,1.0,5.0,59000,37.0,12,11,13,0.7466216216,,3,1,0,0,4,3,4,3,1,1,,,,,1,1,,1,1,1,,,,,,,,,,,,,,1,1,1,1,1,,,,,,,,3,3,2,,,,,,,,,,,,,2,2,0,2,2,0,,0,0,0,0,0,0,0,0,0,0,0,0,,,2,2,1,,,33.59,11.92,22.0,63.0,41.0,,3.23,2.09,0.0,6.0,71.0,,,,,,"=COUNTIF('TAR(US) 9'!AS$4:BL$20,""Co-Ed"")",11.0,11.0,5.0,3.0,3.0,,5.69903,2.78288,,0.85,,5.45,2.97,,0.57,,7.64,4.25,,6.82,4,,-0.337,0.6531,,0.4883,,1.18,2.08,,0.094,0.1601,,3.55,4.16,,0.3125,0.3175,,1.34856,0.75964,,1.52273,1.14045,,4.2619,,1.18,1.9,,0.1007,0.1506,,1,1.13,,0.1322,0.1506,,0.36,0.64,,0.0361,0.0625,,4.33,2.83,,3.82,3.49,,8,2,,4.18,2.41,,0.38867,0.232,,1.41,,0.42569,0.28108,,1.81,,-0.2227,0.464,,0.5969,,0.22457,0.10982,,0.29798,0.17075,,4.18,3.93,,0.4043,0.302,,3.45,1.88,,0.69545,0.3524,,0.02273,0.07187,,0.67273,0.33986,,4.0,2.0,,7.0,5.0,,4.0,,7.0,,3.0,,1.0,2.0,2.0,,7.0,8.0,8.0,,1.0,3.0
TAR10,TAR(US) 10,The Amazing Race 10,10.0,"May 27, 2006 - June 24, 2006",10.0,38864.0,38892.0,5.0,27.0,2006.0,6.0,24.0,2006.0,"September 17, 2006 - December 10, 2006",38977.0,39061.0,9.0,17.0,2006.0,12.0,10.0,2006.0,10.0,28.0,197.0,169.0,85.0,31.0,Sunday 8pm,11.5,10.1,12.7,10.0,United States → China → Mongolia → Vietnam → India → Kuwait → Mauritius → Madagascar → Finland → Ukraine → Morocco → Spain → France → United States,13.0,13.0,6.0,6.0,6.0,6.0,6.0,6.0,4.0,40000,28.0,12,12,13,0.8445945946,,3,1,0,0,4,1,1,1,1,3,,,,,1,1,,0,0,0,,,,,,,,,,,,,,1,1,0,0,0,,,,,,,,,,,,,,3,1,,,,,,,,3,3,0,1,3,0,,0,0,0,0,0,0,0,0,0,0,0,0,,,2,1,0,,,31.42,6.96,22.0,52.0,30.0,,3.42,2.27,0.0,7.0,82.0,,,,,,"=COUNTIF('TAR(US) 10'!AS$4:BL$20,""Co-Ed"")",11.0,13.0,5.0,3.0,4.0,,5.84439,3.00271,,2.14,,5.71,3.25,,2.66,,7.17,4.71,,6.75,4.26,,-0.3662,0.7016,,0.5132,,1.08,1.44,,0.1053,0.1301,,3.25,3.74,,0.3318,0.3222,,1.67455,0.85947,,1.58333,1.20041,,4.27907,,1.08,1.44,,0.1143,0.1346,,1,1.29,,0.0959,0.1104,,0.33,0.62,,0.0361,0.0729,,4.13,2.37,,3.58,3.84,,8.58,1.85,,5,2.61,,0.40591,0.22825,,2.38,,0.44489,0.29344,,3,,-0.1882,0.4565,,0.5623,,0.24385,0.12238,,0.26556,0.13881,,3.83,3.67,,0.4393,0.3003,,3.33,2.69,,0.7399,0.34782,,0.0423,0.08014,,0.6976,0.34521,,6.0,4.0,,8.0,6.0,,6.0,,6.0,,3.0,,0.0,0.0,2.0,,7.0,7.0,10.0,,3.0,1.0
TAR11,TAR(US) 11,The Amazing Race: All-Stars (2007),11.0,"November 20, 2006 - December 17, 2006",11.0,39041.0,39068.0,11.0,20.0,2006.0,12.0,17.0,2006.0,"February 18, 2007 - May 6, 2007",39131.0,39208.0,2.0,18.0,2007.0,5.0,6.0,2007.0,11.0,27.0,167.0,140.0,63.0,44.0,Sunday 8pm,10.1,10.3,10.3,11.0,United States → Ecuador → Chile → Argentina → Mozambique → Tanazania → Poland → Malaysia → China (Hong Kong) → China (Macau) → United States (Guam) → United States,9.0,11.0,3.0,5.0,2.0,3.0,2.0,4.0,6.0,45000,30.0,13,11,12,0.8040540541,,4,0,0,0,4,2,2,2,0,2,,,,,,,,,,,,,,,,,,,,,,,,,,,,,,,,,,,,,,,,,,4,2,,,,,,,,3,3,0,3,3,0,,0,0,0,0,0,0,0,0,0,0,0,0,,,2,2,0,,,36.64,10.12,23.0,56.0,33.0,,3.14,2.2,0.0,6.0,69.0,,,,,,"=COUNTIF('TAR(US) 11'!AS$4:BL$20,""Co-Ed"")",10.0,12.0,6.0,2.0,3.0,,5.50233,2.89534,,2.41,,5.18,3.25,,2.68,,7.64,4.48,,7.64,4.48,,-0.3204,0.6949,,0.5264,,1.27,1.42,,0.15,0.2162,,3.55,2.93,,0.3653,0.2663,,1.39055,0.98908,,2,1.55943,,4.16667,,1.09,1.38,,0.0893,0.1113,,1.09,1.44,,0.1506,0.1715,,0.36,0.48,,0.036,0.0491,,5.1,3.18,,3.82,3.88,,7.64,1.72,,3.82,2.55,,0.40687,0.24626,,2.7,,0.43674,0.30156,,3.07,,-0.1901,0.4902,,0.6052,,0.23948,0.13142,,0.32046,0.1809,,4.09,3.5,,0.4203,0.2988,,3.55,2.27,,0.71616,0.38767,,0.03896,0.12321,,0.6772,0.37862,,6.0,4.0,,8.0,7.0,,5.0,,6.0,,4.0,,0.0,1.0,3.0,,8.0,8.0,8.0,,1.0,3.0
TAR12,TAR(US) 12,The Amazing Race 12,12.0,"July 8, 2007 - July 29, 2007",12.0,39271.0,39292.0,7.0,8.0,2007.0,7.0,29.0,2007.0,"November 4, 2007 - January 20, 2008",39390.0,39467.0,11.0,4.0,2007.0,1.0,20.0,2008.0,12.0,21.0,196.0,175.0,98.0,25.0,Sunday 8pm,11.8,13.7,9.75,12.0,United States → Ireland → Netherlands → Burkina Faso → Lithuania → Croatia → Italy → India → Japan → China (Taiwan) → United States,10.0,10.0,4.0,5.0,2.0,2.0,5.0,5.0,4.0,30000,10.0,11,11,11,0.6858108108,,2,0,0,0,2,1,1,1,0,1,,,,,,,,,,,,,,,,,,,,,,,,,,,,,,,,,,,,,,,,,,,,,,2,,1,,,2,1,1,1,1,0,,2,0,2,0,0,0,2,2,0,1,1,1,,,0,0,0,,,31.5,14.19,21.0,68.0,47.0,,3.23,1.91,0.0,6.0,71.0,,,,,,"=COUNTIF('TAR(US) 12'!AS$4:BL$20,""Co-Ed"")",13.0,9.0,7.0,3.0,1.0,,5.50241,2.61084,,1.91,,5.5,2.82,,1.72,,6.55,3.65,,6.55,3.65,,-0.2903,0.6123,,0.4747,,1,1.28,,0.126,0.1637,,3,2.73,,0.332,0.2475,,1.67623,0.79448,,2.18182,1.31465,,4.26389,,1,1.35,,0.1035,0.1453,,0.91,1.24,,0.0988,0.1239,,0.18,0.39,,0.0196,0.0423,,3.89,2.85,,3.45,3.37,,8.18,1.75,,4.73,2.6,,0.41022,0.20755,,2.17,,0.41865,0.23646,,2.34,,-0.1796,0.4151,,0.5059,,0.26081,0.11515,,0.36767,0.19907,,3.55,2.84,,0.426,0.2952,,3,1.71,,0.74545,0.34291,,0.01,0.03,,0.73535,0.33684,,5.0,3.0,,8.0,6.0,,5.0,,5.0,,2.0,,0.0,1.0,2.0,,8.0,8.0,8.0,,1.0,3.0
TAR13,TAR(US) 13,The Amazing Race 13,13.0,"April 22, 2008 - May 14, 2008",13.0,39560.0,39582.0,4.0,22.0,2008.0,5.0,14.0,2008.0,"September 28, 2008 - December 7, 2008",39719.0,39789.0,9.0,28.0,2008.0,12.0,7.0,2008.0,13.0,22.0,229.0,207.0,137.0,27.0,Sunday 8pm,11.14,10.29,10.57,13.0,United States → Brazil → Bolivia → New Zealand → Cambodia → India → Kazakhstan → Russia → United States,8.0,8.0,3.0,3.0,1.0,1.0,2.0,2.0,5.0,40000,18.0,11,11,11,0.6554054054,,2,0,0,0,2,2,2,2,0,0,,,,,,,,,,,,,,,,,,,,,,,,,,,,,,,,,,,,,,,,,,,,,,2,,2,,,2,2,0,2,2,0,,2,0,2,0,0,0,2,0,1,0,0,0,,,0,0,0,,,33.86,13.02,21.0,63.0,42.0,,2.59,1.7,0.0,6.0,57.0,,,,,,"=COUNTIF('TAR(US) 13'!AS$4:BL$20,""Co-Ed"")",11.0,11.0,7.0,2.0,2.0,,5.56505,2.70576,,1.81,,5.32,3.13,,1.62,,6.64,3.65,,6.64,3.65,,-0.2978,0.6311,,0.4867,,1,2.09,,0.0917,0.1899,,3,3.16,,0.3278,0.3052,,1.5269,0.796,,1.86364,1.08378,,4.28767,,1,1.28,,0.1241,0.1416,,0.91,1.16,,0.1262,0.1607,,0.18,0.39,,0.0165,0.0351,,3.86,2.29,,3.55,3.23,,7.91,1.88,,4.36,2.1,,0.40628,0.23955,,2.09,,0.42222,0.30272,,2.7,,-0.1874,0.4791,,0.5896,,0.2321,0.1008,,0.28554,0.17788,,3.55,3.17,,0.4409,0.3056,,3.09,2.43,,0.7004,0.31453,,0.0303,0.09583,,0.67009,0.29992,,3.0,2.0,,7.0,6.0,,6.0,,6.0,,2.0,,0.0,1.0,4.0,,6.0,6.0,9.0,,1.0,2.0
TAR14,TAR(US) 14,The Amazing Race 14,14.0,"October 31, 2008 - November 21, 2008",14.0,39752.0,39773.0,10.0,31.0,2008.0,11.0,21.0,2008.0,"February 15, 2009 - May 10, 2009",39859.0,39943.0,2.0,15.0,2009.0,5.0,10.0,2009.0,14.0,21.0,191.0,170.0,86.0,29.0,Sunday 8pm,10.91,9.2,10.49,14.0,United States → Switzerland → Germany → Austria → Romania → Russia → India → Thailand → China → United States,9.0,9.0,1.0,1.0,1.0,1.0,1.0,1.0,3.0,40000,20.0,11,11,12,0.5439189189,,2,1,0,0,3,0,0,0,0,3,,,,,1,1,,0,0,0,,,,,,,,,,,,,,1,1,0,0,0,,,,,,,,,,,,,,,,,,2,,0,,,1,0,1,0,0,0,,2,0,2,1,0,0,2,2,0,2,2,2,,,0,0,0,,,37.14,12.42,22.0,68.0,46.0,,3.32,1.94,0.0,6.0,73.0,,,,,,"=COUNTIF('TAR(US) 14'!AS$4:BL$20,""Co-Ed"")",12.0,10.0,6.0,3.0,2.0,,5.49088,2.61762,,1.5,,5.36,2.66,,1.66,,7.18,4.06,,6.82,3.66,,-0.2949,0.6174,,0.4769,,1.09,1.5,,0.1046,0.1276,,3.27,3.33,,0.3346,0.2766,,1.62244,0.76521,,1.97727,1.00823,,4.24051,,1.09,1.16,,0.1176,0.118,,1,1.13,,0.1056,0.1235,,0.27,0.45,,0.0335,0.0572,,3.86,1.81,,3.27,3.41,,8.09,1.88,,4.82,2.55,,0.40983,0.22245,,2.26,,0.41506,0.27614,,2.95,,-0.1803,0.4449,,0.5428,,0.25033,0.10419,,0.3007,0.14226,,3.91,3.32,,0.4616,0.3025,,3.27,2.34,,0.76641,0.34284,,0.03409,0.07707,,0.73232,0.32796,,6.0,2.0,,8.0,7.0,,6.0,,5.0,,3.0,,1.0,1.0,2.0,,8.0,8.0,9.0,,2.0,2.0
TAR15,TAR(US) 15,The Amazing Race 15,15.0,"July 18, 2009 - August 7, 2009",15.0,40012.0,40032.0,7.0,18.0,2009.0,8.0,7.0,2009.0,"September 27, 2009 - December 6, 2009",40083.0,40153.0,9.0,27.0,2009.0,12.0,6.0,2009.0,15.0,20.0,141.0,121.0,51.0,28.0,Sunday 8pm,11.14,10.4,12.32,15.0,United States → Japan → Vietnam → Cambodia → United Arab Emirates → Netherlands → Sweden → Estonia → Czech Republic → United States,9.0,9.0,2.0,2.0,1.0,1.0,2.0,2.0,3.0,25000,20.0,12,12,11,0.4324324324,,3,0,0,0,3,2,2,2,0,1,,,,,,,,,,,,,,,,,,,,,,,,,,,,,,,,,,,,,,,,,,,,,,3,,2,,,1,1,0,1,1,0,,1,0,1,0,0,0,1,1,1,0,0,0,,,0,0,0,,,31.67,10.9,21.0,60.0,39.0,,3.42,2.14,0.0,6.0,82.0,,,,,,"=COUNTIF('TAR(US) 15'!AS$4:BL$20,""Co-Ed"")",9.0,15.0,7.0,1.0,4.0,,6.01121,2.78155,,1.62,,5.83,3.11,,0.99,,7,3.94,,7,3.94,,-0.3117,0.6069,,0.4629,,1,1.96,,0.0869,0.164,,3,3.56,,0.2883,0.2911,,1.79744,0.7364,,1.77083,1.22669,,4.58333,,1,1.47,,0.1028,0.1315,,0.92,1.19,,0.1062,0.1249,,0.25,0.43,,0.0281,0.0502,,3.86,1.96,,3.67,3.37,,9.17,1.86,,5.5,2.43,,0.40016,0.22111,,2.08,,0.40365,0.25583,,1.41,,-0.1997,0.4422,,0.5525,,0.23812,0.09809,,0.31044,0.15666,,3.75,3.9,,0.3998,0.3112,,3.25,1.96,,0.73683,0.31387,,0.0625,0.14878,,0.67433,0.29624,,4.0,3.0,,8.0,5.0,,6.0,,6.0,,3.0,,0.0,0.0,2.0,,8.0,9.0,9.0,,2.0,2.0
TAR16,TAR(US) 16,The Amazing Race 16,16.0,"November 28, 2009 - December 19, 2009",16.0,40145.0,40166.0,11.0,28.0,2009.0,12.0,19.0,2009.0,"February 14, 2010 - May 9, 2010",40223.0,40307.0,2.0,14.0,2010.0,5.0,9.0,2010.0,16.0,21.0,162.0,141.0,57.0,29.0,Sunday 8pm,10.4,8.9,10.63,16.0,United States → Chile → Argentina → Germany → France → Seychelles → Malaysia → Singapore → China → United States,9.0,9.0,1.0,1.0,1.0,1.0,1.0,1.0,5.0,40000,24.0,12,11,11,0.7128378378,,3,0,0,0,3,2,2,2,1,1,,,,,,,,,,,,,,,,,,,,,,,,,,,,,,,,,,,,,,,,,,,,,,3,,2,,,1,1,0,1,1,0,,2,0,2,1,0,0,2,2,0,2,2,2,,,0,0,0,,,36.09,12.46,20.0,71.0,51.0,,3.45,2.04,0.0,7.0,76.0,,,,,,"=COUNTIF('TAR(US) 16'!AS$4:BL$20,""Co-Ed"")",11.0,11.0,5.0,3.0,3.0,,5.39897,2.5395,,1.93,,5.36,2.66,,2.81,,7.36,4.01,,7.36,4.01,,-0.2529,0.5895,,0.4704,,1.09,1.31,,0.1043,0.1144,,3.27,2.63,,0.356,0.2205,,1.76697,0.94189,,2.25,1.27029,,4.30864,,1.09,1,,0.1407,0.13,,1,1.13,,0.1334,0.1535,,0.27,0.45,,0.031,0.0543,,5.5,2.87,,3,3.57,,8.09,1.5,,5.09,2.61,,0.42467,0.21075,,3.3,,0.40696,0.23984,,3.64,,-0.1506,0.4215,,0.4963,,0.26367,0.11868,,0.33125,0.19773,,3.91,2.94,,0.4669,0.2902,,3.45,2.61,,0.79293,0.35528,,0.01818,0.0575,,0.77475,0.34928,,6.0,3.0,,9.0,7.0,,7.0,,6.0,,3.0,,0.0,0.0,2.0,,9.0,9.0,9.0,,1.0,2.0
TAR17,TAR(US) 17,The Amazing Race 17,17.0,"May 26, 2010 - June 15, 2010",17.0,40324.0,40344.0,5.0,26.0,2010.0,6.0,15.0,2010.0,"September 26, 2010 - December 12, 2010",40447.0,40524.0,9.0,26.0,2010.0,12.0,12.0,2010.0,17.0,20.0,200.0,180.0,103.0,22.0,Sunday 8pm,11.93,11.54,12.12,17.0,United States → United Kingdom → Ghana → Sweden → Norway → Russia → Oman → Bandladesh → China (Hong Kong) → South Korea → United States,10.0,10.0,2.0,2.0,1.0,1.0,3.0,3.0,4.0,32000,30.0,12,11,12,0.6554054054,,3,0,0,0,3,2,2,2,0,1,,,,,1,1,,1,1,1,,,,,1,1,1,1,1,,,,,,,,,,,,,,,,,,,,,,,,,,,2,,1,,,1,1,0,1,1,0,,0,2,2,0,0,0,2,2,0,2,2,1,,,0,0,0,,,30.82,10.46,20.0,58.0,38.0,,3.73,2.09,0.0,7.0,82.0,,,,,,"=COUNTIF('TAR(US) 17'!AS$4:BL$20,""Co-Ed"")",12.0,10.0,4.0,4.0,3.0,,5.47223,2.43764,,1.86,,5.18,2.59,,1.77,,7.55,3.89,,7.55,3.89,,-0.2445,0.5543,,0.4456,,1.09,1.68,,0.1086,0.1467,,3.27,2.86,,0.3429,0.2279,,1.86779,0.85305,,2.86364,1.37908,,4.39759,,1.09,1.31,,0.1136,0.1324,,1,1.04,,0.1073,0.1061,,0.27,0.62,,0.0295,0.0632,,4.75,2.73,,3.09,3.34,,8.64,1.37,,5.55,2.54,,0.42242,0.20303,,2.45,,0.45029,0.23002,,2.98,,-0.1552,0.4061,,0.4806,,0.26498,0.11036,,0.44152,0.20534,,4.09,2.84,,0.4539,0.2433,,3.45,1.78,,0.77197,0.33137,,0.03409,0.07707,,0.73788,0.31654,,5.0,2.0,,9.0,8.0,,6.0,,6.0,,2.0,,0.0,0.0,1.0,,9.0,9.0,9.0,,2.0,2.0
TAR18,TAR(US) 18,The Amazing Race: Unfinished Buisness,18.0,"November 20, 2010 - December 12, 2010",18.0,40502.0,40524.0,11.0,20.0,2010.0,12.0,12.0,2010.0,"February 20, 2011 - May 8, 2011",40594.0,40671.0,2.0,20.0,2011.0,5.0,8.0,2011.0,18.0,22.0,169.0,147.0,70.0,39.0,Sunday 8pm,10.35,9.15,8.97,18.0,United States → Australia → Japan → China → India → Austria → Liechtenstein → Switzerland → Brazil → United States,9.0,9.0,1.0,1.0,1.0,1.0,1.0,1.0,5.0,40000,23.0,12,11,11,0.7128378378,,1,0,2,0,3,3,3,3,0,0,,,,,2,2,,2,2,2,,,,,,,,,,,,,,2,2,2,2,2,,,,,,,,,,,,,,,,,,1,,1,,,0,0,0,0,0,0,,0,4,4,0,1,0,5,3,0,3,3,2,,,0,0,0,,,35.18,12.23,25.0,70.0,45.0,,3.68,1.94,0.0,6.0,81.0,,,,,,"=COUNTIF('TAR(US) 18'!AS$4:BL$20,""Co-Ed"")",9.0,13.0,5.0,2.0,4.0,,5.30092,1.71371,,1.5,,5.59,1.83,,1.5,,8.09,3.53,,8.09,3.53,,-0.1394,0.3684,,0.3234,,1.09,1.31,,0.1038,0.1172,,3.27,2.56,,0.3531,0.2044,,2.3383,0.8486,,3.02273,0.97383,,4.65169,,1.09,1.16,,0.1345,0.1541,,1,1.13,,0.107,0.1061,,0.27,0.45,,0.0268,0.0441,,5,2.31,,2.36,1.87,,9,1.54,,6.64,1.97,,0.4576,0.14095,,2.13,,0.45732,0.15955,,2.41,,-0.0848,0.2819,,0.308,,0.29582,0.08849,,0.44185,0.18678,,4.36,2.99,,0.4933,0.1732,,3.73,1.6,,0.84343,0.2022,,0.03896,0.08808,,0.80447,0.1909,,6.0,3.0,,9.0,8.0,,6.0,,6.0,,3.0,,0.0,0.0,1.0,,8.0,8.0,11.0,,2.0,0.0
TAR19,TAR(US) 19,The Amazing Race 19,19.0,"June 18, 2011 - July 10, 2011",19.0,40712.0,40734.0,6.0,18.0,2011.0,7.0,10.0,2011.0,"September 25, 2011 - December 11, 2011",40811.0,40888.0,9.0,25.0,2011.0,12.0,11.0,2011.0,19.0,22.0,176.0,154.0,77.0,34.0,Sunday 8pm,11.13,10.18,11.72,19.0,United States → China (Taiwan) → Indonesia → Thailand → Malawi → Denmark → Germany → Belgium → Netherlands → Panama → United States,10.0,10.0,4.0,4.0,1.0,1.0,4.0,4.0,4.0,35000,20.0,12,11,12,0.7094594595,,3,0,1,0,4,2,2,2,0,2,,,,,1,1,,0,0,0,,,,,,,,,,,,,,1,1,0,0,0,,,,,,,,,,,,,,,,,,3,,2,,,0,0,0,0,0,0,,0,4,4,0,0,0,4,3,0,2,2,1,,,0,0,0,,,35.73,11.08,19.0,63.0,44.0,,4.18,2.21,0.0,7.0,92.0,,,,,,"=COUNTIF('TAR(US) 19'!AS$4:BL$20,""Co-Ed"")",10.0,12.0,6.0,2.0,3.0,,5.35731,2.09902,,1.98,,5.27,2.65,,1.68,,7.64,3.89,,7.64,3.89,,-0.2099,0.4739,,0.3915,,1.09,1.83,,0.095,0.1639,,3.27,2.99,,0.3286,0.2458,,2.08523,0.51619,,2.56818,0.954,,4.42857,,1.09,1.24,,0.1123,0.1244,,1,1.21,,0.1083,0.1363,,0.36,0.64,,0.0439,0.0773,,4.78,2.74,,2.73,2.09,,8.45,1.92,,5.73,1.66,,0.43818,0.18015,,2.41,,0.43891,0.26341,,2.73,,-0.1236,0.3603,,0.4111,,0.27882,0.05758,,0.34721,0.13609,,4.18,3.24,,0.4751,0.2491,,3.45,2.1,,0.81948,0.20722,,0.05238,0.10061,,0.77,0.2,,4.0,3.0,,8.0,7.0,,5.0,,5.0,,3.0,,0.0,1.0,2.0,,8.0,9.0,10.0,,3.0,1.0
TAR20,TAR(US) 20,The Amazing Race 20,20.0,"November 26, 2011 - December 19, 2011",20.0,40873.0,40896.0,11.0,26.0,2011.0,12.0,19.0,2011.0,"February 19, 2012 - May 6, 2012",40958.0,41035.0,2.0,19.0,2012.0,5.0,6.0,2012.0,20.0,23.0,162.0,139.0,62.0,37.0,Sunday 8pm,10.3,10.34,9.4,20.0,United States → Argentina → Paraguay → Italy → Germany → Azerbaijan → Tanzania → India → Japan → United States,9.0,9.0,2.0,2.0,1.0,1.0,2.0,2.0,5.0,36000,22.0,12,11,11,0.7027027027,,3,0,0,0,3,1,1,1,0,2,,,,,,,,,,,,,,,,,,,,,,,,,,,,,,,,,,,,,,,,,,,,,,3,,1,,,3,3,0,2,2,1,,0,2,2,0,0,0,2,2,0,2,2,0,,,0,0,0,,,33.45,6.43,25.0,45.0,20.0,,3.45,1.9,0.0,6.0,76.0,,,,,,"=COUNTIF('TAR(US) 20'!AS$4:BL$20,""Co-Ed"")",10.0,12.0,4.0,3.0,4.0,,5.70992,2.68771,,0.51,,5.68,2.93,,0.83,,7.45,4.05,,7.45,4.05,,-0.3226,0.6226,,0.4707,,1.09,2.35,,0.0924,0.1961,,3.27,3.91,,0.3029,0.3328,,1.35143,0.76142,,1.52273,1.26785,,4.31707,,1.09,1.5,,0.1,0.1271,,1,1.35,,0.1315,0.143,,0.27,0.62,,0.0295,0.0647,,4.33,2.45,,4,3.1,,8,2,,4,2.3,,0.38896,0.24165,,1.13,,0.38757,0.27512,,1.59,,-0.2221,0.4833,,0.6213,,0.21819,0.09095,,0.32152,0.19072,,4,3.79,,0.4073,0.2941,,3.45,2.15,,0.68427,0.30793,,0.05682,0.12344,,0.62745,0.27236,,3.0,2.0,,6.0,6.0,,5.0,,7.0,,2.0,,1.0,1.0,3.0,,5.0,7.0,9.0,,2.0,2.0
TAR21,TAR(US) 21,The Amazing Race 21,21.0,"May 26, 2012 - June 16, 2012",21.0,41055.0,41076.0,5.0,26.0,2012.0,6.0,16.0,2012.0,"September 30, 2012 - December 9, 2012",41182.0,41252.0,9.0,30.0,2012.0,12.0,9.0,2012.0,21.0,21.0,197.0,176.0,106.0,29.0,Sunday 8pm,10.68,9.4,9.35,21.0,United States → China → Indonesia → Bangladesh → Turkey → Russia → Netherlands → Spain → France → United States,9.0,9.0,0.0,0.0,0.0,0.0,2.0,2.0,3.0,25000,21.0,12,11,11,0.3716216216,,3,0,0,0,3,1,1,1,0,2,,,,,,,,,,,,,,,,,,,,,,,,,,,,,,,,,,,,,,,,,,,,,,3,,1,,,2,2,0,2,2,0,,0,4,4,2,0,0,4,4,0,2,2,1,,,0,0,0,,,36.95,10.77,22.0,53.0,31.0,,4.18,2.23,1.0,7.0,92.0,,,,,,"=COUNTIF('TAR(US) 21'!AS$4:BL$20,""Co-Ed"")",9.0,13.0,5.0,2.0,4.0,,5.37202,2.39406,,2.35,,5.23,2.67,,2.14,,7.27,4.07,,7.27,4.07,,-0.2602,0.5616,,0.4458,,1.09,1.08,,0.1049,0.1049,,3.27,3.14,,0.3615,0.2594,,1.80411,1.04634,,2.02273,1.24979,,4.2625,,1.09,1.62,,0.1364,0.1856,,1,1.76,,0.1136,0.1889,,0.27,0.45,,0.0272,0.0454,,4.5,1.87,,3.09,3.23,,8.18,1.85,,5.09,2.68,,0.42157,0.19802,,2.95,,0.45559,0.2488,,2.84,,-0.1568,0.396,,0.4697,,0.27067,0.12086,,0.33857,0.17064,,3.91,3.12,,0.4411,0.2515,,3.36,1.82,,0.78182,0.32702,,0.00909,0.02875,,0.77273,0.32218,,6.0,5.0,,8.0,6.0,,4.0,,4.0,,3.0,,0.0,1.0,3.0,,8.0,8.0,9.0,,1.0,2.0
TAR22,TAR(US) 22,The Amazing Race 22,22.0,"November 13, 2012 - December 7, 2012",22.0,41226.0,41250.0,11.0,13.0,2012.0,12.0,7.0,2012.0,"February 17, 2013 - May 5, 2013",41322.0,41399.0,2.0,17.0,2013.0,5.0,5.0,2013.0,22.0,24.0,173.0,149.0,72.0,36.0,Sunday 8pm,10.17,9.57,9.1,22.0,United States → France/French Polynesia (Bora Bora) → New Zealand → Indonesia → Vietnam → Botswana → Switzerland → Germany → United Kingdom → United States,9.0,11.0,0.0,2.0,0.0,1.0,0.0,1.0,5.0,30000,23.0,12,11,11,0.5168918919,,2,0,1,0,3,3,3,3,0,0,,,,,1,1,,1,1,1,,,,,,,,,,,,,,1,1,1,1,1,,,,,,,,,,,,,,,,,,2,,2,,,1,1,0,1,1,0,,0,4,4,2,0,0,4,4,0,4,4,1,,,0,0,0,,,31.95,9.02,21.0,58.0,37.0,,4.23,2.04,1.0,7.0,93.0,,,,,,"=COUNTIF('TAR(US) 22'!AS$4:BL$20,""Co-Ed"")",10.0,12.0,4.0,3.0,4.0,,5.23881,2.46271,,3.41,,4.86,2.77,,3.41,,7.64,3.94,,7.64,3.94,,-0.1894,0.5591,,0.47,,1.09,1.56,,0.1327,0.1611,,3.27,2.73,,0.3842,0.2921,,1.89231,0.90042,,2.29545,1.41348,,4.40476,,1.09,1,,0.129,0.1083,,1,0.95,,0.0985,0.0913,,0.27,0.45,,0.0265,0.0445,,3.63,2.23,,3.09,3.18,,8.64,1.43,,5.55,2.5,,0.4497,0.22873,,3.46,,0.4969,0.2799,,3.86,,-0.1006,0.4575,,0.5086,,0.25772,0.11237,,0.30963,0.18402,,4.18,2.76,,0.4866,0.2839,,3.45,2.39,,0.74697,0.31597,,0.02273,0.07187,,0.72424,0.30578,,5.0,3.0,,9.0,7.0,,7.0,,7.0,,3.0,,0.0,0.0,1.0,,7.0,7.0,9.0,,1.0,2.0
TAR23,TAR(US) 23,The Amazing Race 23,23.0,"June 9, 2013 - July 2, 2013",23.0,41434.0,41457.0,6.0,9.0,2013.0,7.0,2.0,2013.0,"September 29, 2013 - December 8, 2013",41546.0,41616.0,9.0,29.0,2013.0,12.0,8.0,2013.0,23.0,23.0,182.0,159.0,89.0,34.0,Sunday 8pm,9.49,8.62,9.21,23.0,United States → Chile → Portugal → Norway → Poland → Austria → United Arab Emirates → Indonesia → Japan → United States,9.0,9.0,0.0,0.0,0.0,0.0,0.0,0.0,4.0,35000,21.0,12,11,11,0.4898648649,,2,0,1,0,3,1,1,1,0,2,,,,,1,1,,1,1,1,,,,,,,,,,,,,,1,1,1,1,1,,,,,,,,,,,,,,,,,,2,,0,,,1,0,0,0,0,0,,0,4,4,0,0,0,4,4,0,4,4,2,,,0,0,0,,,33.68,9.75,22.0,60.0,38.0,,4.14,2.14,1.0,7.0,91.0,,,,,,"=COUNTIF('TAR(US) 23'!AS$4:BL$20,""Co-Ed"")",8.0,14.0,4.0,2.0,5.0,,5.26857,2.22686,,1.81,,5.05,2.37,,1.9,,7.36,4.01,,7.36,4.01,,-0.2231,0.5168,,0.4225,,1.09,1.16,,0.1256,0.1219,,3.27,3.54,,0.3649,0.2777,,2.00464,1.05007,,2.40909,1.3326,,4.30864,,1.09,1.78,,0.0954,0.1487,,1,1.54,,0.1104,0.1651,,0.27,0.62,,0.031,0.074,,4.14,2.1,,2.82,2.92,,8.36,1.82,,5.55,2.64,,0.4356,0.19544,,2.59,,0.44899,0.22274,,3.26,,-0.1288,0.3909,,0.4487,,0.27679,0.12151,,0.39014,0.20593,,3.91,3.26,,0.4696,0.2538,,3.45,2.19,,0.79621,0.30175,,0.03864,0.09005,,0.75758,0.28882,,6.0,4.0,,8.0,6.0,,5.0,,5.0,,2.0,,1.0,1.0,1.0,,8.0,8.0,10.0,,2.0,1.0
TAR24,TAR(US) 24,The Amazing Race: All-Stars (2014),24.0,"November 16, 2013 - December 6, 2013",24.0,41594.0,41614.0,11.0,16.0,2013.0,12.0,6.0,2013.0,"February 23, 2014 - May 18, 2014",41693.0,41777.0,2.0,23.0,2014.0,5.0,18.0,2014.0,24.0,20.0,183.0,163.0,79.0,34.0,Sunday 8pm,9.49,6.71,8.22,24.0,United States → China → Malaysia → Sri Lanka → Italy → Switzerland → Spain → United Kingdom → United States,8.0,9.0,0.0,1.0,0.0,1.0,1.0,2.0,3.0,23000,29.0,12,11,12,0.2128378378,,3,0,0,0,3,3,3,3,0,0,,,,,,,,,,,,,,,,,,,,,,,,,,,,,,,,,,,,,,,,,,,,,,3,,3,,,0,0,0,0,0,0,,0,4,4,0,0,0,4,4,0,3,3,1,,,0,0,0,,,32.23,9.52,22.0,59.0,37.0,,3.86,2.3,0.0,8.0,85.0,,,,,,"=COUNTIF('TAR(US) 24'!AS$4:BL$20,""Co-Ed"")",9.0,13.0,5.0,2.0,4.0,,5.64047,2.66202,,1.6,,5.32,2.96,,1.7,,7.55,4.03,,7.55,4.03,,-0.2969,0.6118,,0.4718,,1.09,1.83,,0.0946,0.1544,,3.27,3.36,,0.3035,0.2878,,1.46086,0.76821,,1.88636,1.184,,4.3494,,1.09,1.5,,0.1076,0.1409,,1,1.28,,0.147,0.2019,,0.27,0.62,,0.0227,0.0514,,4,2.83,,3.82,3.35,,8,1.91,,4.18,2.29,,0.39904,0.23449,,1.95,,0.41878,0.26927,,2.3,,-0.2019,0.469,,0.5876,,0.22205,0.11169,,0.31631,0.21492,,4.09,3.58,,0.4412,0.2991,,3.45,2.23,,0.68903,0.34612,,0.03636,0.11499,,0.65267,0.33228,,4.0,3.0,,7.0,5.0,,5.0,,5.0,,2.0,,1.0,1.0,2.0,,6.0,6.0,9.0,,1.0,2.0
TAR25,TAR(US) 25,The Amazing Race 25,25.0,"May 31, 2014 - June 22, 2014",25.0,41790.0,41812.0,5.0,31.0,2014.0,6.0,22.0,2014.0,"September 26, 2014 - December 19, 2014",41908.0,41992.0,9.0,26.0,2014.0,12.0,19.0,2014.0,25.0,22.0,202.0,180.0,96.0,69.0,Friday 8pm,7.49,5.48,6.59,25.0,United States → United States (U.S. Virgin Islands) → United Kingdom → Denmark → Sweden → Denmark → Morocco → Italy → Malta → Singapore → Philippines → United States,9.0,10.0,1.0,2.0,1.0,2.0,2.0,3.0,4.0,26000,28.0,12,11,12,0.5337837838,,3,0,1,1,4,2,3,3,2,1,,,,,0,1,,0,1,1,,,,,,,,,,,,,,0,1,0,1,1,,,,,,,,,,,,,,,,,,3,,2,,,1,1,0,1,1,0,,0,4,4,0,0,0,4,3,1,1,1,1,,,0,0,0,,,29.5,5.66,22.0,42.0,20.0,,2.73,1.76,0.0,5.0,60.0,,,,,,"=COUNTIF('TAR(US) 25'!AS$4:BL$20,""Co-Ed"")",13.0,9.0,5.0,4.0,2.0,,5.59571,2.56912,,1.48,,5.36,2.86,,1.82,,7.45,4.1,,7.45,4.1,,-0.2996,0.5969,,0.4597,,1.09,1.56,,0.096,0.1342,,3.27,3.54,,0.3192,0.3146,,1.7061,0.60378,,2.04545,1.21458,,4.30488,,1.09,1.31,,0.0972,0.1097,,1,1.04,,0.1174,0.1135,,0.36,0.48,,0.0341,0.0464,,3.25,1.2,,3.45,3.14,,8.55,1.3,,5.09,1.98,,0.40429,0.20992,,2.22,,0.4485,0.2724,,2.41,,-0.1914,0.4198,,0.5192,,0.25137,0.09265,,0.3531,0.17173,,3.91,3.12,,0.4056,0.2836,,3.55,1.92,,0.73813,0.32015,,0.01299,0.04107,,0.72514,0.31206,,5.0,3.0,,7.0,7.0,,6.0,,7.0,,4.0,,0.0,0.0,0.0,,7.0,7.0,8.0,,1.0,3.0
TAR26,TAR(US) 26,The Amazing Race 26,26.0,"November 12, 2014 - December 6, 2014",26.0,41955.0,41979.0,11.0,12.0,2014.0,12.0,6.0,2014.0,"February 25, 2015 - May 15, 2015",42060.0,42139.0,2.0,25.0,2015.0,5.0,15.0,2015.0,26.0,24.0,184.0,160.0,81.0,69.0,Friday 8pm,7.49,6.16,5.72,26.0,United States → Japan → Thailand → Germany → France → Monaco → Namibia → Netherlands → Peru → United Staets,9.0,9.0,1.0,1.0,1.0,1.0,3.0,3.0,5.0,35000,26.0,12,11,12,0.7094594595,,3,0,1,0,4,0,0,0,0,4,,,,,0,1,,0,0,0,,,,,,,,,,,,,,0,1,0,0,0,,,,,,,,,,,,,,,,,,3,,3,,,0,0,0,0,0,0,,0,4,4,2,0,0,4,4,0,3,3,2,,,0,0,0,,,31.36,8.7,23.0,57.0,34.0,,3.0,2.17,0.0,6.0,66.0,,,,,,"=COUNTIF('TAR(US) 26'!AS$4:BL$20,""Co-Ed"")",9.0,13.0,9.0,0.0,2.0,,5.57273,2.56,,0.74,,5.55,2.69,,1,,7.64,4.05,,7.64,4.05,,-0.2755,0.586,,0.4597,,1.09,1.08,,0.1068,0.0953,,3.27,3.02,,0.3182,0.2492,,1.72108,0.86876,,2.25,1.3357,,4.36905,,1.09,1.16,,0.1053,0.1019,,1,1.28,,0.1303,0.16,,0.36,0.48,,0.0508,0.0779,,4.75,2.86,,3.09,3.6,,8.27,1.48,,5.18,2.66,,0.40957,0.21292,,1.91,,0.42219,0.24461,,2.52,,-0.1808,0.4258,,0.5199,,0.256,0.11385,,0.37382,0.20087,,4.09,2.87,,0.4546,0.2533,,3.55,2.19,,0.78788,0.36133,,0.04798,0.08383,,0.7399,0.34239,,7.0,3.0,,8.0,7.0,,6.0,,6.0,,4.0,,0.0,0.0,2.0,,8.0,8.0,9.0,,3.0,2.0
TAR27,TAR(US) 27,The Amazing Race 27,27.0,"June 22, 2015 - July 14, 2015",27.0,42177.0,42199.0,6.0,22.0,2015.0,7.0,14.0,2015.0,"September 25, 2015 - December 11, 2015",42272.0,42349.0,9.0,25.0,2015.0,12.0,11.0,2015.0,27.0,22.0,172.0,150.0,73.0,58.0,Friday 8pm,7.56,5.79,6.16,27.0,United States → Brazil → Argentina → Zambia → Zimbabwe → France → Netherlands → Poland → India → China (Hong Kong) → China (Macau) → United States,10.0,10.0,1.0,1.0,0.0,0.0,2.0,3.0,5.0,34000,22.0,12,11,12,0.6621621622,,1,0,2,0,3,2,2,2,0,1,,,,,2,2,,2,2,2,,,,,,,,,,,,,,2,2,2,2,2,,,,,,,,,,,,,,,,,,1,,1,,,1,0,0,0,0,0,,2,2,4,0,0,0,4,3,0,2,2,1,,,0,0,0,,,30.82,7.54,22.0,51.0,29.0,,3.64,2.29,0.0,6.0,80.0,,,,,,"=COUNTIF('TAR(US) 27'!AS$4:BL$20,""Co-Ed"")",10.0,12.0,6.0,2.0,3.0,,5.56815,2.50419,,1.71,,5.5,2.84,,1.34,,7.64,4.05,,7.64,4.05,,-0.2741,0.5733,,0.4497,,1.09,1.98,,0.0975,0.1676,,3.27,3.41,,0.3095,0.2856,,1.66669,0.6755,,1.97727,1.08949,,4.36905,,1.09,1.56,,0.1073,0.1373,,1,0.95,,0.1272,0.1139,,0.27,0.45,,0.0275,0.045,,4.67,2.94,,3.27,3.16,,8.27,1.6,,5,2.34,,0.40557,0.21983,,1.86,,0.41759,0.27981,,1.78,,-0.1889,0.4397,,0.542,,0.24495,0.09597,,0.29964,0.13914,,4.09,3.48,,0.4381,0.2815,,3.55,2.27,,0.76667,0.31463,,0.04545,0.09875,,0.72121,0.29585,,5.0,2.0,,8.0,6.0,,5.0,,7.0,,3.0,,0.0,0.0,2.0,,8.0,8.0,9.0,,2.0,2.0
TAR28,TAR(US) 28,The Amazing Race 28,28.0,"November 15, 2015 - December 6, 2015",28.0,42323.0,42344.0,11.0,15.0,2015.0,12.0,6.0,2015.0,"February 12, 2016 - May 13, 2016",42412.0,42503.0,2.0,12.0,2016.0,5.0,13.0,2016.0,28.0,21.0,180.0,159.0,68.0,58.0,Friday 8pm,7.56,6.09,5.93,28.0,United States → Mexico → Columbia → Switzerland → France → Armenia → Georgia → United Arab Emirates → Indonesia → China → United States,10.0,10.0,3.0,3.0,2.0,2.0,2.0,2.0,4.0,27000,28.0,12,11,12,0.6216216216,,2,0,1,0,3,3,3,3,0,0,,,,,1,1,,1,1,1,,,,,,,,,,,,,,1,1,1,1,1,,,,,,,,,,,,,,,,,,2,,2,,,0,0,0,0,0,0,,0,4,4,0,0,0,4,2,2,1,1,1,,,0,0,0,,,30.64,9.84,19.0,58.0,39.0,,4.36,2.29,1.0,7.0,96.0,,,,,,"=COUNTIF('TAR(US) 28'!AS$4:BL$20,""Co-Ed"")",11.0,11.0,5.0,3.0,3.0,,5.53042,2.33788,,1.95,,5.73,2.72,,2.29,,7.91,3.68,,7.91,3.68,,-0.2121,0.5122,,0.4227,,1.09,1.73,,0.0995,0.1552,,3.27,3.49,,0.2957,0.3091,,1.82301,0.44031,,2.27273,0.80096,,4.56322,,1.09,1.56,,0.0974,0.141,,1,0.85,,0.1261,0.1027,,0.27,0.62,,0.0281,0.0599,,4.78,3.12,,3.09,2.19,,8.27,2.22,,5.18,1.53,,0.42932,0.20509,,2.76,,0.47053,0.27883,,2.63,,-0.1413,0.4102,,0.4777,,0.24759,0.06862,,0.26578,0.1056,,4.27,3.79,,0.4409,0.3013,,3.64,2.35,,0.74185,0.22881,,0.01818,0.0575,,0.72367,0.21511,,4.0,3.0,,6.0,6.0,,5.0,,8.0,,2.0,,0.0,2.0,4.0,,5.0,6.0,10.0,,1.0,1.0
TAR29,TAR(US) 29,The Amazing Race 29,29.0,"June 10, 2016 - July 2, 2016",29.0,42531.0,42553.0,6.0,10.0,2016.0,7.0,2.0,2016.0,"March 30, 2017 - June 1, 2017",42824.0,42887.0,3.0,30.0,2017.0,6.0,1.0,2017.0,29.0,22.0,356.0,334.0,271.0,64.0,Thursday 10pm,6.33,4.3,3.91,29.0,United States → Panama → Brazil → Tanzania → Norway → Italy → Greece → Vietnam → South Korea → United States,9.0,9.0,0.0,0.0,0.0,0.0,0.0,0.0,5.0,36000,27.0,12,11,12,0.5777027027,,2,0,1,0,3,2,2,2,0,1,,,,,1,1,,1,1,1,,,,,,,,,,,,,,1,1,1,1,1,,,,,,,,,,,,,,,,,,2,,1,,,1,1,0,0,1,0,,0,6,6,2,0,0,6,6,0,5,5,3,,,0,0,0,,,29.77,5.9,21.0,46.0,25.0,,3.18,2.12,0.0,6.0,70.0,,,,,,"=COUNTIF('TAR(US) 29'!AS$4:BL$20,""Co-Ed"")",11.0,11.0,9.0,1.0,1.0,,5.44959,2.56581,,2.23,,5.32,2.74,,2.38,,7.36,4.12,,7.36,4.12,,-0.2757,0.6007,,0.4708,,1.09,1.08,,0.1256,0.1219,,3.27,3.05,,0.3366,0.2597,,1.72378,0.9115,,2.22727,1.28565,,4.2716,,1.09,1.31,,0.1058,0.1238,,1,1.13,,0.1053,0.1079,,0.27,0.62,,0.0303,0.0734,,3.43,1.92,,3.18,3.43,,8.18,1.85,,5,2.66,,0.41554,0.21627,,2.83,,0.41086,0.24891,,3.13,,-0.1689,0.4325,,0.5205,,0.25702,0.12199,,0.34882,0.22115,,4,3.28,,0.4493,0.2863,,3.36,2.42,,0.7596,0.34215,,0.01299,0.04107,,0.74661,0.33542,,6.0,5.0,,8.0,7.0,,6.0,,6.0,,2.0,,1.0,1.0,1.0,,7.0,7.0,9.0,,1.0,2.0
TAR30,TAR(US) 30,The Amazing Race 30,30.0,"October 1, 2017 - October 24, 2017",30.0,43009.0,43032.0,10.0,1.0,2017.0,10.0,24.0,2017.0,"January 3, 2018 - February 21, 2018",43103.0,43152.0,1.0,3.0,2018.0,2.0,21.0,2018.0,30.0,23.0,143.0,120.0,71.0,50.0,Wednesday 8pm; Wednesday 9pm,7.7,7.33,4.34,30.0,United States → Iceland → Netherlands → Belgium → Morocco → France → Czech Republic → Zimbabwe → Bahrain → Thailand → China (Hong Kong) → United States,11.0,11.0,1.0,1.0,1.0,1.0,4.0,4.0,4.0,29000,26.0,12,11,8,0.6689189189,,2,0,1,0,3,3,3,3,1,1,,,,,1,1,2,2,2,2,,,,,,,,,,,,,,1,1,2,2,2,,,,,,,,,,,,,,,,,,2,,1,,,0,0,0,0,0,0,,0,4,4,0,0,0,4,3,0,3,3,1,,,0,0,0,,,32.14,6.4,22.0,48.0,26.0,,2.95,1.46,0.0,6.0,65.0,,,,,,"=COUNTIF('TAR(US) 30'!AS$4:BL$20,""Co-Ed"")",9.0,13.0,3.0,3.0,5.0,,5.72941,2.6689,,1.28,,5.86,2.92,,1.37,,6.91,3.48,,7.45,3.92,,-0.2922,0.6019,,0.4658,,1,1.13,,0.0996,0.1138,,3,3.41,,0.307,0.3038,,1.54149,0.94527,,1.86364,1.21245,,4.43421,,1,1.28,,0.1109,0.1252,,0.91,1,,0.1376,0.1537,,0.36,0.48,,0.0475,0.0753,,5.7,2.61,,3.45,3.5,,7.64,2.19,,4.18,2.59,,0.3975,0.21341,,1.54,,0.38371,0.24566,,1.81,,-0.205,0.4268,,0.5369,,0.2498,0.1136,,0.31865,0.17614,,3.73,3.05,,0.423,0.2734,,3.18,1.4,,0.74066,0.34914,,0.01515,0.04791,,0.7255,0.34108,,5.0,5.0,,7.0,6.0,,6.0,,6.0,,4.0,,1.0,2.0,3.0,,7.0,8.0,9.0,,1.0,2.0
TAR31,TAR(US) 31,The Amazing Race: Reality Showdown,31.0,"June 10, 2018 - July 3, 2018",31.0,43261.0,43284.0,6.0,10.0,2018.0,7.0,3.0,2018.0,"April 17, 2019 - June 26, 2019",43572.0,43642.0,4.0,17.0,2019.0,6.0,26.0,2019.0,31.0,23.0,381.0,358.0,288.0,57.0,Wednesday 9pm; Wednesday 8pm,6.86,5.74,3.82,31.0,United States → Japan → Laos → Vietnam → United Arab Emirates → Uganda → Switzerland → Croatia → Netherlands → United Kingdom → United Staets,10.0,10.0,2.0,2.0,2.0,2.0,3.0,3.0,4.0,25000,24.0,12,11,11,0.6283783784,,3,0,0,0,3,3,3,3,0,0,,,,,,,,,,,,,,,,,,,,,,,,,,,,,,,,,,,,,,,,,,,,,,3,,3,,,0,0,0,0,0,0,,0,4,4,0,0,2,6,4,0,4,6,2,,,0,0,0,,,36.23,8.39,23.0,54.0,31.0,,4.23,1.86,1.0,7.0,93.0,,,,,,"=COUNTIF('TAR(US) 31'!AS$4:BL$20,""Co-Ed"")",10.0,12.0,4.0,3.0,4.0,,5.77261,2.66773,,0.74,,5.91,2.75,,1.08,,7.91,3.9,,7.91,3.9,,-0.2847,0.5935,,0.4623,,1.09,1.5,,0.0939,0.1276,,3.27,3.33,,0.2936,0.2792,,1.47264,0.81139,,2.20455,1.28725,,4.49425,,1.09,1.5,,0.0987,0.1346,,1,1.13,,0.1335,0.1552,,0.27,0.45,,0.0297,0.0491,,4.8,3.28,,3.82,3.46,,8.18,1.75,,4.36,2.57,,0.39476,0.23255,,0.95,,0.38108,0.24137,,1.41,,-0.2105,0.4651,,0.5891,,0.22177,0.1093,,0.29954,0.18917,,4.27,3.72,,0.4112,0.2994,,3.64,1.97,,0.69812,0.34867,,0.06061,0.12856,,0.63752,0.3186,,4.0,4.0,,7.0,6.0,,4.0,,7.0,,3.0,,1.0,1.0,1.0,,7.0,7.0,9.0,,2.0,2.0
TAR32,TAR(US) 32,The Amazing Race 32,32.0,"November 9, 2018 - December 3, 2018",32.0,43413.0,43437.0,11.0,9.0,2018.0,12.0,3.0,2018.0,"October 14, 2020 - December 16, 2020",44118.0,44181.0,10.0,14.0,2020.0,12.0,16.0,2020.0,32.0,24.0,768.0,744.0,681.0,59.0,Wednesday 9pm; Wednesday 8pm,5.41,3.58,4.46,32.0,United States → Trinidad and Tobago → Columbia → Brazil → Paraguay → France → Germany → Kazakhstan → India → Cambodia → Philippines → United States,11.0,11.0,1.0,1.0,1.0,1.0,3.0,3.0,4.0,33000,21.0,11,11,12,0.6824324324,,2,1,1,0,3,2,2,2,0,1,,,,,1,1,,0,0,0,,,,,,,,,,,,,,1,1,0,0,0,,,,,,,,,,,,,,,,,,2,,2,,,0,0,0,0,0,0,,0,4,4,0,0,0,4,4,0,3,3,2,,,7,3,2,,,33.5,7.32,24.0,61.0,37.0,,3.41,1.92,0.0,6.0,75.0,,,,,,"=COUNTIF('TAR(US) 32'!AS$4:BL$20,""Co-Ed"")",9.0,13.0,3.0,3.0,5.0,,5.67104,2.70178,,1.35,,5.77,2.92,,1.27,,7.64,4.05,,7.64,4.05,,-0.2978,0.6185,,0.4766,,1.09,1.73,,0.0916,0.1441,,3.27,3.72,,0.31,0.306,,1.41114,0.73067,,1.97727,1.29006,,4.36905,,1.09,1.24,,0.1135,0.1362,,1,1.13,,0.126,0.1354,,0.27,0.86,,0.0303,0.0958,,4.33,2.75,,3.73,3.25,,7.91,1.98,,4.18,2.33,,0.39555,0.24697,,1.86,,0.38128,0.2645,,1.71,,-0.2089,0.4939,,0.6244,,0.21985,0.09483,,0.32681,0.17434,,4.09,4.03,,0.4199,0.3248,,3.55,2.68,,0.71191,0.32365,,0.06638,0.14482,,0.64553,0.29576,,4.0,3.0,,7.0,6.0,,5.0,,6.0,,1.0,,1.0,1.0,3.0,,6.0,7.0,9.0,,2.0,2.0
TAR33,TAR(US) 33,The Amazing Race 33,33.0,"February 22, 2020 - February 28, 2020 & September 19, 2021 - October 6, 2021",33.0,43883.0,44475.0,2.0,22.0,2020.0,10.0,6.0,2021.0,"January 5, 2022 - March 2, 2022",44566.0,44622.0,1.0,5.0,2022.0,3.0,2.0,2022.0,33.0,23.0,739.0,147.0,91.0,49.0,Wednesday 8pm; Wednesday 8pm,5.5,4.4,3.97,,United States → United Kingdom → Switzerland → France → Greece → Portugal → United States,6.0,6.0,0.0,0.0,0.0,0.0,0.0,0.0,2.0,22000,30.0,11,11,11,0.09121621622,,3,0,1,0,4,4,4,4,0,0,,,,,1,1,,1,1,1,,,,,,,,,,,,,,1,1,1,1,1,,,,,,,,,,,,,,,,,,,2,1,,,0,0,0,0,0,0,,0,0,0,0,0,0,0,0,0,0,0,0,,,0,0,0,,,36.55,7.79,23.0,56.0,33.0,,3.0,2.17,0.0,7.0,66.0,,,,,,"=COUNTIF('TAR(US) 33'!AS$4:BL$20,""Co-Ed"")",9.0,13.0,5.0,2.0,4.0,,,,,,,,,,,,,,,,,,,,,,,,,,,,,,,,,,,,,,,,,,,,,,,,,,,,,,,,,,,,,,,,,,,,,,,,,,,,,,,,,,,,,,,,,,,,,,,,,,,,,,,,,,,,,,,,,,,,,,,,,,,,,,,,,,,,,
TAR34,TAR(US) 34,The Amazing Race 34,34.0,"May 25, 2022 - June 16, 2022",34.0,44706.0,44728.0,5.0,25.0,2022.0,6.0,16.0,2022.0,"September 21, 2022 - December 7, 2022",44825.0,44902.0,9.0,21.0,2022.0,12.0,7.0,2022.0,34.0,22.0,196.0,174.0,97.0,54.0,Wednesday 10pm; Wednesday 8pm,4.65,3.07,3.67,,Germany → Austria → Italy → Jordan → France → Spain → Iceland → United States,8.0,8.0,1.0,1.0,1.0,1.0,1.0,1.0,3.0,10300,23.0,10,12,12,0.2466216216,,0,2,0,0,2,1,1,1,0,1,,,,,2,2,,1,1,1,,,,,,,,,,,,,,2,2,1,1,1,,,,,,,,,,,,,,,,,,,,,,,0,0,0,0,0,0,,0,0,0,0,0,0,0,0,0,0,0,0,,,0,0,0,,,33.67,8.33,23.0,59.0,36.0,,,,,,,,,,,,"=COUNTIF('TAR(US) 34'!AS$4:BL$20,""Co-Ed"")",12.0,12.0,8.0,2.0,2.0,,,,,,,,,,,,,,,,,,,,,,,,,,,,,,,,,,,,,,,,,,,,,,,,,,,,,,,,,,,,,,,,,,,,,,,,,,,,,,,,,,,,,,,,,,,,,,,,,,,,,,,,,,,,,,,,,,,,,,,,,,,,,,,,,,,,,
TAR35,TAR(US) 35,The Amazing Race 35,35.0,"June 13, 2023 - July 8, 2023",36.0,45090.0,45115.0,6.0,13.0,2023.0,7.0,8.0,2023.0,"September 27, 2023 - December 13, 2023",45196.0,45273.0,9.0,27.0,2023.0,12.0,13.0,2023.0,35.0,25.0,183.0,158.0,81.0,47.0,Wednesday 9:30pm,4.55,2.7,3.31,,United States → Thailand → Vietnam → India → Germany → Austria → Slovenia → Sweden → Ireland → United States,8.0,8.0,1.0,1.0,1.0,1.0,2.0,2.0,3.0,23800,29.0,12,13,12,0.3175675676,,0,1,0,0,1,1,1,1,0,0,,,,,1,1,,1,1,1,,,,,,,,,,,,,,1,1,1,1,1,,,,,,,,,,,,,,,,,,,,,,,0,0,0,0,0,0,,0,0,0,0,0,1,1,0,0,0,1,0,,,0,0,0,,,36.96,9.3,23.0,54.0,31.0,,,,,,,,,,,,"=COUNTIF('TAR(US) 35'!AS$4:BL$20,""Co-Ed"")",12.0,14.0,4.0,4.0,5.0,,,,,,,,,,,,,,,,,,,,,,,,,,,,,,,,,,,,,,,,,,,,,,,,,,,,,,,,,,,,,,,,,,,,,,,,,,,,,,,,,,,,,,,,,,,,,,,,,,,,,,,,,,,,,,,,,,,,,,,,,,,,,,,,,,,,,
TAR36,TAR(US) 36,The Amazing Race 36,36.0,"October 25, 2022 - November 17, 2022",35.0,44859.0,44882.0,10.0,25.0,2022.0,11.0,17.0,2022.0,"March 13, 2024 - May 15, 2024",45364.0,45427.0,3.0,13.0,2024.0,5.0,15.0,2024.0,36.0,23.0,568.0,545.0,482.0,47.0,Wednesday 9:30pm,4.55,2.89,2.86,,Mexico → Colombia → Chile → Argentina → Uruguay → Barbados → Dominican Republic → United States,8.0,8.0,2.0,2.0,2.0,2.0,3.0,3.0,2.0,11711,20.0,11,13,10,0.2905405405,,0,1,0,0,1,0,0,0,0,1,,,,,1,1,,0,0,0,,,,,,,,,,,,,,1,1,0,0,0,,,,,,,,,,,,,,,,,,,,,,,0,0,0,0,0,0,,0,0,0,0,0,0,0,0,0,0,0,0,,,0,0,0,,,36.23,11.13,20.0,60.0,40.0,,,,,,,,,,,,"=COUNTIF('TAR(US) 36'!AS$4:BL$20,""Co-Ed"")",13.0,13.0,7.0,3.0,3.0,,,,,,,,,,,,,,,,,,,,,,,,,,,,,,,,,,,,,,,,,,,,,,,,,,,,,,,,,,,,,,,,,,,,,,,,,,,,,,,,,,,,,,,,,,,,,,,,,,,,,,,,,,,,,,,,,,,,,,,,,,,,,,,,,,,,,
TAR37,TAR(US) 37,The Amazing Race 37,37.0,"May 18, 2024 - June 14, 2024",37.0,45430.0,45457.0,5.0,18.0,2024.0,6.0,14.0,2024.0,"March 5, 2025 - May 15, 2025",45721.0,45792.0,3.0,5.0,2025.0,5.0,15.0,2025.0,37.0,27.0,362.0,335.0,264.0,96.0,Wednesday 9:30pm; Thursday 9pm,5.6,2.62,2.82,,United States → China (Hong Kong) → Japan → Indonesia → United Arab Emirates → Bulgaria → Italy → Germany → France → Germany → Portugal → United States,10.0,10.0,1.0,1.0,1.0,1.0,1.0,1.0,3.0,29000,32.0,12,14,12,0.4831081081,,1,0,0,0,1,1,1,1,0,0,,,,,1,1,,1,1,1,,,,,1,1,1,1,1,,,,,,,,,,,,,,,,,,,,,,,,,,,,,,,,1,1,0,1,1,0,,0,0,0,0,0,2,2,2,0,0,2,1,,,0,0,0,,,40.46,13.06,22.0,66.0,44.0,,,,,,,,,,,,"=COUNTIF('TAR(US) 37'!AS$4:BL$20,""Co-Ed"")",13.0,15.0,5.0,4.0,5.0,,,,,,,,,,,,,,,,,,,,,,,,,,,,,,,,,,,,,,,,,,,,,,,,,,,,,,,,,,,,,,,,,,,,,,,,,,,,,,,,,,,,,,,,,,,,,,,,,,,,,,,,,,,,,,,,,,,,,,,,,,,,,,,,,,,,,
TAR38,TAR(US) 37,The Amazing Race: European Adventure,38.0,"March 17, 2025 - April 9, 2025",38.0,45733.0,45756.0,3.0,17.0,2025.0,4.0,9.0,2025.0,"September 25, 2025 - December 10, 2025",45925.0,46001.0,3.0,5.0,2025.0,5.0,15.0,2025.0,37.0,23.0,268.0,245.0,169.0,96.0,,,,,,Netherlands → Czech Republic → Hungary → Croatia → Romania → Greece → Italy → France → United States,9.0,9.0,0.0,0.0,0.0,0.0,0.0,0.0,2.0,,,,13,12,,,1,0,0,0,1,1,1,1,0,0,,,,,1,1,,1,1,1,,,,,1,1,1,1,1,,,,,,,,,,,,,,,,,,,,,,,,,,,,,,,,1,1,0,1,1,0,,0,2,2,0,0,0,2,2,0,2,2,0,,,0,0,0,,,32.85,8.51,22.0,58.0,36.0,,,,,,,,,,,,"=COUNTIF('TAR(US) 37'!AS$4:BL$20,""Co-Ed"")",13.0,15.0,5.0,4.0,5.0,,,,,,,,,,,,,,,,,,,,,,,,,,,,,,,,,,,,,,,,,,,,,,,,,,,,,,,,,,,,,,,,,,,,,,,,,,,,,,,,,,,,,,,,,,,,,,,,,,,,,,,,,,,,,,,,,,,,,,,,,,,,,,,,,,,,,
