place,team,leg_1,leg_2,leg_3,leg_4,leg_5,leg_6,leg_7,leg_8,leg_9,leg_10,leg_11,leg_12,unnamed_14,average,average_round_to_five_nearest,averages_rank,final_rank__averages_rank,median,median_rank,final_rank__median_rank,of_ranks,racing_average__theoretical_season_average,racing_average__experimental_season_average,leg_wins,leg_win_rate,podium_finishes,podium_finish_rate,standard_deviation,interquartile_range,season_average,second_place_finshes,2nd_place_rate,secondtolast_place_finishes_not_final_3,2ndtolast_rate,nonelimination_legs,nonelimination_rate,uturned,used_uturn,yielded,used_yield,mode,minimum,maximum,range,unnamed_46,roadblock_split,unnamed_48,age,unnamed_50,gender,unnamed_52,leg_11,leg_21,leg_31,leg_41,leg_51,leg_61,leg_71,leg_81,leg_91,leg_101,leg_111,leg_121,unnamed_65,di_average,di_average_round_to_five_nearest,di_averages_rank,final_rank__di_averages_rank,di_median,di_median_rank,final_rank__di_median_rank,di_racing_average__di_theoretical_season_average,di_racing_average__di_experimental_season_average,di_standard_deviation,di_interquartile_range,di_season_average,equal_or_above_05,05_rate,less_than_05,maximum_di,minimum_di,range_di
Averages,,,,,,,,,,,,,,,5.62,5.62122,6.0,0.0,5.68,5.91,0.09,8.0,-0.2782,-0.0001,1.18,0.1079,3.55,0.324,1.61721,2.06818,,1.18,0.1038,1.0,0.1346,0.45,0.0815,,,,,4.89,3.36,8.0,4.64,,4.0,,32.05,,,,,,,,,,,,,,,,,0.41,0.40888,6.0,0.0,0.42992,6.0,0.0,-0.1822,0.0,0.24102,0.32348,,4.45,0.4298,3.55,0.75,0.04545,0.70455
Standard Deviation,,,,,,,,,,,,,,,2.65,2.65268,3.16,2.13,2.79,3.26,2.07,4.11,0.6031,0.472,1.8,0.1733,3.63,0.2774,0.60527,1.10829,,1.34,0.1054,1.21,0.2214,0.66,0.1449,,,,,2.56,3.17,2.13,1.87,,2.2,,10.08,,,,,,,,,,,,,,,,,0.22,0.21758,3.16,2.22,0.27306,3.16,2.22,0.4352,0.5321,0.10682,0.16898,,4.05,0.324,2.15,0.33098,0.14374,0.32784
1,Daniel & César,5.0,7.0,9.0,7.0,6.0,6.0,4.0,5.0,2.0,2.0,1.0,3.0,1.0,4.46,4.46154,6.0,-5.0,5.0,6.0,-5.0,13.0,-0.0142,0.2064,2.0,0.1538,5.0,0.3846,2.43738,4.0,4.39773,2.0,0.1538,2.0,0.1538,2.0,0.1538,1.0,1.0,0.0,0.0,5.0,1.0,9.0,8.0,,6.0,7.0,25.0,25.0,Male,,0.6,0.4,0.0,0.25,0.28571429,0.16666667,0.5,0.2,0.75,0.75,1.0,0.0,1.0,0.45,0.45403,5.0,-4.0,0.4,5.0,-4.0,-0.0919,0.1104,0.33132,0.55,0.5,6.0,0.4615,7.0,1.0,0.0,1.0
2,Fer & Ferds,4.0,3.0,5.0,3.0,3.0,2.0,3.0,2.0,3.0,3.0,2.0,1.0,2.0,2.77,2.76923,2.0,0.0,3.0,2.0,0.0,13.0,0.3701,0.5071,1.0,0.0769,11.0,0.8462,0.97301,1.0,,4.0,0.3077,0.0,0.0,0.0,0.0,0.0,0.0,0.0,0.0,3.0,1.0,5.0,4.0,,6.0,7.0,32.0,32.0,Male,,0.7,0.8,0.5,0.75,0.71428571,0.83333333,0.66666667,0.8,0.5,0.5,0.66666667,1.0,0.5,0.69,0.687,2.0,0.0,0.7,2.0,0.0,0.374,0.6802,0.14949,0.3,,13.0,1.0,0.0,1.0,0.5,0.5
3,Edu & Rick,6.0,4.0,2.0,1.0,2.0,3.0,5.0,4.0,1.0,1.0,3.0,2.0,3.0,2.85,2.84615,3.0,0.0,3.0,2.0,1.0,13.0,0.3519,0.4929,3.0,0.2308,9.0,0.6923,1.5113,2.0,,3.0,0.2308,1.0,0.0769,0.0,0.0,0.0,0.0,0.0,0.0,2.0,1.0,6.0,5.0,,7.0,6.0,25.0,29.0,Male,,0.5,0.7,0.875,1.0,0.85714286,0.66666667,0.33333333,0.4,1.0,1.0,0.33333333,0.5,0.0,0.63,0.62811,3.0,0.0,0.66667,3.0,0.0,0.2562,0.5362,0.30232,0.475,,9.0,0.6923,4.0,1.0,0.0,1.0
4,Renan & Fran,2.0,8.0,6.0,6.0,5.0,4.0,2.0,3.0,4.0,4.0,4.0,,,4.36,4.36364,5.0,-1.0,4.0,4.0,0.0,11.0,0.0086,0.2242,0.0,0.0,3.0,0.2727,1.72008,2.0,,2.0,0.1818,2.0,0.1818,0.0,0.0,1.0,1.0,0.0,0.0,4.0,2.0,8.0,6.0,,6.0,5.0,26.0,27.0,Co-Ed,,0.9,0.3,0.375,0.375,0.42857143,0.5,0.83333333,0.6,0.25,0.25,0.0,,,0.44,0.43745,6.0,-2.0,0.375,6.0,-2.0,-0.1251,0.0699,0.25035,0.275,,4.0,0.3636,7.0,0.9,0.0,0.9
5,Renata & Ana Paula,1.0,1.0,1.0,4.0,4.0,1.0,1.0,1.0,5.0,5.0,,,,2.4,2.4,1.0,4.0,1.0,1.0,4.0,10.0,0.4543,0.573,6.0,0.6,6.0,0.6,1.74356,3.0,,0.0,0.0,0.0,0.0,1.0,0.1,0.0,0.0,0.0,0.0,1.0,1.0,5.0,4.0,,5.0,5.0,35.0,33.0,Female,,1.0,1.0,1.0,0.625,0.57142857,1.0,1.0,1.0,0.0,0.0,,,,0.72,0.71964,1.0,4.0,1.0,1.0,4.0,0.4393,0.76,0.39221,0.41518,,8.0,0.8,2.0,1.0,0.0,1.0
6,Fernanda & Cainã,3.0,5.0,4.0,2.0,1.0,5.0,6.0,6.0,,,,,,4.0,4.0,4.0,2.0,4.5,5.0,1.0,8.0,0.0904,0.2883,1.0,0.125,3.0,0.375,1.73205,2.5,,1.0,0.125,1.0,0.125,0.0,0.0,0.0,0.0,0.0,0.0,5.0,1.0,6.0,5.0,,4.0,4.0,22.0,22.0,Co-Ed,,0.8,0.6,0.625,0.875,1.0,0.33333333,0.16666667,0.0,,,,,,0.55,0.55,4.0,2.0,0.6125,4.0,2.0,0.1,0.3451,0.33075,0.52708,,5.0,0.625,3.0,1.0,0.0,1.0
7,Fuzetti & Nando,8.0,2.0,7.0,5.0,7.0,7.0,7.0,,,,,,,6.14,6.14286,7.0,0.0,7.0,7.0,0.0,7.0,-0.3962,-0.0925,0.0,0.0,1.0,0.1429,1.88442,1.0,,1.0,0.1429,1.0,0.1429,1.0,0.1429,0.0,0.0,0.0,0.0,7.0,2.0,8.0,6.0,,4.0,3.0,54.0,30.0,Male,,0.3,0.9,0.25,0.5,0.14285714,0.0,0.0,,,,,,,0.3,0.29898,8.0,-1.0,0.25,8.0,-1.0,-0.402,-0.2688,0.29452,0.32857,,2.0,0.2857,5.0,0.9,0.0,0.9
8,Gabriela & Harã,10.0,9.0,8.0,8.0,8.0,,,,,,,,,8.6,8.6,9.0,-1.0,8.0,9.0,-1.0,5.0,-0.9556,-0.5302,0.0,0.0,0.0,0.0,0.8,1.0,,0.0,0.0,4.0,0.8,0.0,0.0,0.0,0.0,0.0,0.0,8.0,8.0,10.0,2.0,,2.0,3.0,29.0,29.0,Co-Ed,,0.1,0.2,0.125,0.125,0.0,,,,,,,,,0.11,0.11,10.0,-2.0,0.125,10.0,-2.0,-0.78,-0.731,0.06442,0.025,,0.0,0.0,5.0,0.2,0.0,0.2
9,Ciça & Zezão,9.0,6.0,3.0,9.0,,,,,,,,,,6.75,6.75,8.0,1.0,7.5,8.0,1.0,4.0,-0.5349,-0.2011,0.0,0.0,1.0,0.25,2.48747,3.75,,0.0,0.0,0.0,0.0,0.0,0.0,0.0,0.0,0.0,0.0,9.0,3.0,9.0,6.0,,4.0,0.0,57.0,26.0,Co-Ed,,0.2,0.5,0.75,0.0,,,,,,,,,,0.36,0.3625,7.0,2.0,0.35,7.0,2.0,-0.275,-0.1134,0.28586,0.4125,,2.0,0.5,2.0,0.75,0.0,0.75
10,Billy & Gean,11.0,10.0,,,,,,,,,,,,10.5,10.5,11.0,-1.0,10.5,11.0,-1.0,2.0,-1.3876,-0.8683,0.0,0.0,0.0,0.0,0.5,0.5,,0.0,0.0,0.0,0.0,1.0,0.5,1.0,0.0,0.0,0.0,,10.0,11.0,1.0,,2.0,0.0,49.0,48.0,Male,,0.0,0.1,,,,,,,,,,,,0.05,0.05,11.0,-1.0,0.05,11.0,-1.0,-0.9,-0.8777,0.05,0.05,,0.0,0.0,2.0,0.1,0.0,0.1
11,Ci & Lu,7.0,11.0,,,,,,,,,,,,9.0,9.0,10.0,1.0,9.0,10.0,1.0,2.0,-1.0465,-0.6014,0.0,0.0,0.0,0.0,2.0,2.0,,0.0,0.0,0.0,0.0,0.0,0.0,0.0,0.0,0.0,0.0,,7.0,11.0,4.0,,1.0,1.0,25.0,25.0,Female,,0.4,0.0,,,,,,,,,,,,0.2,0.2,9.0,2.0,0.2,9.0,2.0,-0.6,-0.5109,0.2,0.2,,0.0,0.0,2.0,0.4,0.0,0.4
