place,team,leg_1,leg_2,leg_3,leg_4,leg_5,leg_6,leg_7,leg_8,leg_9,leg_10,average,average_round_to_five_nearest,averages_rank,final_rank__averages_rank,median,median_rank,final_rank__median_rank,of_ranks,racing_average__theoretical_season_average,racing_average__experimental_season_average,leg_wins,leg_win_rate,podium_finishes,podium_finish_rate,standard_deviation,interquartile_range,season_average,second_place_finshes,2nd_place_rate,secondtolast_place_finishes_not_final_3,2ndtolast_rate,nonelimination_legs,nonelimination_rate,uturned,used_uturn,yielded,used_yield,mode,minimum,maximum,range,unnamed_43,roadblock_split,unnamed_45,age,unnamed_47,gender,unnamed_49,leg_11,leg_21,leg_31,leg_41,leg_51,leg_61,leg_71,leg_81,leg_91,leg_101,di_average,di_average_round_to_five_nearest,di_averages_rank,final_rank__di_averages_rank,di_median,di_median_rank,final_rank__di_median_rank,di_racing_average__di_theoretical_season_average,di_racing_average__di_experimental_season_average,di_standard_deviation,di_interquartile_range,di_season_average,equal_or_above_05,05_rate,less_than_05,maximum_di,minimum_di,range_di
Averages,,,,,,,,,,,,4.08,4.08195,4.5,0.0,3.81,4.38,0.13,7.13,-0.1351,-0.0006,1.25,0.1451,3.75,0.4479,1.35989,1.34375,,1.25,0.1278,1.13,0.1542,0.5,0.0958,,,,,3.75,2.5,6.5,4.0,,3.88,,29.67,,,,,,,,,,,,,,0.45,0.44403,4.5,0,0.49732,4.5,0,-0.112,0.0,0.25673,0.34107,,3.88,0.4757,3.25,0.75536,0.02083,0.73452
Standard Deviation,,,,,,,,,,,,1.58,1.58519,2.29,1.32,1.84,2.34,1.62,2.76,0.4406,0.3884,1.92,0.1957,3.23,0.3314,0.52496,0.51444,,1.71,0.1728,0.93,0.1224,0.71,0.1409,,,,,1.98,2.0,1.12,1.58,,1.58,,6.28,,,,,,,,,,,,,,0.22,0.22194,2.29,2,0.30816,2.29,2,0.4439,0.4999,0.09707,0.17305,,2.85,0.2939,1.3,0.30716,0.05512,0.29528
1,Jia Jingwen & Xiu Jiekai,6.0,6.0,1.0,1.0,1.0,3.0,1.0,3.0,1.0,1.0,2.4,2.4,1.0,0.0,1.0,1.0,0.0,10.0,0.3327,0.4118,6.0,0.6,8.0,0.8,1.95959,2.0,3.59649,0.0,0.0,2.0,0.2,0.0,0.0,1.0,1.0,0.0,0.0,1.0,1.0,6.0,5.0,,5.0,6.0,43.0,34.0,Co-Ed,,0.16666667,0.28571429,1.0,1.0,1.0,0.5,1.0,0.33333333,1.0,1.0,0.73,0.72857,1.0,0,1.0,1.0,0,0.4571,0.6408,0.34093,0.625,0.5,7.0,0.7,3.0,1.0,0.16667,0.83333
2,Zheng Yuanchang & Wang Likun,3.0,1.0,2.0,5.0,5.0,1.0,2.0,4.0,2.0,2.0,2.7,2.7,2.0,0.0,2.0,2.0,0.0,10.0,0.2493,0.3382,2.0,0.2,7.0,0.7,1.41774,1.75,,4.0,0.4,1.0,0.1,1.0,0.1,0.0,0.0,0.0,0.0,2.0,1.0,5.0,4.0,,6.0,5.0,35.0,32.0,Co-Ed,,0.66666667,1.0,0.85714286,0.33333333,0.2,1.0,0.75,0.0,0.66666667,0.5,0.6,0.59738,3.0,-1,0.66667,3.0,-1,0.1948,0.3454,0.31915,0.45536,,7.0,0.7,3.0,1.0,0.0,1.0
3,Wu Minxia & Zhang Xiaocheng,2.0,5.0,4.0,2.0,3.0,2.0,3.0,2.0,3.0,3.0,2.9,2.9,3.0,0.0,3.0,3.0,0.0,10.0,0.1937,0.2892,0.0,0.0,8.0,0.8,0.9434,1.0,,4.0,0.4,1.0,0.1,0.0,0.0,0.0,0.0,0.0,0.0,2.0,2.0,5.0,3.0,,6.0,5.0,31.0,31.0,Co-Ed,,0.83333333,0.42857143,0.57142857,0.83333333,0.6,0.75,0.5,0.66666667,0.33333333,0.0,0.55,0.55167,4.0,-1,0.58571,4.0,-1,0.1033,0.2424,0.24162,0.28274,,7.0,0.7,3.0,0.83333,0.0,0.83333
4,Qiang Zi & Zhang Xingyue,4.0,2.0,7.0,4.0,2.0,4.0,4.0,1.0,4.0,,3.56,3.55556,5.0,-1.0,4.0,5.0,-1.0,9.0,0.0101,0.1275,1.0,0.1111,3.0,0.3333,1.64054,2.0,,2.0,0.2222,3.0,0.3333,0.0,0.0,2.0,0.0,0.0,1.0,4.0,1.0,7.0,6.0,,5.0,4.0,35.0,25.0,Co-Ed,,0.5,0.85714286,0.14285714,0.5,0.8,0.25,0.25,1.0,0.0,,0.48,0.47778,5.0,-1,0.5,5.0,-1,-0.0444,0.076,0.32756,0.55,,5.0,0.5556,4.0,1.0,0.0,1.0
5,Zhang Jike & Zhang Chuanming,,8.0,6.0,6.0,4.0,5.0,5.0,,,,5.67,5.66667,7.0,-2.0,5.5,7.0,-2.0,6.0,-0.5765,-0.3897,0.0,0.0,0.0,0.0,1.24722,1.0,,0.0,0.0,1.0,0.1667,2.0,0.3333,0.0,0.0,0.0,0.0,6.0,4.0,8.0,4.0,,3.0,4.0,29.0,,Male,,,0.0,0.28571429,0.16666667,0.4,0.0,0.0,,,,0.14,0.14206,7.0,-2,0.08333,7.0,-2,-0.7159,-0.6801,0.15723,0.25595,,0.0,0.0,6.0,0.4,0.0,0.4
6,Lu Ting & Xuyang Yuzhuo,5.0,4.0,5.0,3.0,6.0,,,,,,4.6,4.6,6.0,0.0,5.0,6.0,0.0,5.0,-0.279,-0.1275,0.0,0.0,1.0,0.2,1.0198,1.0,,0.0,0.0,0.0,0.0,0.0,0.0,0.0,0.0,0.0,0.0,5.0,3.0,6.0,3.0,,3.0,3.0,24.0,22.0,Female,,0.33333333,0.57142857,0.42857143,0.66666667,0.0,,,,,,0.4,0.4,6.0,0,0.42857,6.0,0,-0.2,-0.0992,0.23055,0.2381,,2.0,0.4,3.0,0.66667,0.0,0.66667
7,Fan Bingbing & Xie Yilin,1.0,3.0,3.0,7.0,,,,,,,3.5,3.5,4.0,3.0,3.0,3.0,4.0,4.0,0.0268,0.1422,1.0,0.25,3.0,0.75,2.17945,1.5,,0.0,0.0,0.0,0.0,0.0,0.0,0.0,0.0,1.0,0.0,3.0,1.0,7.0,6.0,,2.0,2.0,36.0,27.0,Female,,1.0,0.71428571,0.71428571,0.0,,,,,,,0.61,0.60714,2.0,5,0.71429,2.0,5,0.2143,0.3673,0.36943,0.25,,3.0,0.75,1.0,1.0,0.0,1.0
8,Deng Bin & Wang Xinyu,7.0,7.0,8.0,,,,,,,,7.33,7.33333,8.0,0.0,7.0,8.0,0.0,3.0,-1.0381,-0.7966,0.0,0.0,0.0,0.0,0.4714,0.5,,0.0,0.0,1.0,0.3333,1.0,0.3333,0.0,0.0,0.0,0.0,7.0,7.0,8.0,1.0,,1.0,2.0,20.0,21.0,Co-Ed,,0.0,0.14285714,0.0,,,,,,,,0.05,0.04762,8.0,0,0.0,8.0,0,-0.9048,-0.8928,0.06734,0.07143,,0.0,0.0,3.0,0.14286,0.0,0.14286
