place,team,season,rank_1,rank_2,rank_3,rank_4,rank_5,rank_6,rank_7,rank_8,rank_9,rank_10,rank_11,rank_12,rank_13,rank_14,rank_15,rank_16,rank_17,rank_18,rank_19,rank_20,rank_21,rank_22,rank_23,rank_24,average,unnamed_28,standard_deviation,of_1sts,of_1sts,unnamed_32,of_2nds,of_2nds,unnamed_35,of_3rds,of_3rds,unnamed_38,unnamed_39,average_rank,di_average,unnamed_42,chance_of_getting_1st_based_on_only_final_3s_ranks_before_final_leg,unnamed_44,chance_of_getting_2nd_based_on_only_final_3s_ranks_before_final_leg,unnamed_46,chance_of_getting_3rd_based_on_only_final_3s_ranks_before_final_leg,unnamed_48,chance_of_getting_the_placement_they_finished_in_based_on_only_final_3s_ranks_before_final_leg,standard_deviation_of_chances_based_on_only_final_3s_ranks_before_final_leg,unnamed_51,chance_of_getting_1st_based_on_previous_leg_placements_before_the_finale,unnamed_53,chance_of_getting_2nd_based_on_previous_leg_placements_before_the_finale,unnamed_55,chance_of_getting_3rdbased_on_previous_leg_placements_before_the_finale,unnamed_57,chance_of_getting_the_placement_they_finished_in_based_on_only_final_3s_ranks_before_final_leg1,standard_deviation_of_chances_based_on_only_final_3s_ranks_before_final_leg1,unnamed_60,chance_of_getting_1st_based_on_previous_relative_leg_placements_before_the_finale,unnamed_62,chance_of_getting_2nd_based_on_previous_relative_leg_placements_before_the_finale,unnamed_64,chance_of_getting_3rd_based_on_previous_relative_leg_placements_before_the_finale,unnamed_66,chance_of_getting_the_placement_they_finished_in_based_on_only_final_3s_ranks_before_final_leg2,standard_deviation_of_chances_based_on_only_final_3s_ranks_before_final_leg2
2,Average,,,,,,,,,,,,,,,,,,,,,,,,,,2.0,,0.72335,3.97595,0.33451,,3.95533,0.33278,,3.95533,0.3327,,,3.21056,0.60829,,0.33333,,0.33333,,0.33333,,0.37731,0.1477,,0.33333,,0.33333,,0.33333,,0.37308,0.12616,,0.33333,,0.33333,,0.33333,,0.37545,0.14548
1,Rob & Brennan,TARUS1,1,2,2,3,2,3,3,2,1.0,1,2,1,1,,,,,,,,,,,,1.84615,109.0,0.76923,5.0,0.38462,114.0,5.0,0.38462,98.0,3.0,0.23077,187.0,1.0,2.46154,0.74463,,0.361995,107.0,0.361592,81.0,0.276413,134.0,0.361995,0.04025,,0.3550575,124.0,0.293507,206.0,0.3514355,121.0,0.3550575,0.0282,,0.36231,124.0,0.36194,93.0,0.27575,154.0,0.36231,0.04072
2,Frank & Margarita,TARUS1,3,3,1,2,3,1,1,1,2.0,2,1,2,2,,,,,,,,,,,,1.84615,109.0,0.76923,5.0,0.38462,114.0,5.0,0.38462,98.0,3.0,0.23077,187.0,2.0,2.38462,0.72408,,0.419279,87.0,0.334367,118.0,0.246354,151.0,0.334367,0.0706,,0.393833,102.0,0.3273875,146.0,0.2787795,166.0,0.3273875,0.04716,,0.418517,100.0,0.333942,139.0,0.247541,172.0,0.333942,0.0698
3,Joe & Bill,TARUS1,2,1,3,1,1,2,2,3,3.0,3,3,3,3,,,,,,,,,,,,2.30769,230.0,0.82131,3.0,0.23077,196.0,3.0,0.23077,213.0,7.0,0.53846,48.0,3.0,2.76923,0.51389,,0.218726,177.0,0.304041,167.0,0.477233,54.0,0.477233,0.10755,,0.2511095,199.0,0.3791055,77.0,0.369785,112.0,0.369785,0.05827,,0.219173,207.0,0.304118,195.0,0.476709,61.0,0.476709,0.10715
1,Chris & Alex,TARUS2,3,1,3,3,1,3,1,1,1.0,3,3,3,1,,,,,,,,,,,,2.07692,166.0,0.99704,6.0,0.46154,69.0,0.0,0.0,287.0,7.0,0.53846,48.0,4.0,3.38462,0.53834,,0.263199,155.0,0.280815,192.0,0.455986,65.0,0.263199,0.08703,,0.27654,177.0,0.312592,175.0,0.410868,95.0,0.27654,0.05677,,0.263086,178.0,0.280423,224.0,0.456491,73.0,0.263086,0.08737
2,Tara & Wil,TARUS2,1,2,1,1,2,2,2,2,3.0,2,1,1,2,,,,,,,,,,,,1.69231,63.0,0.60569,5.0,0.38462,114.0,7.0,0.53846,23.0,1.0,0.07692,274.0,5.0,2.53846,0.67311,,0.490185,53.0,0.350449,96.0,0.159366,194.0,0.350449,0.1356,,0.48019,51.0,0.379655,76.0,0.140155,244.0,0.379655,0.14263,,0.489658,60.0,0.351334,109.0,0.159008,226.0,0.351334,0.13559
3,Blake & Paige,TARUS2,2,3,2,2,3,1,3,3,2.0,1,2,1,3,,,,,,,,,,,,2.15385,191.0,0.76923,3.0,0.23077,196.0,5.0,0.38462,98.0,5.0,0.38462,106.0,6.0,3.69231,0.50763,,0.246616,161.0,0.368736,74.0,0.384648,93.0,0.384648,0.06166,,0.24327,203.0,0.307753,181.0,0.448977,74.0,0.448977,0.08591,,0.247256,186.0,0.368243,89.0,0.384501,109.0,0.384501,0.06123
1,Flo & Zach,TARUS3,2,1,2,2,2,2,1,1,3.0,2,2,3,1,,,,,,,,,,,,1.84615,109.0,0.66172,4.0,0.30769,151.0,7.0,0.53846,23.0,2.0,0.15385,238.0,7.0,2.69231,0.65256,,0.347392,114.0,0.39963,44.0,0.252978,142.0,0.347392,0.06069,,0.365766,119.0,0.454083,18.0,0.180151,219.0,0.365766,0.11416,,0.348671,130.0,0.399256,48.0,0.252073,166.0,0.348671,0.06106
2,Teri & Ian,TARUS3,3,3,3,3,3,1,2,2,2.0,3,1,1,2,,,,,,,,,,,,2.23077,215.0,0.79941,3.0,0.23077,196.0,4.0,0.30769,159.0,6.0,0.46154,67.0,8.0,4.53846,0.47458,,0.22099,175.0,0.30057,172.0,0.47844,53.0,0.30057,0.10763,,0.197885,230.0,0.157564,286.0,0.644551,22.0,0.157564,0.22068,,0.219993,206.0,0.300979,199.0,0.479028,60.0,0.300979,0.1082
3,Ken & Gerard,TARUS3,1,2,1,1,1,3,3,3,1.0,1,3,2,3,,,,,,,,,,,,1.92308,132.0,0.91664,6.0,0.46154,69.0,2.0,0.15385,255.0,5.0,0.38462,106.0,9.0,2.69231,0.60299,,0.431618,82.0,0.2998,174.0,0.268582,138.0,0.268582,0.07066,,0.436349,77.0,0.388353,68.0,0.175298,224.0,0.175298,0.11345,,0.431336,93.0,0.299765,200.0,0.268899,158.0,0.268899,0.07043
1,Reichen & Chip,TARUS4,2,1,1,1,2,2,3,1,1.0,2,3,2,1,,,,,,,,,,,,1.69231,63.0,0.7216,6.0,0.46154,69.0,5.0,0.38462,98.0,2.0,0.15385,238.0,10.0,3.15385,0.63887,,0.462109,66.0,0.340601,108.0,0.19729,172.0,0.462109,0.10823,,0.41558,87.0,0.345921,119.0,0.238499,190.0,0.41558,0.07284,,0.461859,76.0,0.340985,125.0,0.197156,199.0,0.461859,0.1082
2,Kelly & Jon,TARUS4,1,2,3,3,1,3,2,3,3.0,1,2,3,2,,,,,,,,,,,,2.23077,215.0,0.79941,3.0,0.23077,196.0,4.0,0.30769,159.0,6.0,0.46154,67.0,11.0,3.84615,0.4781,,0.215904,178.0,0.308041,160.0,0.476055,55.0,0.308041,0.1077,,0.273263,180.0,0.37217,87.0,0.354567,118.0,0.37217,0.04308,,0.21597,209.0,0.308215,185.0,0.475815,62.0,0.308215,0.10756
3,David & Jeff,TARUS4,3,3,2,2,3,1,1,2,2.0,3,1,1,3,,,,,,,,,,,,2.07692,166.0,0.82849,4.0,0.30769,151.0,4.0,0.30769,159.0,5.0,0.38462,106.0,12.0,4.0,0.50199,,0.321987,124.0,0.351358,95.0,0.326655,112.0,0.326655,0.01289,,0.311157,149.0,0.281909,223.0,0.406934,99.0,0.406934,0.0534,,0.322171,144.0,0.3508,111.0,0.327029,130.0,0.327029,0.01251
1,Chip & Kim,TARUS5,3,3,3,1,3,2,1,3,2.0,3,1,2,1,,,,,,,,,,,,2.15385,191.0,0.86346,4.0,0.30769,151.0,3.0,0.23077,213.0,6.0,0.46154,67.0,13.0,3.38462,0.63632,,0.212328,179.0,0.315972,149.0,0.4717,58.0,0.212328,0.1066,,0.284337,173.0,0.267405,238.0,0.448258,75.0,0.284337,0.08156,,0.213306,210.0,0.316529,175.0,0.470165,66.0,0.213306,0.10553
2,Colin & Christie,TARUS5,2,2,1,2,1,1,2,1,1.0,1,3,3,2,,,,,,,,,,,,1.69231,63.0,0.7216,6.0,0.46154,69.0,5.0,0.38462,98.0,2.0,0.15385,238.0,14.0,2.46154,0.71807,,0.52116,42.0,0.309926,158.0,0.168914,188.0,0.309926,0.14475,,0.472701,56.0,0.314457,172.0,0.212842,202.0,0.314457,0.10692,,0.520255,50.0,0.309461,184.0,0.170284,219.0,0.309461,0.14387
3,Brandon & Nicole,TARUS5,1,1,2,3,2,3,3,2,3.0,2,2,1,3,,,,,,,,,,,,2.15385,191.0,0.76923,3.0,0.23077,196.0,5.0,0.38462,98.0,5.0,0.38462,106.0,15.0,3.30769,0.52527,,0.266512,150.0,0.374102,66.0,0.359386,101.0,0.359386,0.04763,,0.242962,204.0,0.418138,39.0,0.3389,128.0,0.3389,0.07162,,0.266439,173.0,0.37401,75.0,0.359551,118.0,0.359551,0.04767
1,Freddy & Kendra,TARUS6,2,3,3,2,1,1,3,2,2.0,2,1,2,1,,,,,,,,,,,,1.92308,132.0,0.72976,4.0,0.30769,151.0,6.0,0.46154,56.0,3.0,0.23077,187.0,16.0,3.46154,0.60968,,0.25121,159.0,0.497244,15.0,0.251546,145.0,0.25121,0.1159,,0.290278,172.0,0.399845,60.0,0.309877,151.0,0.290278,0.04771,,0.250976,183.0,0.497872,15.0,0.251152,168.0,0.250976,0.11635
2,Kris & Jon,TARUS6,1,1,1,1,2,2,1,3,1.0,1,2,1,2,,,,,,,,,,,,1.46154,16.0,0.63432,8.0,0.61538,20.0,4.0,0.30769,159.0,1.0,0.07692,274.0,17.0,2.38462,0.71896,,0.689769,11.0,0.251057,214.0,0.059174,237.0,0.251057,0.26393,,0.633888,13.0,0.302984,188.0,0.063128,281.0,0.302984,0.234,,0.690238,11.0,0.250647,250.0,0.059115,275.0,0.250647,0.26421
3,Adam & Rebecca,TARUS6,3,2,2,3,3,3,2,1,3.0,3,3,3,3,,,,,,,,,,,,2.61538,278.0,0.62493,1.0,0.07692,270.0,3.0,0.23077,213.0,9.0,0.69231,17.0,18.0,4.69231,0.32302,,0.059021,235.0,0.251699,213.0,0.68928,19.0,0.68928,0.2637,,0.075834,285.0,0.297171,195.0,0.626995,26.0,0.626995,0.22646,,0.058786,271.0,0.251481,249.0,0.689733,22.0,0.689733,0.26401
1,Uchenna & Joyce,TARUS7,2,3,1,2,3,3,3,3,1.0,1,3,3,1,,,,,,,,,,,,2.23077,215.0,0.89045,4.0,0.30769,151.0,2.0,0.15385,255.0,7.0,0.53846,48.0,19.0,3.15385,0.60174,,0.187628,191.0,0.284261,189.0,0.528111,47.0,0.187628,0.14327,,0.229412,212.0,0.332637,138.0,0.437951,81.0,0.229412,0.08514,,0.187105,222.0,0.285465,219.0,0.52743,54.0,0.187105,0.143
2,Rob & Amber,TARUS7,1,1,3,1,2,2,1,1,3.0,2,1,2,2,,,,,,,,,,,,1.69231,63.0,0.7216,6.0,0.46154,69.0,5.0,0.38462,98.0,2.0,0.15385,238.0,20.0,2.30769,0.71538,,0.518559,44.0,0.312758,156.0,0.168683,189.0,0.312758,0.14358,,0.440786,70.0,0.377869,81.0,0.181345,218.0,0.377869,0.1105,,0.518498,52.0,0.312188,182.0,0.169314,220.0,0.312188,0.14334
3,Ron & Kelly,TARUS7,3,2,2,3,1,1,2,2,2.0,3,2,1,3,,,,,,,,,,,,2.07692,166.0,0.72976,3.0,0.23077,196.0,6.0,0.46154,56.0,4.0,0.30769,140.0,21.0,3.0,0.61426,,0.293813,140.0,0.402981,42.0,0.303206,119.0,0.303206,0.0494,,0.329802,136.0,0.289494,216.0,0.380704,109.0,0.380704,0.03732,,0.294397,162.0,0.402347,46.0,0.303256,138.0,0.303256,0.04893
1,Linz Family,TARUS8,3,2,2,2,3,1,2,1,1.0,3,2,2,1,,,,,,,,,,,,1.92308,132.0,0.72976,4.0,0.30769,151.0,6.0,0.46154,56.0,3.0,0.23077,187.0,22.0,2.76923,0.65076,,0.310945,131.0,0.375671,65.0,0.313384,115.0,0.310945,0.02995,,0.369144,113.0,0.303567,187.0,0.327289,141.0,0.369144,0.02711,,0.309563,152.0,0.376501,74.0,0.313936,134.0,0.309563,0.03058
2,Bransen Family,TARUS8,2,3,1,1,2,2,3,3,2.0,1,1,1,2,,,,,,,,,,,,1.84615,109.0,0.76923,5.0,0.38462,114.0,5.0,0.38462,98.0,3.0,0.23077,187.0,23.0,2.84615,0.64038,,0.420815,86.0,0.328082,131.0,0.251103,147.0,0.328082,0.06938,,0.374381,109.0,0.291603,210.0,0.334016,135.0,0.291603,0.0338,,0.421529,97.0,0.327467,152.0,0.251004,169.0,0.327467,0.06974
3,Weaver Family,TARUS8,1,1,3,3,1,3,1,2,3.0,2,3,3,3,,,,,,,,,,,,2.23077,215.0,0.89045,4.0,0.30769,151.0,2.0,0.15385,255.0,7.0,0.53846,48.0,24.0,3.15385,0.44536,,0.26824,149.0,0.296247,175.0,0.435513,73.0,0.435513,0.07315,,0.256475,194.0,0.40483,51.0,0.338695,129.0,0.338695,0.06068,,0.268908,172.0,0.296032,203.0,0.43506,82.0,0.43506,0.07278
1,BJ & Tyler,TARUS9,2,1,3,2,1,2,3,3,2.0,3,1,1,1,,,,,,,,,,,,1.92308,132.0,0.82849,5.0,0.38462,114.0,4.0,0.30769,159.0,4.0,0.30769,140.0,25.0,2.46154,0.68718,,0.276195,144.0,0.421131,25.0,0.302674,120.0,0.276195,0.06302,,0.277378,176.0,0.505548,8.0,0.217074,199.0,0.277378,0.12424,,0.276204,167.0,0.421797,29.0,0.301999,140.0,0.276204,0.06343
2,Eric & Jeremy,TARUS9,1,2,1,1,2,1,1,2,1.0,2,2,2,2,,,,,,,,,,,,1.53846,29.0,0.49852,6.0,0.46154,69.0,7.0,0.53846,23.0,0.0,0.0,279.0,26.0,1.69231,0.79457,,0.627045,22.0,0.308087,159.0,0.064868,236.0,0.308087,0.2302,,0.644398,10.0,0.312093,176.0,0.043509,287.0,0.312093,0.24577,,0.627694,22.0,0.30736,188.0,0.064946,274.0,0.30736,0.23047
3,Ray & Yolanda,TARUS9,3,3,2,3,3,3,2,1,3.0,1,3,3,3,,,,,,,,,,,,2.53846,262.0,0.7458,2.0,0.15385,242.0,2.0,0.15385,255.0,9.0,0.69231,17.0,27.0,4.23077,0.38065,,0.09676,223.0,0.270782,200.0,0.632458,32.0,0.632458,0.22313,,0.078224,284.0,0.182359,279.0,0.739417,8.0,0.739417,0.29027,,0.096102,259.0,0.270843,234.0,0.633055,34.0,0.633055,0.22362
1,Tyler & James,TARUS10,1,1,1,2,3,3,1,1,1.0,1,1,3,1,,,,,,,,,,,,1.53846,29.0,0.84265,9.0,0.69231,10.0,1.0,0.07692,285.0,3.0,0.23077,187.0,28.0,2.38462,0.7496,,0.564747,32.0,0.301663,170.0,0.13359,206.0,0.564747,0.17744,,0.558427,28.0,0.318844,165.0,0.122729,259.0,0.558427,0.17817,,0.564947,36.0,0.302011,196.0,0.133042,237.0,0.564947,0.17771
2,Rob & Kimberly,TARUS10,2,2,2,1,1,1,2,2,3.0,2,3,1,2,,,,,,,,,,,,1.84615,109.0,0.66172,4.0,0.30769,151.0,7.0,0.53846,23.0,2.0,0.15385,238.0,29.0,3.07692,0.61134,,0.384468,100.0,0.455089,22.0,0.160443,193.0,0.455089,0.12561,,0.326474,140.0,0.48864,11.0,0.184886,214.0,0.48864,0.1241,,0.384142,118.0,0.454824,24.0,0.161034,225.0,0.454824,0.1252
3,Lyn & Karlyn,TARUS10,3,3,3,3,2,2,3,3,2.0,3,2,2,3,,,,,,,,,,,,2.61538,278.0,0.4865,0.0,0.0,274.0,5.0,0.38462,98.0,8.0,0.61538,30.0,30.0,4.84615,0.33548,,0.050785,238.0,0.243248,220.0,0.705967,17.0,0.705967,0.27496,,0.115099,270.0,0.192516,278.0,0.692385,11.0,0.692385,0.25585,,0.050911,274.0,0.243165,255.0,0.705924,20.0,0.705924,0.2749
1,Eric & Danielle,TARUS11,1,1,1,1,3,3,3,3,3.0,3,3,2,1,,,,,,,,,,,,2.15385,191.0,0.94837,5.0,0.38462,114.0,1.0,0.07692,285.0,7.0,0.53846,48.0,31.0,3.61538,0.49029,,0.207252,180.0,0.322561,139.0,0.470187,59.0,0.207252,0.10761,,0.230462,211.0,0.450086,22.0,0.319452,144.0,0.230462,0.0902,,0.207894,211.0,0.32216,165.0,0.469946,67.0,0.207894,0.10727
2,Dustin & Kandice,TARUS11,2,2,2,2,2,2,1,1,1.0,1,1,1,2,,,,,,,,,,,,1.53846,29.0,0.49852,6.0,0.46154,69.0,7.0,0.53846,23.0,0.0,0.0,279.0,32.0,2.92308,0.69985,,0.637816,19.0,0.290028,186.0,0.072156,233.0,0.290028,0.23295,,0.490435,45.0,0.312914,174.0,0.196651,211.0,0.312914,0.1208,,0.637629,19.0,0.290757,213.0,0.071614,270.0,0.290757,0.23303
3,Charla & Mirna,TARUS11,3,3,3,3,1,1,2,2,2.0,2,2,3,3,,,,,,,,,,,,2.30769,230.0,0.7216,2.0,0.15385,242.0,5.0,0.38462,98.0,6.0,0.46154,67.0,33.0,4.15385,0.43642,,0.154932,197.0,0.387411,54.0,0.457657,63.0,0.457657,0.12937,,0.279103,174.0,0.237,266.0,0.483897,56.0,0.483897,0.10784,,0.154477,232.0,0.387083,59.0,0.45844,71.0,0.45844,0.12978
1,TK & Rachel,TARUS12,1,1,1,3,1,2,3,1,3.0,2,1,,,,,,,,,,,,,,1.72727,77.0,0.86244,6.0,0.54545,39.0,2.0,0.18182,234.0,3.0,0.27273,160.0,34.0,3.18182,0.59809,,0.450717,73.0,0.310581,157.0,0.238702,155.0,0.450717,0.08804,,0.394861,101.0,0.364288,102.0,0.240851,189.0,0.394861,0.06658,,0.449921,84.0,0.311449,183.0,0.23863,178.0,0.449921,0.08764
2,Ron & Christina,TARUS12,3,3,2,1,2,1,2,3,1.0,1,2,,,,,,,,,,,,,,1.90909,121.0,0.79253,4.0,0.36364,127.0,4.0,0.36364,115.0,3.0,0.27273,160.0,35.0,3.45455,0.62655,,0.385726,97.0,0.343425,102.0,0.270849,137.0,0.343425,0.04744,,0.382254,107.0,0.295827,199.0,0.321919,143.0,0.295827,0.0362,,0.387337,113.0,0.342578,122.0,0.270085,157.0,0.342578,0.04831
3,Nicolas & Donald,TARUS12,2,2,3,2,3,3,1,2,2.0,3,3,,,,,,,,,,,,,,2.36364,241.0,0.64282,1.0,0.09091,253.0,5.0,0.45455,64.0,5.0,0.45455,73.0,36.0,4.18182,0.41382,,0.163557,194.0,0.345994,98.0,0.490449,51.0,0.490449,0.13375,,0.222885,220.0,0.339885,129.0,0.43723,83.0,0.43723,0.08763,,0.162742,228.0,0.345973,115.0,0.491285,58.0,0.491285,0.13442
1,Nick & Starr,TARUS13,1,2,2,2,1,1,1,1,2.0,1,1,,,,,,,,,,,,,,1.36364,6.0,0.48105,7.0,0.63636,18.0,4.0,0.36364,115.0,0.0,0.0,279.0,37.0,2.45455,0.78012,,0.669067,15.0,0.320952,141.0,0.009981,249.0,0.669067,0.26921,,0.495683,42.0,0.373461,83.0,0.130856,254.0,0.495683,0.15162,,0.669054,15.0,0.320853,167.0,0.010093,288.0,0.669054,0.26916
2,Ken & Tina,TARUS13,2,1,1,1,2,3,2,2,1.0,3,2,,,,,,,,,,,,,,1.81818,92.0,0.71582,4.0,0.36364,127.0,5.0,0.45455,64.0,2.0,0.18182,206.0,38.0,2.63636,0.61818,,0.326431,122.0,0.554971,8.0,0.118598,212.0,0.554971,0.17822,,0.458652,62.0,0.448882,24.0,0.092466,267.0,0.448882,0.17037,,0.32642,142.0,0.55533,8.0,0.11825,246.0,0.55533,0.1785
3,Andrew & Dan,TARUS13,3,3,3,3,3,2,3,3,3.0,2,3,,,,,,,,,,,,,,2.81818,290.0,0.38569,0.0,0.0,274.0,2.0,0.18182,234.0,9.0,0.81818,2.0,39.0,5.18182,0.24012,,0.004502,251.0,0.124077,249.0,0.871421,4.0,0.871421,0.3836,,0.045665,289.0,0.177657,280.0,0.776678,4.0,0.776678,0.31809,,0.004526,290.0,0.123817,288.0,0.871657,3.0,0.871657,0.38376
1,Tammy & Victor,TARUS14,2,1,3,1,2,1,1,3,1.0,3,1,1,,,,,,,,,,,,,1.66667,46.0,0.84984,7.0,0.58333,29.0,2.0,0.16667,239.0,3.0,0.25,169.0,40.0,2.33333,0.763,,0.466725,63.0,0.340968,105.0,0.192307,178.0,0.466725,0.11216,,0.477774,53.0,0.315071,171.0,0.207155,208.0,0.477774,0.11123,,0.467357,73.0,0.34061,128.0,0.192033,206.0,0.467357,0.11252
2,Jaime & Cara,TARUS14,3,3,2,3,3,3,2,2,3.0,1,3,2,,,,,,,,,,,,,2.5,256.0,0.6455,1.0,0.08333,260.0,4.0,0.33333,123.0,7.0,0.58333,35.0,41.0,3.91667,0.51303,,0.081613,228.0,0.244158,218.0,0.674229,21.0,0.244158,0.25002,,0.156045,251.0,0.245824,255.0,0.598131,32.0,0.245824,0.19079,,0.081264,265.0,0.243669,254.0,0.675067,24.0,0.243669,0.25057
3,Margie & Luke,TARUS14,1,2,1,2,1,2,3,1,2.0,2,2,3,,,,,,,,,,,,,1.83333,95.0,0.68718,4.0,0.33333,132.0,6.0,0.5,33.0,2.0,0.16667,213.0,42.0,2.75,0.63304,,0.451662,70.0,0.414874,31.0,0.133464,207.0,0.133464,0.14212,,0.366181,117.0,0.439105,29.0,0.194714,212.0,0.194714,0.10244,,0.451379,81.0,0.415721,34.0,0.1329,239.0,0.1329,0.14247
1,Meghan & Cheyne,TARUS15,1,2,1,3,1,1,2,1,1.0,1,1,1,,,,,,,,,,,,,1.33333,2.0,0.62361,9.0,0.75,2.0,2.0,0.16667,239.0,1.0,0.08333,259.0,43.0,2.0,0.86991,,0.732872,6.0,0.223315,229.0,0.043813,240.0,0.732872,0.29187,,0.573674,26.0,0.319087,163.0,0.107239,262.0,0.573674,0.19069,,0.733482,5.0,0.222518,267.0,0.044,279.0,0.733482,0.29218
2,Sam & Dan,TARUS15,3,1,3,1,3,2,1,3,2.0,2,2,2,,,,,,,,,,,,,2.08333,171.0,0.7592,3.0,0.25,176.0,5.0,0.41667,73.0,4.0,0.33333,118.0,44.0,3.16667,0.63807,,0.226263,173.0,0.471438,19.0,0.302299,121.0,0.471438,0.10247,,0.296046,164.0,0.38521,72.0,0.318744,145.0,0.38521,0.03783,,0.226173,199.0,0.471388,20.0,0.302439,139.0,0.471388,0.10246
3,Brian & Ericka,TARUS15,2,3,2,2,2,3,3,2,3.0,3,3,3,,,,,,,,,,,,,2.58333,270.0,0.49301,0.0,0.0,274.0,5.0,0.41667,73.0,7.0,0.58333,35.0,45.0,4.25,0.39188,,0.040865,239.0,0.305247,166.0,0.653888,23.0,0.653888,0.25105,,0.13028,264.0,0.295703,200.0,0.574017,35.0,0.574017,0.1831,,0.040345,275.0,0.306094,194.0,0.653561,26.0,0.653561,0.25108
1,Dan & Jordan,TARUS16,3,3,2,2,2,2,1,3,1.0,3,3,1,,,,,,,,,,,,,2.16667,197.0,0.79931,3.0,0.25,176.0,4.0,0.33333,123.0,5.0,0.41667,80.0,46.0,4.33333,0.47953,,0.177132,193.0,0.369554,72.0,0.453314,66.0,0.177132,0.11562,,0.180811,238.0,0.34132,126.0,0.477869,59.0,0.180811,0.1214,,0.177726,224.0,0.369204,86.0,0.45307,74.0,0.177726,0.11523
2,Jet & Cord,TARUS16,1,1,1,1,1,1,3,1,3.0,1,2,2,,,,,,,,,,,,,1.5,19.0,0.76376,8.0,0.66667,12.0,2.0,0.16667,239.0,2.0,0.16667,213.0,47.0,2.58333,0.6877,,0.674593,13.0,0.219755,233.0,0.105652,221.0,0.219755,0.24576,,0.617626,17.0,0.290751,213.0,0.091623,268.0,0.290751,0.21684,,0.674076,14.0,0.220939,270.0,0.104985,256.0,0.220939,0.24555
3,Brent & Caite,TARUS16,2,2,3,3,3,3,2,2,2.0,2,1,3,,,,,,,,,,,,,2.33333,234.0,0.62361,1.0,0.08333,260.0,6.0,0.5,33.0,5.0,0.41667,80.0,48.0,4.33333,0.44405,,0.148275,200.0,0.410691,35.0,0.441034,69.0,0.441034,0.13144,,0.201563,228.0,0.367929,98.0,0.430508,87.0,0.430508,0.09661,,0.148198,236.0,0.409857,38.0,0.441945,77.0,0.441945,0.13156
1,Nat & Kat,TARUS17,2,3,3,1,1,3,1,3,2.0,1,3,1,,,,,,,,,,,,,2.0,141.0,0.91287,5.0,0.41667,89.0,2.0,0.16667,239.0,5.0,0.41667,80.0,49.0,3.08333,0.65764,,0.29668,139.0,0.315709,150.0,0.387611,91.0,0.29668,0.03916,,0.344918,126.0,0.275601,228.0,0.379481,110.0,0.344918,0.04319,,0.296682,160.0,0.315856,177.0,0.387462,107.0,0.296682,0.03907
2,Brook & Claire,TARUS17,3,1,1,2,3,2,2,2,3.0,3,2,2,,,,,,,,,,,,,2.16667,197.0,0.68718,2.0,0.16667,226.0,6.0,0.5,33.0,4.0,0.33333,118.0,50.0,3.16667,0.58919,,0.218798,176.0,0.361583,82.0,0.419619,81.0,0.361583,0.08438,,0.274997,179.0,0.406425,48.0,0.318578,146.0,0.406425,0.05466,,0.218509,208.0,0.361138,94.0,0.420353,91.0,0.361138,0.08472
3,Jill & Thomas,TARUS17,1,2,2,3,2,1,3,1,1.0,2,1,3,,,,,,,,,,,,,1.83333,95.0,0.79931,5.0,0.41667,89.0,4.0,0.33333,123.0,3.0,0.25,169.0,51.0,3.0,0.65165,,0.484522,55.0,0.322708,138.0,0.19277,175.0,0.19277,0.11934,,0.380085,108.0,0.317974,166.0,0.301941,157.0,0.301941,0.0337,,0.484809,62.0,0.323006,162.0,0.192185,205.0,0.192185,0.11969
1,Kisha & Jen,TARUS18,2,2,2,2,2,2,2,2,1.0,2,2,1,,,,,,,,,,,,,1.83333,95.0,0.37268,2.0,0.16667,226.0,10.0,0.83333,1.0,0.0,0.0,279.0,52.0,3.33333,0.65506,,0.309221,132.0,0.485377,18.0,0.205402,170.0,0.309221,0.11556,,0.294126,167.0,0.42943,32.0,0.276444,168.0,0.294126,0.06833,,0.309058,153.0,0.48591,18.0,0.205032,196.0,0.309058,0.11595
2,Flight Time & Big Easy,TARUS18,3,1,3,3,3,3,1,1,3.0,1,3,2,,,,,,,,,,,,,2.25,219.0,0.92421,4.0,0.33333,132.0,1.0,0.08333,276.0,7.0,0.58333,35.0,53.0,3.75,0.56515,,0.241954,163.0,0.242906,221.0,0.51514,50.0,0.242906,0.12856,,0.279037,175.0,0.302296,189.0,0.418667,92.0,0.302296,0.06108,,0.241521,190.0,0.242369,257.0,0.51611,56.0,0.242369,0.12924
3,Gary & Mallory,TARUS18,1,3,1,1,1,1,3,3,2.0,3,1,3,,,,,,,,,,,,,1.91667,122.0,0.95379,6.0,0.5,47.0,1.0,0.08333,276.0,5.0,0.41667,80.0,54.0,3.25,0.59282,,0.448825,75.0,0.271717,198.0,0.279458,132.0,0.279458,0.08173,,0.426837,82.0,0.268274,236.0,0.304889,155.0,0.304889,0.06779,,0.449421,85.0,0.271721,232.0,0.278858,152.0,0.278858,0.08214
1,Ernie & Cindy,TARUS19,1,1,2,2,2,2,1,1,2.0,2,2,1,,,,,,,,,,,,,1.58333,33.0,0.49301,5.0,0.41667,89.0,7.0,0.58333,16.0,0.0,0.0,279.0,55.0,2.83333,0.70218,,0.519065,43.0,0.381168,60.0,0.099767,226.0,0.519065,0.17449,,0.48748,46.0,0.3584,109.0,0.15412,238.0,0.48748,0.13724,,0.518983,51.0,0.381491,67.0,0.099526,261.0,0.518983,0.1746
2,Jeremy & Sandy,TARUS19,2,2,1,1,3,1,3,3,3.0,1,1,2,,,,,,,,,,,,,1.91667,122.0,0.86201,5.0,0.41667,89.0,3.0,0.25,188.0,4.0,0.33333,118.0,56.0,3.58333,0.56587,,0.359075,109.0,0.352211,91.0,0.288714,129.0,0.352211,0.03167,,0.304281,153.0,0.380386,75.0,0.315333,148.0,0.380386,0.03358,,0.359392,126.0,0.352517,106.0,0.288091,148.0,0.352517,0.03211
3,Amani & Marcus,TARUS19,3,3,3,3,1,3,2,2,1.0,3,3,3,,,,,,,,,,,,,2.5,256.0,0.76376,2.0,0.16667,226.0,2.0,0.16667,239.0,8.0,0.66667,22.0,57.0,4.41667,0.412,,0.12186,214.0,0.266621,204.0,0.611519,35.0,0.611519,0.20539,,0.208239,226.0,0.261214,242.0,0.530547,44.0,0.530547,0.14112,,0.121625,249.0,0.265992,237.0,0.612383,38.0,0.612383,0.20593
1,Rachel & Dave,TARUS20,1,1,3,2,2,1,1,1,1.0,1,1,1,,,,,,,,,,,,,1.33333,2.0,0.62361,9.0,0.75,2.0,2.0,0.16667,239.0,1.0,0.08333,259.0,58.0,1.83333,0.88363,,0.746113,5.0,0.224128,228.0,0.029759,245.0,0.746113,0.30247,,0.533089,35.0,0.289505,215.0,0.177406,221.0,0.533089,0.14848,,0.723429,6.0,0.238275,259.0,0.038296,283.0,0.723429,0.28767
2,Art & JJ,TARUS20,3,2,1,1,1,2,2,2,3.0,3,2,2,,,,,,,,,,,,,2.0,141.0,0.70711,3.0,0.25,176.0,6.0,0.5,33.0,3.0,0.25,169.0,59.0,2.25,0.71991,,0.233206,168.0,0.556346,7.0,0.210448,167.0,0.556346,0.15797,,0.359805,122.0,0.468606,15.0,0.171589,226.0,0.468606,0.12269,,0.249725,184.0,0.523907,12.0,0.226368,185.0,0.523907,0.13509
3,Brendon & Rachel,TARUS20,2,3,2,3,3,3,3,3,2.0,2,3,3,,,,,,,,,,,,,2.66667,280.0,0.4714,0.0,0.0,274.0,4.0,0.33333,123.0,8.0,0.66667,22.0,60.0,3.41667,0.52411,,0.020681,246.0,0.219526,234.0,0.759793,9.0,0.759793,0.31229,,0.107106,273.0,0.241889,263.0,0.651005,19.0,0.651005,0.23127,,0.026846,282.0,0.237818,260.0,0.735336,18.0,0.735336,0.29702
1,Josh & Brent,TARUS21,1,3,3,1,3,3,3,3,3.0,3,3,1,,,,,,,,,,,,,2.5,256.0,0.86603,3.0,0.25,176.0,0.0,0.0,287.0,9.0,0.75,6.0,61.0,4.58333,0.37586,,0.078045,230.0,0.181927,241.0,0.740028,14.0,0.078045,0.29069,,0.11943,268.0,0.378204,78.0,0.502366,50.0,0.11943,0.15952,,0.078082,267.0,0.181515,278.0,0.740403,16.0,0.078082,0.29092
2,Jaymes & James,TARUS21,3,2,2,2,2,2,2,1,1.0,2,1,2,,,,,,,,,,,,,1.83333,95.0,0.55277,3.0,0.25,176.0,8.0,0.66667,5.0,1.0,0.08333,259.0,62.0,3.58333,0.59418,,0.342053,116.0,0.495902,16.0,0.162045,192.0,0.495902,0.13644,,0.386426,104.0,0.324564,151.0,0.28901,162.0,0.324564,0.04025,,0.342252,133.0,0.496081,16.0,0.161667,224.0,0.496081,0.13667
3,Trey & Lexi,TARUS21,2,1,1,3,1,1,1,2,2.0,1,2,3,,,,,,,,,,,,,1.66667,46.0,0.74536,6.0,0.5,47.0,4.0,0.33333,123.0,2.0,0.16667,213.0,63.0,3.16667,0.61723,,0.579902,27.0,0.322171,140.0,0.097927,228.0,0.097927,0.19692,,0.494144,43.0,0.297232,194.0,0.208624,207.0,0.208624,0.11933,,0.579666,32.0,0.322404,164.0,0.09793,262.0,0.09793,0.19682
1,Bates & Anthony,TARUS22,1,1,1,3,3,1,1,1,2.0,2,2,1,,,,,,,,,,,,,1.58333,33.0,0.7592,7.0,0.58333,29.0,3.0,0.25,188.0,2.0,0.16667,213.0,64.0,2.41667,0.76151,,0.556367,35.0,0.290473,185.0,0.15316,197.0,0.556367,0.16738,,0.594266,21.0,0.301821,190.0,0.103913,263.0,0.594266,0.20142,,0.55597,40.0,0.29102,211.0,0.15301,229.0,0.55597,0.16721
2,Max & Katie,TARUS22,3,3,3,1,1,3,3,3,1.0,1,1,2,,,,,,,,,,,,,2.08333,171.0,0.95379,5.0,0.41667,89.0,1.0,0.08333,276.0,6.0,0.5,55.0,65.0,4.25,0.53509,,0.315544,127.0,0.294536,179.0,0.38992,90.0,0.294536,0.04092,,0.258455,192.0,0.277053,227.0,0.464492,65.0,0.277053,0.09305,,0.315683,147.0,0.294691,207.0,0.389626,106.0,0.294691,0.04072
3,Mona & Beth,TARUS22,2,2,2,2,2,2,2,2,3.0,3,3,3,,,,,,,,,,,,,2.33333,234.0,0.4714,0.0,0.0,274.0,8.0,0.66667,5.0,4.0,0.33333,118.0,66.0,4.33333,0.39726,,0.128089,212.0,0.414991,30.0,0.45692,64.0,0.45692,0.14614,,0.147279,257.0,0.421126,36.0,0.431595,85.0,0.431595,0.13163,,0.128347,246.0,0.414289,35.0,0.457364,72.0,0.457364,0.14601
1,Jason & Amy,TARUS23,3,2,2,1,2,3,1,2,2.0,1,2,1,,,,,,,,,,,,,1.83333,95.0,0.68718,4.0,0.33333,132.0,6.0,0.5,33.0,2.0,0.16667,213.0,67.0,2.91667,0.71207,,0.359502,108.0,0.378299,63.0,0.262199,139.0,0.359502,0.05088,,0.312623,148.0,0.335644,134.0,0.351733,119.0,0.312623,0.01605,,0.360302,125.0,0.377415,72.0,0.262283,161.0,0.360302,0.05072
2,Tim & Marie,TARUS23,1,3,3,3,1,2,3,3,1.0,2,1,2,,,,,,,,,,,,,2.08333,171.0,0.86201,4.0,0.33333,132.0,3.0,0.25,188.0,5.0,0.41667,80.0,68.0,3.41667,0.59937,,0.302676,135.0,0.300821,171.0,0.396503,86.0,0.300821,0.04467,,0.275302,178.0,0.247975,253.0,0.476723,61.0,0.247975,0.102,,0.302493,156.0,0.301371,198.0,0.396136,102.0,0.301371,0.04441
3,Nicole & Travis,TARUS23,2,1,1,2,3,1,2,1,3.0,3,3,3,,,,,,,,,,,,,2.08333,171.0,0.86201,4.0,0.33333,132.0,3.0,0.25,188.0,5.0,0.41667,80.0,69.0,2.58333,0.62599,,0.337822,120.0,0.32088,142.0,0.341298,108.0,0.341298,0.00892,,0.412075,91.0,0.416381,42.0,0.171544,227.0,0.171544,0.11442,,0.337205,139.0,0.321214,166.0,0.341581,124.0,0.341581,0.00875
1,Dave & Connor,TARUS24,2,3,1,1,1,1,3,2,1.0,1,1,1,,,,,,,,,,,,,1.5,19.0,0.76376,8.0,0.66667,12.0,2.0,0.16667,239.0,2.0,0.16667,213.0,70.0,2.16667,0.82421,,0.604549,24.0,0.280304,194.0,0.115147,216.0,0.604549,0.20329,,0.587484,22.0,0.332232,140.0,0.080284,273.0,0.587484,0.20706,,0.60464,24.0,0.279835,225.0,0.115525,250.0,0.60464,0.20323
2,Caroline & Jennifer,TARUS24,3,2,2,2,2,3,2,3,3.0,3,2,2,,,,,,,,,,,,,2.41667,249.0,0.49301,0.0,0.0,274.0,7.0,0.58333,16.0,5.0,0.41667,80.0,71.0,4.25,0.43595,,0.077889,231.0,0.329266,128.0,0.592845,40.0,0.329266,0.21025,,0.143061,260.0,0.331696,141.0,0.525243,46.0,0.331696,0.15603,,0.078105,266.0,0.329479,149.0,0.592416,45.0,0.329479,0.20998
3,Brendon & Rachel,TARUS24,1,1,3,3,3,2,1,1,2.0,2,3,3,,,,,,,,,,,,,2.08333,171.0,0.86201,4.0,0.33333,132.0,3.0,0.25,188.0,5.0,0.41667,80.0,72.0,3.75,0.48621,,0.317562,125.0,0.39043,51.0,0.292008,127.0,0.292008,0.0417,,0.269455,185.0,0.336072,133.0,0.394473,105.0,0.394473,0.05108,,0.317255,145.0,0.390686,54.0,0.292059,146.0,0.292059,0.04184
1,Amy & Maya,TARUS25,3,3,3,1,3,3,2,3,3.0,2,3,1,,,,,,,,,,,,,2.5,256.0,0.76376,2.0,0.16667,226.0,2.0,0.16667,239.0,8.0,0.66667,22.0,73.0,4.5,0.41832,,0.057288,236.0,0.200535,238.0,0.742177,13.0,0.057288,0.29495,,0.086868,280.0,0.260498,244.0,0.652634,18.0,0.086868,0.23665,,0.056807,272.0,0.200633,275.0,0.74256,15.0,0.056807,0.29526
2,Misti & Jim,TARUS25,1,2,1,3,2,1,1,2,2.0,1,2,2,,,,,,,,,,,,,1.66667,46.0,0.62361,5.0,0.41667,89.0,6.0,0.5,33.0,1.0,0.08333,259.0,74.0,2.58333,0.70622,,0.503413,49.0,0.393184,45.0,0.103403,224.0,0.393184,0.1687,,0.484815,48.0,0.338369,132.0,0.176816,222.0,0.338369,0.12579,,0.503673,57.0,0.393193,49.0,0.103134,259.0,0.393193,0.16891
3,Adam & Bethany,TARUS25,2,1,2,2,1,2,3,1,1.0,3,1,3,,,,,,,,,,,,,1.83333,95.0,0.79931,5.0,0.41667,89.0,4.0,0.33333,123.0,3.0,0.25,169.0,75.0,2.83333,0.65347,,0.439299,79.0,0.406281,38.0,0.15442,195.0,0.15442,0.12723,,0.428317,81.0,0.401133,58.0,0.17055,228.0,0.17055,0.11564,,0.43952,90.0,0.406174,43.0,0.154306,227.0,0.154306,0.12732
1,Laura & Tyler,TARUS26,2,2,3,2,3,3,1,1,1.0,3,3,1,,,,,,,,,,,,,2.08333,171.0,0.86201,4.0,0.33333,132.0,3.0,0.25,188.0,5.0,0.41667,80.0,76.0,3.08333,0.64788,,0.243904,162.0,0.323227,136.0,0.432869,75.0,0.243904,0.07747,,0.314942,147.0,0.380804,74.0,0.304254,156.0,0.314942,0.03385,,0.243576,188.0,0.323958,158.0,0.432466,85.0,0.243576,0.0774
2,Jelani & Jenny,TARUS26,1,1,2,3,1,2,3,3,3.0,2,2,2,,,,,,,,,,,,,2.08333,171.0,0.7592,3.0,0.25,176.0,5.0,0.41667,73.0,4.0,0.33333,118.0,77.0,3.16667,0.60734,,0.273821,145.0,0.353528,89.0,0.372651,97.0,0.353528,0.0428,,0.319076,146.0,0.373167,86.0,0.307757,154.0,0.373167,0.02854,,0.27408,169.0,0.352572,105.0,0.373348,113.0,0.352572,0.04275
3,Hayley & Blair,TARUS26,3,3,1,1,2,1,2,2,2.0,1,1,3,,,,,,,,,,,,,1.83333,95.0,0.79931,5.0,0.41667,89.0,4.0,0.33333,123.0,3.0,0.25,169.0,78.0,3.33333,0.65608,,0.482275,56.0,0.323245,135.0,0.19448,174.0,0.19448,0.11771,,0.365982,118.0,0.246029,254.0,0.387989,107.0,0.387989,0.06238,,0.482344,64.0,0.32347,160.0,0.194186,201.0,0.194186,0.11785
1,Kelsey & Joey,TARUS27,2,3,2,2,2,2,2,2,2.0,2,2,1,,,,,,,,,,,,,2.0,141.0,0.40825,1.0,0.08333,260.0,10.0,0.83333,1.0,1.0,0.08333,259.0,79.0,3.33333,0.67024,,0.144578,204.0,0.607057,3.0,0.248365,148.0,0.144578,0.19814,,0.272446,181.0,0.413571,45.0,0.313983,149.0,0.272446,0.05922,,0.143904,239.0,0.607238,3.0,0.248858,170.0,0.143904,0.19836
2,Justin & Diana,TARUS27,3,1,1,1,1,1,1,1,1.0,1,3,2,,,,,,,,,,,,,1.41667,10.0,0.7592,9.0,0.75,2.0,1.0,0.08333,276.0,2.0,0.16667,213.0,80.0,2.08333,0.81379,,0.750879,4.0,0.167808,243.0,0.081313,231.0,0.167808,0.29735,,0.626735,16.0,0.241335,264.0,0.13193,250.0,0.241335,0.21222,,0.751492,4.0,0.167146,280.0,0.081362,267.0,0.167146,0.29775
3,Logan & Chris,TARUS27,1,2,3,3,3,3,3,3,3.0,3,1,3,,,,,,,,,,,,,2.58333,270.0,0.7592,2.0,0.16667,226.0,1.0,0.08333,276.0,9.0,0.75,6.0,81.0,4.33333,0.42401,,0.104543,222.0,0.225135,227.0,0.670322,22.0,0.670322,0.24332,,0.100819,274.0,0.345094,122.0,0.554087,38.0,0.554087,0.18523,,0.104604,258.0,0.225616,266.0,0.66978,25.0,0.66978,0.24298
1,Dana & Matt,TARUS28,1,2,2,2,2,1,1,2,3.0,2,2,1,,,,,,,,,,,,,1.75,82.0,0.59512,4.0,0.33333,132.0,7.0,0.58333,16.0,1.0,0.08333,259.0,82.0,3.16667,0.63313,,0.297342,138.0,0.630824,2.0,0.071834,234.0,0.297342,0.22962,,0.296797,163.0,0.605124,1.0,0.098079,266.0,0.296797,0.20861,,0.295877,161.0,0.63289,2.0,0.071233,271.0,0.295877,0.23082
2,Sheri & Cole,TARUS28,3,3,3,3,3,3,2,3,2.0,3,3,2,,,,,,,,,,,,,2.75,286.0,0.43301,0.0,0.0,274.0,3.0,0.25,188.0,9.0,0.75,6.0,83.0,5.58333,0.2795,,0.005439,250.0,0.089466,250.0,0.905095,3.0,0.089466,0.40575,,0.041944,290.0,0.124158,289.0,0.833898,2.0,0.124158,0.35554,,0.005455,289.0,0.089034,290.0,0.905511,2.0,0.089034,0.40603
3,Tyler & Korey,TARUS28,2,1,1,1,1,2,3,1,1.0,1,1,3,,,,,,,,,,,,,1.5,19.0,0.76376,8.0,0.66667,12.0,2.0,0.16667,239.0,2.0,0.16667,213.0,84.0,2.41667,0.71644,,0.697219,10.0,0.27971,195.0,0.023071,247.0,0.023071,0.27782,,0.661259,6.0,0.270718,234.0,0.068023,279.0,0.068023,0.2462,,0.698668,9.0,0.278076,227.0,0.023256,286.0,0.023256,0.27849
1,Brooke & Scott,TARUS29,1,1,3,3,3,2,2,2,2.0,1,1,1,,,,,,,,,,,,,1.83333,95.0,0.79931,5.0,0.41667,89.0,4.0,0.33333,123.0,3.0,0.25,169.0,85.0,4.08333,0.51353,,0.356223,110.0,0.392591,47.0,0.251186,146.0,0.356223,0.05995,,0.263544,188.0,0.401526,57.0,0.33493,133.0,0.263544,0.05634,,0.356322,127.0,0.392023,52.0,0.251655,167.0,0.356322,0.05957
2,Tara & Joey,TARUS29,2,2,1,1,1,1,1,1,3.0,2,3,2,,,,,,,,,,,,,1.66667,46.0,0.74536,6.0,0.5,47.0,4.0,0.33333,123.0,2.0,0.16667,213.0,86.0,3.08333,0.60903,,0.536257,41.0,0.315706,151.0,0.148037,199.0,0.315706,0.15898,,0.577925,24.0,0.272499,232.0,0.149576,240.0,0.272499,0.18009,,0.536052,47.0,0.316232,176.0,0.147716,231.0,0.316232,0.159
3,London & Logan,TARUS29,3,3,2,2,2,3,3,3,1.0,3,2,3,,,,,,,,,,,,,2.5,256.0,0.6455,1.0,0.08333,260.0,4.0,0.33333,123.0,7.0,0.58333,35.0,87.0,4.83333,0.33062,,0.10752,219.0,0.291703,181.0,0.600777,39.0,0.600777,0.20351,,0.158531,247.0,0.325975,148.0,0.515494,47.0,0.515494,0.14582,,0.107626,254.0,0.291745,210.0,0.600629,43.0,0.600629,0.2034
1,Cody & Jessica,TARUS30,2,1,3,1,3,3,2*,3,3.0,1,2,1,,,,,,,,,,,,,2.09091,183.0,0.89995,4.0,0.36364,127.0,2.0,0.18182,234.0,5.0,0.45455,73.0,88.0,3.41667,0.59188,,0.232453,169.0,0.32655,132.0,0.440997,70.0,0.232453,0.08527,,0.22581,217.0,0.34869,117.0,0.4255,90.0,0.22581,0.08224,,0.232906,195.0,0.326055,154.0,0.441039,78.0,0.232906,0.08513
2,Henry & Evan,TARUS30,3,3,1,3,2,2,1*,2,2.0,3,1,2,,,,,,,,,,,,,2.18182,204.0,0.71582,2.0,0.18182,221.0,5.0,0.45455,64.0,4.0,0.36364,116.0,89.0,3.5,0.54867,,0.204041,181.0,0.36744,76.0,0.428519,76.0,0.36744,0.09476,,0.216572,224.0,0.294724,202.0,0.488704,54.0,0.294724,0.1144,,0.203985,212.0,0.367637,90.0,0.428378,87.0,0.367637,0.09477
3,Kristi & Jen,TARUS30,1,2,2,2,1,1,2*,1,1.0,2,3,3,,,,,,,,,,,,,1.72727,77.0,0.74966,5.0,0.45455,84.0,4.0,0.36364,115.0,2.0,0.18182,206.0,90.0,2.58333,0.66833,,0.563506,33.0,0.30601,165.0,0.130484,210.0,0.130484,0.17783,,0.557618,29.0,0.356586,111.0,0.085796,272.0,0.085796,0.19332,,0.563109,37.0,0.306308,193.0,0.130583,241.0,0.130583,0.17761
1,Colin & Christie,TARUS31,2,2,1,1,1,2,2,2,2.0,1,3,1,,,,,,,,,,,,,1.66667,46.0,0.62361,5.0,0.41667,89.0,6.0,0.5,33.0,1.0,0.08333,259.0,91.0,2.41667,0.76012,,0.494915,50.0,0.364465,79.0,0.14062,201.0,0.494915,0.14631,,0.438362,73.0,0.430313,31.0,0.131325,251.0,0.438362,0.14288,,0.451676,80.0,0.384576,64.0,0.163748,222.0,0.451676,0.123
2,Tyler & Korey,TARUS31,3,3,2,2,2,1,1,1,1.0,2,2,2,,,,,,,,,,,,,1.83333,95.0,0.68718,4.0,0.33333,132.0,6.0,0.5,33.0,2.0,0.16667,213.0,92.0,2.75,0.72887,,0.370511,105.0,0.413109,33.0,0.21638,164.0,0.413109,0.08451,,0.388366,103.0,0.365547,99.0,0.246087,184.0,0.365547,0.06239,,0.393043,110.0,0.386126,62.0,0.220831,189.0,0.386126,0.0796
3,Leo & Jamal,TARUS31,1,1,3,3,3,3,3,3,3.0,3,1,3,,,,,,,,,,,,,2.5,256.0,0.86603,3.0,0.25,176.0,0.0,0.0,287.0,9.0,0.75,6.0,93.0,4.25,0.44127,,0.134574,208.0,0.222426,230.0,0.643,26.0,0.643,0.22189,,0.173272,242.0,0.20414,275.0,0.622588,28.0,0.622588,0.20492,,0.155281,231.0,0.229298,265.0,0.615421,37.0,0.615421,0.20174
1,Will & James,TARUS32,3,3,1,1,3,3,1,2,2.0,2,2,1,,,,,,,,,,,,,2.0,141.0,0.8165,4.0,0.33333,132.0,4.0,0.33333,123.0,4.0,0.33333,118.0,94.0,2.58333,0.75271,,0.252199,158.0,0.392692,46.0,0.355109,104.0,0.252199,0.05939,,0.291615,171.0,0.32174,158.0,0.386645,108.0,0.291615,0.03965,,0.251812,182.0,0.392104,50.0,0.356084,120.0,0.251812,0.05949
2,Hung & Chee,TARUS32,1,1,2,3,2,2,3,3,3.0,3,3,2,,,,,,,,,,,,,2.33333,234.0,0.74536,2.0,0.16667,226.0,4.0,0.33333,123.0,6.0,0.5,55.0,95.0,2.83333,0.62371,,0.147524,202.0,0.315644,152.0,0.536832,44.0,0.315644,0.15943,,0.22783,214.0,0.335113,136.0,0.437057,84.0,0.335113,0.08543,,0.148606,235.0,0.315086,178.0,0.536308,51.0,0.315086,0.1588
3,Riley & Maddison,TARUS32,2,2,3,2,1,1,2,1,1.0,1,1,3,,,,,,,,,,,,,1.66667,46.0,0.74536,6.0,0.5,47.0,4.0,0.33333,123.0,2.0,0.16667,213.0,96.0,2.16667,0.78674,,0.600277,25.0,0.291664,182.0,0.108059,219.0,0.108059,0.2031,,0.480555,50.0,0.343147,125.0,0.176298,223.0,0.176298,0.12441,,0.599582,27.0,0.29281,208.0,0.107608,254.0,0.107608,0.20288
1,Kim & Penn,TARUS33,3,3,1,2,2,1,1,1,2.0,2,1,,,,,,,,,,,,,,1.72727,77.0,0.74966,5.0,0.45455,84.0,4.0,0.36364,115.0,2.0,0.18182,206.0,97.0,2.09091,0.8202,,0.438298,80.0,0.336247,116.0,0.225455,163.0,0.438298,0.08692,,0.411329,92.0,0.32287,153.0,0.265801,174.0,0.411329,0.05987,,0.437707,92.0,0.336809,137.0,0.225484,188.0,0.437707,0.08667
2,Raquel & Cayla,TARUS33,2,2,3,3,3,2,2,2,1.0,1,2,,,,,,,,,,,,,,2.09091,183.0,0.66804,2.0,0.18182,221.0,6.0,0.54545,22.0,3.0,0.27273,160.0,98.0,2.72727,0.70707,,0.256067,156.0,0.37287,67.0,0.371063,98.0,0.37287,0.05464,,0.245062,202.0,0.277547,226.0,0.477391,60.0,0.277547,0.10272,,0.256367,180.0,0.372812,76.0,0.370821,115.0,0.372812,0.05443
3,Ryan & Dusty,TARUS33,1,1,2,1,1,3,3,3,3.0,3,3,,,,,,,,,,,,,,2.18182,204.0,0.93597,4.0,0.36364,127.0,1.0,0.09091,269.0,6.0,0.54545,45.0,99.0,2.36364,0.61111,,0.305635,134.0,0.290883,184.0,0.403482,84.0,0.403482,0.04997,,0.343609,128.0,0.399583,61.0,0.256808,177.0,0.256808,0.05874,,0.305926,155.0,0.290379,214.0,0.403695,100.0,0.403695,0.05016
1,Derek & Claire,TARUS34,1,1,3,3,2,2,2,1,1.0,2,1,1,,,,,,,,,,,,,1.66667,46.0,0.74536,6.0,0.5,47.0,4.0,0.33333,123.0,2.0,0.16667,213.0,100.0,2.83333,0.75757,,,,,,,,,,,0.413627,89.0,0.340417,128.0,0.245956,185.0,0.413627,0.06863,,0.474421,67.0,0.33228,143.0,0.193299,203.0,0.474421,0.11477
2,Emily & Molly,TARUS34,2,3,1,1,3,3,1,3,3.0,3,3,2,,,,,,,,,,,,,2.33333,234.0,0.84984,3.0,0.25,176.0,2.0,0.16667,239.0,7.0,0.58333,35.0,101.0,3.66667,0.5398,,,,,,,,,,,0.225051,218.0,0.368374,96.0,0.406575,100.0,0.368374,0.07814,,0.184725,223.0,0.260962,242.0,0.554313,48.0,0.260962,0.15933
3,Luis & Michelle,TARUS34,3,2,2,2,1,1,3,2,2.0,1,2,3,,,,,,,,,,,,,2.0,141.0,0.70711,3.0,0.25,176.0,6.0,0.5,33.0,3.0,0.25,169.0,102.0,3.33333,0.63182,,,,,,,,,,,0.361322,121.0,0.291209,211.0,0.347469,125.0,0.347469,0.03032,,0.340854,135.0,0.406758,41.0,0.252388,165.0,0.252388,0.06325
1,Greg & John,TARUS35,2,2,3,2,1,1,1,1,1.0,2,2,1,,,,,,,,,,,,,1.58333,33.0,0.6401,6.0,0.5,47.0,5.0,0.41667,73.0,1.0,0.08333,259.0,103.0,2.75,0.79642,,,,,,,,,,,0.450045,65.0,0.30702,183.0,0.242935,187.0,0.450045,0.08658,,0.525412,48.0,0.345375,117.0,0.129213,242.0,0.525412,0.16197
2,Joel & Garrett,TARUS35,3,3,1,3,2,3,3,3,2.0,1,3,2,,,,,,,,,,,,,2.41667,249.0,0.7592,2.0,0.16667,226.0,3.0,0.25,188.0,7.0,0.58333,35.0,104.0,4.33333,0.55639,,,,,,,,,,,0.209459,225.0,0.243169,261.0,0.547372,41.0,0.243169,0.15197,,0.127938,247.0,0.264538,239.0,0.607524,40.0,0.264538,0.20174
3,Rob & Corey,TARUS35,1,1,2,1,3,2,2,2,3.0,3,1,3,,,,,,,,,,,,,2.0,141.0,0.8165,4.0,0.33333,132.0,4.0,0.33333,123.0,4.0,0.33333,118.0,105.0,3.16667,0.64027,,,,,,,,,,,0.340496,129.0,0.449811,23.0,0.209693,206.0,0.209693,0.09816,,0.34665,132.0,0.390087,57.0,0.263263,160.0,0.263263,0.05262
1,Ricky & Cesar,TARUS36,2,2,1,1,1,2,2,1,1.0,1,3,1,,,,,,,,,,,,,1.5,19.0,0.6455,7.0,0.58333,29.0,4.0,0.33333,123.0,1.0,0.08333,259.0,106.0,1.5,0.90611,,,,,,,,,,,0.68349,4.0,0.273692,231.0,0.042818,288.0,0.68349,0.26493,,0.603716,25.0,0.287085,218.0,0.109199,253.0,0.603716,0.20452
2,Juan & Shane,TARUS36,3,3,2,3,2,1,1,3,2.0,3,2,2,,,,,,,,,,,,,2.25,219.0,0.72169,2.0,0.16667,226.0,5.0,0.41667,73.0,5.0,0.41667,80.0,107.0,3.0,0.68676,,,,,,,,,,,0.159719,245.0,0.378056,80.0,0.462225,67.0,0.378056,0.12748,,0.171787,227.0,0.356481,99.0,0.471732,65.0,0.356481,0.12354
3,Rod & Leticia,TARUS36,1,1,3,2,3,3,3,2,3.0,2,1,3,,,,,,,,,,,,,2.25,219.0,0.82916,3.0,0.25,176.0,3.0,0.25,188.0,6.0,0.5,55.0,108.0,3.16667,0.62718,,,,,,,,,,,0.156791,249.0,0.348252,118.0,0.494957,53.0,0.494957,0.13846,,0.224497,201.0,0.356434,100.0,0.419069,93.0,0.419069,0.0811
1,Carson & Jack,TARUS37,1,2,1,2,1,1,3,2,2.0,1,1,1,,,,,,,,,,,,,1.5,19.0,0.6455,7.0,0.58333,29.0,4.0,0.33333,123.0,1.0,0.08333,259.0,109.0,2.41667,0.76732,,,,,,,,,,,0.552543,30.0,0.360389,107.0,0.087068,271.0,0.552543,0.19099,,0.581405,30.0,0.350099,113.0,0.068496,273.0,0.581405,0.20973
2,Han & Holden,TARUS37,3,3,3,3,2,2,2,3,3.0,3,2,2,,,,,,,,,,,,,2.58333,270.0,0.49301,0.0,0.0,274.0,5.0,0.41667,73.0,7.0,0.58333,35.0,110.0,5.58333,0.36358,,,,,,,,,,,0.126853,265.0,0.211207,274.0,0.66194,15.0,0.211207,0.2349,,0.033164,279.0,0.221184,269.0,0.745652,14.0,0.221184,0.30149
3,Jonathan & Ana,TARUS37,2,1,2,1,3,3,1,1,1.0,2,3,3,,,,,,,,,,,,,1.91667,122.0,0.86201,5.0,0.41667,89.0,3.0,0.25,188.0,4.0,0.33333,118.0,111.0,3.58333,0.56985,,,,,,,,,,,0.320604,145.0,0.428404,33.0,0.250992,179.0,0.250992,0.07299,,0.385431,114.0,0.428717,26.0,0.185852,209.0,0.185852,0.10577
1,Joe Jer & Zabrina,TARAS1,1,1,2,3,2,2,3,3,2.0,3,3,2,1,,,,,,,,,,,,2.15385,191.0,0.76923,3.0,0.23077,196.0,5.0,0.38462,98.0,5.0,0.38462,106.0,112.0,3.76923,0.48547,,0.193407,189.0,0.340794,107.0,0.465799,60.0,0.193407,0.11133,,0.237398,207.0,0.439626,28.0,0.322976,142.0,0.237398,0.08288,,0.192877,221.0,0.341663,123.0,0.46546,68.0,0.192877,0.11144
2,Sandy & Francesca,TARAS1,3,3,1,2,3,1,2,1,3.0,1,1,3,2,,,,,,,,,,,,2.0,141.0,0.87706,5.0,0.38462,114.0,3.0,0.23077,213.0,5.0,0.38462,106.0,113.0,3.76923,0.53556,,0.340177,117.0,0.318326,145.0,0.341497,107.0,0.318326,0.01063,,0.35631,123.0,0.252197,250.0,0.391493,106.0,0.252197,0.05914,,0.339967,136.0,0.318647,172.0,0.341386,125.0,0.318647,0.0104
3,Andrew & Syeon,TARAS1,2,2,3,1,1,3,1,2,1.0,2,2,1,3,,,,,,,,,,,,1.84615,109.0,0.76923,5.0,0.38462,114.0,5.0,0.38462,98.0,3.0,0.23077,187.0,114.0,3.46154,0.56743,,0.466416,64.0,0.34088,106.0,0.192704,176.0,0.192704,0.11187,,0.406292,94.0,0.308177,180.0,0.285531,163.0,0.285531,0.05241,,0.467156,74.0,0.33969,130.0,0.193154,204.0,0.193154,0.11195
1,Adrian & Collin,TARAS2,3,3,2,2,2,2,2,2,2.0,1,1,2,1,,,,,,,,,,,,1.92308,132.0,0.61538,3.0,0.23077,196.0,8.0,0.61538,10.0,2.0,0.15385,238.0,115.0,2.46154,0.78367,,0.146774,203.0,0.6735,1.0,0.179726,183.0,0.146774,0.24091,,0.228332,213.0,0.524934,3.0,0.246734,182.0,0.228332,0.13569,,0.146569,238.0,0.672692,1.0,0.180739,214.0,0.146569,0.24037
2,Pamela & Vanessa,TARAS2,1,2,3,3,3,3,3,3,3.0,3,3,3,2,,,,,,,,,,,,2.69231,284.0,0.60569,1.0,0.07692,270.0,2.0,0.15385,255.0,10.0,0.76923,5.0,116.0,4.0,0.44121,,0.015226,247.0,0.173318,242.0,0.811456,6.0,0.173318,0.34419,,0.04706,288.0,0.215279,273.0,0.737661,9.0,0.215279,0.29404,,0.015219,285.0,0.174154,279.0,0.810627,8.0,0.174154,0.34368
3,Marc & Rovilson,TARAS2,2,1,1,1,1,1,1,1,1.0,2,2,1,3,,,,,,,,,,,,1.38462,8.0,0.62493,9.0,0.69231,10.0,3.0,0.23077,213.0,1.0,0.07692,274.0,117.0,1.46154,0.86325,,0.838,1.0,0.153182,248.0,0.008818,250.0,0.008818,0.36169,,0.724608,2.0,0.259787,246.0,0.015605,291.0,0.015605,0.29408,,0.838212,1.0,0.153154,286.0,0.008634,289.0,0.008634,0.36185
1,Vince & Sam,TARAS3,3,1,1,2,1,1,2,3,1.0,3,1,,,,,,,,,,,,,,1.72727,77.0,0.86244,6.0,0.54545,39.0,2.0,0.18182,234.0,3.0,0.27273,160.0,118.0,2.45455,0.73701,,0.4512,71.0,0.301968,169.0,0.246832,150.0,0.4512,0.08633,,0.471661,57.0,0.313054,173.0,0.215285,200.0,0.471661,0.10564,,0.450603,83.0,0.301867,197.0,0.247397,173.0,0.450603,0.08588
2,Geoff & Tisha,TARAS3,1,2,3,3,2,2,1,1,3.0,2,2,,,,,,,,,,,,,,2.0,141.0,0.73855,3.0,0.27273,171.0,5.0,0.45455,64.0,3.0,0.27273,160.0,119.0,3.09091,0.58038,,0.324202,123.0,0.358486,86.0,0.317312,114.0,0.358486,0.01801,,0.301616,158.0,0.364382,101.0,0.334002,136.0,0.364382,0.02563,,0.324153,143.0,0.357936,98.0,0.317911,132.0,0.357936,0.01758
3,Ida & Tania,TARAS3,2,3,2,1,3,3,3,2,2.0,1,3,,,,,,,,,,,,,,2.27273,226.0,0.74966,2.0,0.18182,221.0,4.0,0.36364,115.0,5.0,0.45455,73.0,120.0,3.54545,0.45559,,0.224598,174.0,0.339546,110.0,0.435856,72.0,0.435856,0.08636,,0.226723,216.0,0.322564,155.0,0.450713,73.0,0.450713,0.09176,,0.225244,200.0,0.340064,129.0,0.434692,84.0,0.434692,0.08564
1,Richard & Richard,TARAS4,1,1,3,1,1,1,1,1,3.0,2,1,,,,,,,,,,,,,,1.45455,12.0,0.78203,8.0,0.72727,7.0,1.0,0.09091,269.0,2.0,0.18182,206.0,121.0,2.27273,0.77514,,0.648105,17.0,0.233327,225.0,0.118568,213.0,0.648105,0.22745,,0.633574,14.0,0.28645,220.0,0.079976,274.0,0.633574,0.22842,,0.646588,17.0,0.234618,261.0,0.118794,245.0,0.646588,0.2265
2,Claire & Michelle,TARAS4,2,2,2,3,2,3,2,2,2.0,3,2,,,,,,,,,,,,,,2.27273,226.0,0.44536,0.0,0.0,274.0,8.0,0.72727,4.0,3.0,0.27273,160.0,122.0,3.81818,0.51822,,0.113941,217.0,0.424688,24.0,0.461371,62.0,0.424688,0.15585,,0.173308,241.0,0.475134,13.0,0.351558,120.0,0.475134,0.12389,,0.114357,251.0,0.42451,28.0,0.461133,70.0,0.42451,0.15556
3,Hussein & Natasha,TARAS4,3,3,1,2,3,2,3,3,1.0,1,3,,,,,,,,,,,,,,2.27273,226.0,0.86244,3.0,0.27273,171.0,2.0,0.18182,234.0,6.0,0.54545,45.0,123.0,4.63636,0.41122,,0.237954,165.0,0.341985,103.0,0.420061,80.0,0.420061,0.0746,,0.193118,234.0,0.238416,265.0,0.568466,36.0,0.568466,0.16729,,0.239055,191.0,0.340872,127.0,0.420073,92.0,0.420073,0.07409
1,Parul & Maggie,TARAS5,2,3,2,1,3,2,2,2,2.0,1,,,,,,,,,,,,,,,2.0,141.0,0.63246,2.0,0.2,208.0,6.0,0.6,12.0,2.0,0.2,199.0,124.0,3.8,0.54345,,0.236637,166.0,0.405163,40.0,0.3582,102.0,0.236637,0.07101,,0.231545,209.0,0.355575,112.0,0.41288,93.0,0.231545,0.07568,,0.23737,193.0,0.403777,45.0,0.358853,119.0,0.23737,0.07029
2,Yvonne & Chloe,TARAS5,3,1,1,3,1,1,1,3,3.0,2,,,,,,,,,,,,,,,1.9,119.0,0.9434,5.0,0.5,47.0,1.0,0.1,265.0,4.0,0.4,96.0,125.0,3.3,0.58095,,0.423854,85.0,0.264401,205.0,0.311745,116.0,0.264401,0.06686,,0.438436,72.0,0.25253,249.0,0.309034,152.0,0.25253,0.07782,,0.423005,96.0,0.26589,238.0,0.311105,135.0,0.26589,0.06604
3,Eric & Rona,TARAS5,1,2,3,2,2,3,3,1,1.0,3,,,,,,,,,,,,,,,2.1,185.0,0.83066,3.0,0.3,165.0,3.0,0.3,172.0,4.0,0.4,96.0,126.0,3.6,0.49988,,0.339509,118.0,0.330436,125.0,0.330055,110.0,0.330055,0.00437,,0.330019,135.0,0.391895,67.0,0.278086,167.0,0.278086,0.04652,,0.339625,137.0,0.330333,147.0,0.330042,129.0,0.330042,0.00445
1,Tim & Tim,TARCAN1,2,3,3,2,1,3,2,2,3.0,1,,,,,,,,,,,,,,,2.2,208.0,0.74833,2.0,0.2,208.0,4.0,0.4,87.0,4.0,0.4,96.0,127.0,3.9,0.4544,,0.155716,196.0,0.328093,130.0,0.516191,48.0,0.155716,0.14721,,0.260967,190.0,0.292171,207.0,0.446862,76.0,0.260967,0.08128,,0.15547,230.0,0.327387,153.0,0.517143,55.0,0.15547,0.14771
2,Jody & Cory,TARCAN1,3,1,2,3,3,1,1,1,1.0,2,,,,,,,,,,,,,,,1.8,89.0,0.87178,5.0,0.5,47.0,2.0,0.2,224.0,3.0,0.3,149.0,128.0,3.2,0.61143,,0.464907,65.0,0.29477,178.0,0.240323,154.0,0.29477,0.09566,,0.485451,47.0,0.244177,257.0,0.270372,171.0,0.244177,0.10809,,0.464864,75.0,0.295524,206.0,0.239612,176.0,0.295524,0.09577
3,Vanessa & Celina,TARCAN1,1,2,1,1,2,2,3,3,2.0,3,,,,,,,,,,,,,,,2.0,141.0,0.7746,3.0,0.3,165.0,4.0,0.4,87.0,3.0,0.3,149.0,129.0,3.8,0.36952,,0.379377,103.0,0.377137,64.0,0.243486,153.0,0.243486,0.06354,,0.253582,196.0,0.463652,16.0,0.282766,165.0,0.282766,0.09292,,0.379666,120.0,0.377089,73.0,0.243245,175.0,0.243245,0.06371
1,Mickey & Pete,TARCAN2,2,2,3,3,3,1,2,2,1.0,2,2,1,,,,,,,,,,,,,2.0,141.0,0.70711,3.0,0.25,176.0,6.0,0.5,33.0,3.0,0.25,169.0,130.0,3.66667,0.58604,,0.148333,199.0,0.579065,5.0,0.272602,136.0,0.148333,0.18101,,0.143131,259.0,0.508062,7.0,0.348807,123.0,0.143131,0.14938,,0.148859,234.0,0.578758,6.0,0.272383,156.0,0.148859,0.18072
2,Natalie & Meaghan,TARCAN2,1,1,1,1,2,2,1,1,2.0,1,1,2,,,,,,,,,,,,,1.33333,2.0,0.4714,8.0,0.66667,12.0,4.0,0.33333,123.0,0.0,0.0,279.0,131.0,1.83333,0.81647,,0.820396,2.0,0.165089,246.0,0.014515,248.0,0.165089,0.34985,,0.767905,1.0,0.198027,276.0,0.034068,289.0,0.198027,0.31449,,0.819734,2.0,0.165735,282.0,0.014531,287.0,0.165735,0.34943
3,Ryan & Rob,TARCAN2,3,3,2,2,1,3,3,3,3.0,3,3,3,,,,,,,,,,,,,2.66667,280.0,0.62361,1.0,0.08333,260.0,2.0,0.16667,239.0,9.0,0.75,6.0,132.0,4.66667,0.31855,,0.031271,244.0,0.255846,211.0,0.712883,16.0,0.712883,0.28361,,0.088964,279.0,0.293911,203.0,0.617125,30.0,0.617125,0.21742,,0.031407,281.0,0.255507,248.0,0.713086,19.0,0.713086,0.28368
1,Gino & Jesse,TARCAN3,1,3,1,3,1,1,2,3,2.0,1,3,1,,,,,,,,,,,,,1.83333,95.0,0.89753,6.0,0.5,47.0,2.0,0.16667,239.0,4.0,0.33333,118.0,133.0,3.0,0.6963,,0.39281,95.0,0.306826,163.0,0.300364,123.0,0.39281,0.04214,,0.399392,100.0,0.249409,251.0,0.351199,122.0,0.399392,0.06252,,0.394387,108.0,0.306314,192.0,0.299299,143.0,0.394387,0.04327
2,Nick & Matt,TARCAN3,3,1,2,1,2,2,3,1,1.0,3,2,2,,,,,,,,,,,,,1.91667,122.0,0.7592,4.0,0.33333,132.0,5.0,0.41667,73.0,3.0,0.25,169.0,134.0,2.91667,0.68706,,0.379665,102.0,0.341726,104.0,0.278609,133.0,0.341726,0.04168,,0.367357,115.0,0.421742,35.0,0.210901,204.0,0.421742,0.08937,,0.378161,121.0,0.343014,121.0,0.278825,153.0,0.343014,0.04113
3,Brent & Sean,TARCAN3,2,2,3,2,3,3,1,2,3.0,2,1,3,,,,,,,,,,,,,2.25,219.0,0.72169,2.0,0.16667,226.0,5.0,0.41667,73.0,5.0,0.41667,80.0,135.0,3.75,0.5448,,0.227525,171.0,0.351448,94.0,0.421027,79.0,0.421027,0.08003,,0.233251,208.0,0.328849,144.0,0.4379,82.0,0.4379,0.08361,,0.227452,197.0,0.350672,112.0,0.421876,90.0,0.421876,0.08031
1,Steph & Kristen,TARCAN4,2,3,2,1,1,1,1,3,2.0,1,1,,,,,,,,,,,,,,1.63636,44.0,0.77139,6.0,0.54545,39.0,3.0,0.27273,181.0,2.0,0.18182,206.0,136.0,2.0,0.84055,,0.504033,48.0,0.314875,153.0,0.181092,182.0,0.504033,0.13248,,0.497073,41.0,0.344596,123.0,0.158331,235.0,0.497073,0.13852,,0.504722,56.0,0.314184,179.0,0.181094,213.0,0.504722,0.13281
2,Jillian & Emmett,TARCAN4,1,1,3,3,2,2,3,1,1.0,3,2,,,,,,,,,,,,,,2.0,141.0,0.8528,4.0,0.36364,127.0,3.0,0.27273,181.0,4.0,0.36364,116.0,137.0,2.54545,0.69405,,0.338014,119.0,0.332656,119.0,0.32933,111.0,0.332656,0.00358,,0.362568,120.0,0.339755,131.0,0.297677,160.0,0.339755,0.02688,,0.337522,138.0,0.332364,142.0,0.330114,128.0,0.332364,0.0031
3,Joel & Ashley,TARCAN4,3,2,1,2,3,3,2,2,3.0,2,3,,,,,,,,,,,,,,2.36364,241.0,0.64282,1.0,0.09091,253.0,5.0,0.45455,64.0,5.0,0.45455,73.0,138.0,3.45455,0.49881,,0.157953,195.0,0.352469,90.0,0.489578,52.0,0.489578,0.13606,,0.140359,262.0,0.315649,170.0,0.543992,42.0,0.543992,0.16526,,0.157756,229.0,0.353452,103.0,0.488792,59.0,0.488792,0.13589
1,Sam & Paul,TARCAN5,3,1,2,1,1,1,1,1,1.0,1,1,,,,,,,,,,,,,,1.27273,1.0,0.61658,9.0,0.81818,1.0,1.0,0.09091,269.0,1.0,0.09091,255.0,139.0,2.0,0.85952,,0.79243,3.0,0.164892,247.0,0.042678,242.0,0.79243,0.32844,,0.640581,11.0,0.28299,222.0,0.076429,276.0,0.640581,0.23305,,0.792341,3.0,0.164622,283.0,0.043037,280.0,0.792341,0.32834
2,Kenneth & Ryan,TARCAN5,1,2,3,2,2,3,2,2,2.0,3,2,,,,,,,,,,,,,,2.18182,204.0,0.57496,1.0,0.09091,253.0,7.0,0.63636,8.0,3.0,0.27273,160.0,140.0,3.27273,0.55628,,0.133166,209.0,0.517112,13.0,0.349722,106.0,0.517112,0.15717,,0.218299,222.0,0.445138,26.0,0.336563,131.0,0.445138,0.09263,,0.13312,243.0,0.51608,13.0,0.3508,123.0,0.51608,0.15683
3,Korey & Ivana,TARCAN5,2,3,1,3,3,2,3,3,3.0,2,3,,,,,,,,,,,,,,2.54545,266.0,0.65555,1.0,0.09091,253.0,3.0,0.27273,181.0,7.0,0.63636,28.0,141.0,4.09091,0.37918,,0.074404,233.0,0.317996,146.0,0.6076,37.0,0.6076,0.21795,,0.14112,261.0,0.271872,233.0,0.587008,34.0,0.587008,0.18715,,0.074539,269.0,0.319298,168.0,0.606163,41.0,0.606163,0.21726
1,Courtney & Adam,TARCAN6,3,3,3,3,2,3,3,1,3.0,3,1,,,,,,,,,,,,,,2.54545,266.0,0.78203,2.0,0.18182,221.0,1.0,0.09091,269.0,8.0,0.72727,13.0,142.0,4.63636,0.41576,,0.032488,243.0,0.187361,239.0,0.780151,8.0,0.032488,0.32221,,0.116471,269.0,0.23459,268.0,0.648939,20.0,0.116471,0.22832,,0.032629,280.0,0.187904,276.0,0.779467,10.0,0.032629,0.32177
2,Taylor & Courtney,TARCAN6,2,1,1,2,1,1,1,2,2.0,1,2,,,,,,,,,,,,,,1.45455,12.0,0.49793,6.0,0.54545,39.0,5.0,0.45455,64.0,0.0,0.0,279.0,143.0,2.36364,0.75765,,0.697261,9.0,0.273632,197.0,0.029107,246.0,0.273632,0.27602,,0.676212,5.0,0.244028,258.0,0.07976,275.0,0.244028,0.25156,,0.696663,10.0,0.273931,230.0,0.029406,285.0,0.273931,0.27563
3,Dylan & Kwame,TARCAN6,1,2,2,1,3,2,2,3,1.0,2,3,,,,,,,,,,,,,,2.0,141.0,0.73855,3.0,0.27273,171.0,5.0,0.45455,64.0,3.0,0.27273,160.0,144.0,3.72727,0.49827,,0.270251,147.0,0.539007,9.0,0.190742,179.0,0.190742,0.14901,,0.207317,227.0,0.521382,4.0,0.271301,170.0,0.271301,0.13551,,0.270708,171.0,0.538165,9.0,0.191127,208.0,0.191127,0.14844
1,Anthony & James,TARCAN7,3,2,1,3,2,1,1,3,2.0,1,1,,,,,,,,,,,,,,1.81818,92.0,0.8332,5.0,0.45455,84.0,3.0,0.27273,181.0,3.0,0.27273,160.0,145.0,3.27273,0.62125,,0.355204,111.0,0.392411,48.0,0.252385,144.0,0.355204,0.05922,,0.369002,114.0,0.33236,139.0,0.298638,159.0,0.369002,0.02873,,0.355156,128.0,0.392102,51.0,0.252742,164.0,0.355156,0.05895
2,Sarah & Sam,TARCAN7,1,1,3,1,1,2,2,2,1.0,2,2,,,,,,,,,,,,,,1.63636,44.0,0.64282,5.0,0.45455,84.0,5.0,0.45455,64.0,1.0,0.09091,255.0,146.0,2.90909,0.61901,,0.552775,37.0,0.336135,117.0,0.11109,218.0,0.336135,0.18033,,0.492636,44.0,0.370739,90.0,0.136625,247.0,0.370739,0.14773,,0.552537,43.0,0.336094,138.0,0.111369,252.0,0.336094,0.18012
3,Lauren & Joanne,TARCAN7,2,3,2,2,3,3,3,1,3.0,3,3,,,,,,,,,,,,,,2.54545,266.0,0.65555,1.0,0.09091,253.0,3.0,0.27273,181.0,7.0,0.63636,28.0,147.0,4.36364,0.34513,,0.092021,226.0,0.271454,199.0,0.636525,31.0,0.636525,0.22656,,0.138362,263.0,0.296901,197.0,0.564737,37.0,0.564737,0.17596,,0.092307,262.0,0.271804,231.0,0.635889,32.0,0.635889,0.22614
1,Catherine & Craig,TARCAN8,2,3,1,,,3,3,3,1.0,1,1,,,,,,,,,,,,,,2.0,141.0,0.94281,4.0,0.44444,88.0,1.0,0.11111,264.0,4.0,0.44444,79.0,148.0,3.22222,0.68554,,,,,,,,,,,0.271302,182.0,0.326992,147.0,0.401706,103.0,0.271302,0.05343,,0.292493,164.0,0.290062,215.0,0.417445,94.0,0.292493,0.05948
2,Jesse & Marika,TARCAN8,3,2,2,1*,1*,2,1,1,3.0,2,2,,,,,,,,,,,,,,2.0,141.0,0.66667,2.0,0.22222,207.0,5.0,0.55556,21.0,2.0,0.22222,198.0,149.0,3.09091,0.68157,,,,,,,,,,,0.346285,125.0,0.304989,185.0,0.348726,124.0,0.304989,0.02007,,0.311331,150.0,0.37275,77.0,0.315919,133.0,0.37275,0.02793
3,Franca & Nella,TARCAN8,1,1,3,2*,2*,1,2,2,2.0,3,3,,,,,,,,,,,,,,2.0,141.0,0.8165,3.0,0.33333,132.0,3.0,0.33333,123.0,3.0,0.33333,118.0,150.0,2.90909,0.65974,,,,,,,,,,,0.382413,106.0,0.368019,97.0,0.249568,181.0,0.249568,0.05952,,0.396176,107.0,0.337188,136.0,0.266636,159.0,0.266636,0.05295
1,Ty & Kat,TARCAN9,1,1,1,2,2,1,1,2,3.0,1,,,,,,,,,,,,,,,1.5,19.0,0.67082,6.0,0.6,22.0,3.0,0.3,172.0,1.0,0.1,250.0,151.0,1.8,0.83452,,,,,,,,,,,0.574294,25.0,0.359739,108.0,0.065967,280.0,0.574294,0.20836,,0.540237,46.0,0.401859,47.0,0.057904,276.0,0.540237,0.20279
2,Tyler & Kayleen,TARCAN9,2,2,2,1,1,3,2,1,1.0,2,,,,,,,,,,,,,,,1.7,71.0,0.64031,4.0,0.4,110.0,5.0,0.5,33.0,1.0,0.1,250.0,152.0,2.4,0.76163,,,,,,,,,,,0.340199,130.0,0.49417,10.0,0.165631,231.0,0.49417,0.13421,,0.448228,88.0,0.478801,19.0,0.072971,269.0,0.478801,0.18453
3,Ben & Anwar,TARCAN9,3,3,3,3,3,2,3,3,2.0,3,,,,,,,,,,,,,,,2.8,288.0,0.4,0.0,0.0,274.0,2.0,0.2,224.0,8.0,0.8,3.0,153.0,4.4,0.40508,,,,,,,,,,,0.085507,282.0,0.146091,288.0,0.768402,6.0,0.768402,0.30863,,0.011535,288.0,0.11934,289.0,0.869125,4.0,0.869125,0.38141
1,Taylor & Katie,TARCAN10,2,2,2,2,1,1,3,1,1.0,1,,,,,,,,,,,,,,,1.6,37.0,0.66332,5.0,0.5,47.0,4.0,0.4,87.0,1.0,0.1,250.0,154.0,3.2,0.69171,,,,,,,,,,,0.478266,52.0,0.306737,184.0,0.214997,201.0,0.478266,0.10911,,0.478266,66.0,0.306737,191.0,0.214997,193.0,0.478266,0.10911
2,Colin & Matt,TARCAN10,1,3,1,3,3,3,1,2,2.0,2,,,,,,,,,,,,,,,2.1,185.0,0.83066,3.0,0.3,165.0,3.0,0.3,172.0,4.0,0.4,96.0,155.0,4.3,0.47929,,,,,,,,,,,0.224388,219.0,0.369407,93.0,0.406205,101.0,0.369407,0.07849,,0.224388,202.0,0.369407,85.0,0.406205,99.0,0.369407,0.07849
3,Michael & Tyson,TARCAN10,3,1,3,1,2,2,2,3,3.0,3,,,,,,,,,,,,,,,2.3,229.0,0.78102,2.0,0.2,208.0,3.0,0.3,172.0,5.0,0.5,55.0,156.0,4.2,0.46298,,,,,,,,,,,0.297346,162.0,0.323856,152.0,0.378798,111.0,0.378798,0.03392,,0.297346,159.0,0.323856,159.0,0.378798,110.0,0.378798,0.03392
1,Tyler & Nathan,TARAU1,3,1,1,1,1,1,1,2,2.0,2,2,1,,,,,,,,,,,,,1.5,19.0,0.6455,7.0,0.58333,29.0,4.0,0.33333,123.0,1.0,0.08333,259.0,157.0,2.25,0.77106,,0.579307,28.0,0.322709,137.0,0.097984,227.0,0.579307,0.19664,,0.573094,27.0,0.307734,182.0,0.119172,260.0,0.573094,0.18619,,0.580485,31.0,0.32248,163.0,0.097035,263.0,0.580485,0.19752
2,Sam & Renae,TARAU1,1,3,3,3,3,3,3,3,3.0,3,1,2,,,,,,,,,,,,,2.58333,270.0,0.7592,2.0,0.16667,226.0,1.0,0.08333,276.0,9.0,0.75,6.0,158.0,4.08333,0.46038,,0.077668,232.0,0.182449,240.0,0.739883,15.0,0.182449,0.29064,,0.157058,248.0,0.223587,272.0,0.619355,29.0,0.223587,0.20406,,0.077895,268.0,0.182047,277.0,0.740058,17.0,0.182047,0.29072
3,Jeff & Luke,TARAU1,2,2,2,2,2,2,2,1,1.0,1,3,3,,,,,,,,,,,,,1.91667,122.0,0.6401,3.0,0.25,176.0,7.0,0.58333,16.0,2.0,0.16667,213.0,159.0,3.16667,0.60003,,0.343025,115.0,0.494842,17.0,0.162133,191.0,0.162133,0.136,,0.269848,184.0,0.468679,14.0,0.261473,175.0,0.261473,0.09576,,0.34162,134.0,0.495473,17.0,0.162907,223.0,0.162907,0.1359
1,Shane & Andrew,TARAU2,2,3,3,2,3,3,3,2,2.0,1,3,1,,,,,,,,,,,,,2.33333,234.0,0.74536,2.0,0.16667,226.0,4.0,0.33333,123.0,6.0,0.5,55.0,160.0,4.08333,0.58267,,0.109649,218.0,0.288105,188.0,0.602246,38.0,0.109649,0.20363,,0.184726,236.0,0.310271,178.0,0.505003,49.0,0.184726,0.13177,,0.109686,253.0,0.288158,217.0,0.602156,42.0,0.109686,0.20357
2,Paul & Steve,TARAU2,3,2,2,3,1,1,1,1,1.0,3,2,2,,,,,,,,,,,,,1.83333,95.0,0.79931,5.0,0.41667,89.0,4.0,0.33333,123.0,3.0,0.25,169.0,161.0,3.25,0.6706,,0.417883,88.0,0.356391,87.0,0.225726,162.0,0.356391,0.08012,,0.38333,105.0,0.287684,219.0,0.328986,140.0,0.287684,0.03917,,0.417982,101.0,0.356329,101.0,0.225689,187.0,0.356329,0.08017
3,Michelle & Jo,TARAU2,1,1,1,1,2,2,2,3,3.0,2,1,3,,,,,,,,,,,,,1.83333,95.0,0.79931,5.0,0.41667,89.0,4.0,0.33333,123.0,3.0,0.25,169.0,162.0,2.91667,0.66809,,0.472468,58.0,0.355504,88.0,0.172028,185.0,0.172028,0.12365,,0.431944,79.0,0.402045,54.0,0.166011,230.0,0.166011,0.11894,,0.472332,68.0,0.355513,102.0,0.172155,216.0,0.172155,0.12355
1,Daniel & Ryan,TARAU3,1,1,1,3,2,1,1,3,3.0,1,,,,,,,,,,,,,,,1.7,71.0,0.9,6.0,0.6,22.0,1.0,0.1,265.0,3.0,0.3,149.0,163.0,2.8,0.6731,,0.472119,59.0,0.28304,190.0,0.244841,152.0,0.472119,0.09937,,0.443331,68.0,0.373262,85.0,0.183407,217.0,0.443331,0.10981,,0.471976,69.0,0.283445,220.0,0.244579,174.0,0.471976,0.09931
2,Sally & Tyson,TARAU3,3,2,2,2,3,3,2,1,2.0,2,,,,,,,,,,,,,,,2.2,208.0,0.6,1.0,0.1,250.0,6.0,0.6,12.0,3.0,0.3,149.0,164.0,3.8,0.50575,,0.194045,187.0,0.3712,69.0,0.434755,74.0,0.3712,0.10185,,0.252913,198.0,0.296332,198.0,0.450755,72.0,0.296332,0.0849,,0.194193,218.0,0.370861,80.0,0.434946,83.0,0.370861,0.10181
3,Ashleigh & Jarrod,TARAU3,2,3,3,1,1,2,3,2,1.0,3,,,,,,,,,,,,,,,2.1,185.0,0.83066,3.0,0.3,165.0,3.0,0.3,172.0,4.0,0.4,96.0,165.0,3.6,0.51397,,0.333836,121.0,0.34576,100.0,0.320404,113.0,0.320404,0.01036,,0.303756,155.0,0.330406,142.0,0.365838,113.0,0.365838,0.02543,,0.333831,140.0,0.345694,116.0,0.320475,131.0,0.320475,0.0103
1,Tim & Rod,TARAU4,2,2,2,2,2,1,1,1,2.0,3,1,1,,,,,,,,,,,,,1.66667,46.0,0.62361,5.0,0.41667,89.0,6.0,0.5,33.0,1.0,0.08333,259.0,166.0,3.0,0.68571,,0.469989,61.0,0.359626,84.0,0.170385,187.0,0.469989,0.12372,,0.406218,95.0,0.371819,88.0,0.221963,196.0,0.406218,0.07999,,0.47025,71.0,0.358958,97.0,0.170792,218.0,0.47025,0.12359
2,Jasmin & Jerome,TARAU4,3,3,3,1,1,2,3,2,1.0,1,3,2,,,,,,,,,,,,,2.08333,171.0,0.86201,4.0,0.33333,132.0,3.0,0.25,188.0,5.0,0.41667,80.0,167.0,3.33333,0.59213,,0.291627,142.0,0.31633,148.0,0.392043,89.0,0.31633,0.04272,,0.327714,138.0,0.363749,103.0,0.308537,153.0,0.363749,0.02289,,0.291326,165.0,0.316727,173.0,0.391947,105.0,0.316727,0.04272
3,Viv & Joey,TARAU4,1,1,1,3,3,3,2,3,3.0,2,2,3,,,,,,,,,,,,,2.25,219.0,0.82916,3.0,0.25,176.0,3.0,0.25,188.0,6.0,0.5,55.0,168.0,3.83333,0.4464,,0.238384,164.0,0.324044,134.0,0.437572,71.0,0.437572,0.08158,,0.266068,186.0,0.264432,239.0,0.4695,63.0,0.4695,0.09629,,0.238424,192.0,0.324315,157.0,0.437261,79.0,0.437261,0.08142
1,Brendon & Jackson,TARAU5,3,2,1*,1,3,2*,2,2,2.0,3,3,2,2,1.0,,3.0,3.0,2*,2.0,2.0,1.0,2.0,1.0,1.0,2.05,165.0,0.73993,5.0,0.25,176.0,9.0,0.45,72.0,6.0,0.3,149.0,169.0,3.86957,0.60256,,0.270224,148.0,0.366964,77.0,0.362812,100.0,0.270224,0.04466,,0.264323,187.0,0.274071,229.0,0.461606,68.0,0.264323,0.09079,,0.257017,179.0,0.37963,69.0,0.363353,117.0,0.257017,0.05437
2,Ashleigh & Amanda,TARAU5,2,3,2*,2,1,,3,1,1.0,1,1,1,1,3.0,2*,2.0,1.0,,1.0,1.0,3.0,1.0,3.0,2.0,1.7,71.0,0.84261,11.0,0.55,38.0,4.0,0.2,224.0,5.0,0.25,169.0,170.0,2.77273,0.72252,,0.437304,81.0,0.303617,168.0,0.259079,141.0,0.303617,0.07573,,0.440499,71.0,0.35663,110.0,0.202871,209.0,0.35663,0.0984,,0.520869,49.0,0.279493,226.0,0.199638,197.0,0.279493,0.13656
3,Jaskirat & Anurag,TARAU5,1,1,,3,2,1*,1,3,3.0,2,2,3,3,2.0,1*,1.0,2.0,1*,3.0,3.0,2.0,3.0,2.0,3.0,2.25,219.0,0.76649,4.0,0.2,208.0,7.0,0.35,122.0,9.0,0.45,78.0,171.0,3.47826,0.55982,,0.292472,141.0,0.329419,127.0,0.378109,94.0,0.378109,0.03507,,0.295178,166.0,0.369299,94.0,0.335523,132.0,0.335523,0.0303,,0.222114,205.0,0.340877,126.0,0.437009,80.0,0.437009,0.08789
1,Heath & Toni,TARAU6,,2*,3,3,1,2,2,2,2.0,2*,2*,1*,1*,1.0,1,1.0,2.0,1,1.0,3.0,1.0,,,,1.73333,81.0,0.77172,7.0,0.46667,68.0,5.0,0.33333,123.0,3.0,0.2,199.0,172.0,3.95,0.67762,,,,,,,,,,,0.344914,127.0,0.311072,177.0,0.344014,127.0,0.344914,0.01575,,0.438293,91.0,0.345343,118.0,0.216364,191.0,0.438293,0.091
2,Angel & Frankie,TARAU6,,1*,2,1,3,1,1,1,1.0,1*,1*,2*,2*,2.0,2,2.0,3.0,2,3.0,2.0,2.0,,,,1.86667,118.0,0.71802,5.0,0.33333,132.0,7.0,0.46667,55.0,3.0,0.2,199.0,173.0,3.0,0.70218,,,,,,,,,,,0.475279,55.0,0.36925,95.0,0.155471,236.0,0.36925,0.13301,,0.388435,112.0,0.37261,78.0,0.238955,177.0,0.37261,0.06705
3,Kelly & Georgia,TARAU6,1*,,1,2,2,3,3,3,3.0,,,,,3.0,3,3.0,1.0,3,2.0,1.0,3.0,,,,2.4,246.0,0.8,3.0,0.2,208.0,3.0,0.2,224.0,9.0,0.6,33.0,174.0,5.125,0.51516,,,,,,,,,,,0.179807,239.0,0.319678,161.0,0.500515,51.0,0.500515,0.13128,,0.173272,226.0,0.282047,222.0,0.544681,50.0,0.544681,0.1559
1,Darren & Tristan,TARAU7,1,3,1,1,2,2,1,3,2.0,1,2,1,,,,,,,,,,,,,1.66667,46.0,0.74536,6.0,0.5,47.0,4.0,0.33333,123.0,2.0,0.16667,213.0,175.0,2.41667,0.74173,,,,,,,,,,,0.437817,75.0,0.335074,137.0,0.227109,194.0,0.437817,0.08603,,0.482379,63.0,0.323038,161.0,0.194583,200.0,0.482379,0.11772
1,Emma & Hayley,TARAU7,2,1,2,2,3,3,3,1,1.0,2,3,1,,,,,,,,,,,,,2.0,141.0,0.8165,4.0,0.33333,132.0,4.0,0.33333,123.0,4.0,0.33333,118.0,176.0,3.08333,0.63274,,,,,,,,,,,0.263012,189.0,0.325067,150.0,0.411921,94.0,0.263012,0.06107,,0.274215,168.0,0.352504,107.0,0.373281,114.0,0.274215,0.04265
1,Alli & Angie,TARAU7,3,2,3,3,1,1,2,2,3.0,3,1,1,,,,,,,,,,,,,2.08333,171.0,0.86201,4.0,0.33333,132.0,3.0,0.25,188.0,5.0,0.41667,80.0,177.0,2.91667,0.66435,,,,,,,,,,,0.299171,160.0,0.339859,130.0,0.36097,114.0,0.299171,0.02565,,0.243406,189.0,0.324458,156.0,0.432136,86.0,0.243406,0.0773
1,Bam Bam & Logan,TARAU8,3,1,1,1,2,3,1,2,2.0,1,2,1,,,,,,,,,,,,,1.66667,46.0,0.74536,6.0,0.5,47.0,4.0,0.33333,123.0,2.0,0.16667,213.0,178.0,2.58333,0.72847,,,,,,,,,,,0.436613,76.0,0.352302,114.0,0.211085,203.0,0.436613,0.09304,,0.420009,99.0,0.461996,21.0,0.117995,247.0,0.420009,0.15323
2,Billy & Oscar,TARAU8,2,2,3,3,3,2,3,3,3.0,3,3,2,,,,,,,,,,,,,2.66667,280.0,0.4714,0.0,0.0,274.0,4.0,0.33333,123.0,8.0,0.66667,22.0,179.0,4.41667,0.35195,,,,,,,,,,,0.093876,277.0,0.248182,252.0,0.657942,17.0,0.248182,0.23802,,0.018266,284.0,0.156869,285.0,0.824865,6.0,0.156869,0.35214
3,Brooke & Adam,TARAU8,1,3,2,2,1,1,2,1,1.0,2,1,3,,,,,,,,,,,,,1.66667,46.0,0.74536,6.0,0.5,47.0,4.0,0.33333,123.0,2.0,0.16667,213.0,180.0,2.58333,0.69229,,,,,,,,,,,0.469511,59.0,0.399516,62.0,0.130973,253.0,0.130973,0.14592,,0.561725,38.0,0.381135,68.0,0.05714,277.0,0.05714,0.20875
1,Charlie & Rachel,TARCR1,1,2,2,1,2,1,2,1,3.0,3,1,1,,,,,,,,,,,,,1.66667,46.0,0.74536,6.0,0.5,47.0,4.0,0.33333,123.0,2.0,0.16667,213.0,181.0,2.16667,0.76273,,0.447489,77.0,0.417234,26.0,0.135277,203.0,0.447489,0.14059,,0.448375,66.0,0.424764,34.0,0.126861,257.0,0.448375,0.14632,,0.448268,87.0,0.416884,31.0,0.134848,235.0,0.448268,0.14093
2,Rick & Josh,TARCR1,2,1,1,2,1,3,1,2,1.0,1,3,2,,,,,,,,,,,,,1.66667,46.0,0.74536,6.0,0.5,47.0,4.0,0.33333,123.0,2.0,0.16667,213.0,182.0,2.16667,0.73128,,0.514401,45.0,0.368819,73.0,0.11678,214.0,0.368819,0.16426,,0.481386,49.0,0.41752,40.0,0.101094,265.0,0.41752,0.16627,,0.513772,54.0,0.369571,84.0,0.116657,248.0,0.369571,0.16413
3,Deepak & Naresh,TARCR1,3,3,3,3,3,2,3,3,2.0,2,2,3,,,,,,,,,,,,,2.66667,280.0,0.4714,0.0,0.0,274.0,4.0,0.33333,123.0,8.0,0.66667,22.0,183.0,4.41667,0.34762,,0.03811,240.0,0.213947,236.0,0.747943,12.0,0.747943,0.30183,,0.070239,286.0,0.157716,285.0,0.772045,5.0,0.772045,0.31226,,0.03796,277.0,0.213545,274.0,0.748495,12.0,0.748495,0.30219
1,Lily & Jan,TARCR2,1,1,3,2,2,1,3,1,1.0,1,2,1,,,,,,,,,,,,,1.58333,33.0,0.7592,7.0,0.58333,29.0,3.0,0.25,188.0,2.0,0.16667,213.0,184.0,2.75,0.73082,,0.513897,46.0,0.369604,71.0,0.116499,215.0,0.513897,0.16425,,0.451143,64.0,0.402518,53.0,0.146339,242.0,0.451143,0.13371,,0.515067,53.0,0.368518,88.0,0.116415,249.0,0.515067,0.16464
2,Simon & Katherine,TARCR2,2,2,2,3,3,3,2,3,3.0,3,3,2,,,,,,,,,,,,,2.58333,270.0,0.49301,0.0,0.0,274.0,5.0,0.41667,73.0,7.0,0.58333,35.0,185.0,4.75,0.35552,,0.038011,241.0,0.213589,237.0,0.7484,11.0,0.213589,0.30212,,0.078885,283.0,0.288205,218.0,0.63291,23.0,0.288205,0.22842,,0.038146,276.0,0.213624,273.0,0.74823,13.0,0.213624,0.302
3,Sun Bin & Hao Fei'er,TARCR2,3,3,1,1,1,2,1,2,2.0,2,1,3,,,,,,,,,,,,,1.83333,95.0,0.79931,5.0,0.41667,89.0,4.0,0.33333,123.0,3.0,0.25,169.0,186.0,2.91667,0.67454,,0.448092,76.0,0.416807,27.0,0.135101,204.0,0.135101,0.14075,,0.469972,58.0,0.309277,179.0,0.220751,197.0,0.220751,0.10316,,0.446787,89.0,0.417858,30.0,0.135355,234.0,0.135355,0.14049
1,Liu Weiwei & Lei Sheng,TARCR3,1,1,2,2,2,3,1,3,1.0,1,3,1,,,,,,,,,,,,,1.75,82.0,0.82916,6.0,0.5,47.0,3.0,0.25,188.0,3.0,0.25,169.0,187.0,2.5,0.74563,,0.429851,84.0,0.337728,113.0,0.232421,160.0,0.429851,0.08066,,0.469303,60.0,0.34514,121.0,0.185557,213.0,0.469303,0.11614,,0.430314,94.0,0.337317,134.0,0.232369,182.0,0.430314,0.08086
2,Christine & Steven,TARCR3,2,2,3,3,3,2,3,1,2.0,3,2,2,,,,,,,,,,,,,2.33333,234.0,0.62361,1.0,0.08333,260.0,6.0,0.5,33.0,5.0,0.41667,80.0,188.0,4.0,0.50033,,0.140131,205.0,0.325061,133.0,0.534808,46.0,0.325061,0.16123,,0.159143,246.0,0.245018,256.0,0.595839,33.0,0.245018,0.1889,,0.139373,240.0,0.325366,155.0,0.535261,53.0,0.325366,0.16172
3,Ryan & Charlie,TARCR3,3,3,1,1,1,1,2,2,3.0,2,1,3,,,,,,,,,,,,,1.91667,122.0,0.86201,5.0,0.41667,89.0,3.0,0.25,188.0,4.0,0.33333,118.0,189.0,2.91667,0.63439,,0.430018,83.0,0.337211,114.0,0.232771,159.0,0.232771,0.08057,,0.371554,111.0,0.409842,47.0,0.218604,198.0,0.218604,0.08262,,0.430314,94.0,0.337317,134.0,0.232369,182.0,0.232369,0.08086
1,Patrícia & Sane,TARBR1,3,3,1,3,3,3,3,2,3.0,2,1,2,1,,,,,,,,,,,,2.30769,230.0,0.82131,3.0,0.23077,196.0,3.0,0.23077,213.0,7.0,0.53846,48.0,190.0,3.07692,0.64844,,0.131353,210.0,0.29248,180.0,0.576167,42.0,0.131353,0.18388,,0.173501,240.0,0.38783,70.0,0.438669,80.0,0.173501,0.11491,,0.131954,244.0,0.291779,209.0,0.576267,47.0,0.131954,0.18375
2,Jonatas & Rafael,TARBR1,2,1,3,1,1,2,2,1,2.0,3,3,3,2,,,,,,,,,,,,2.0,141.0,0.78446,4.0,0.30769,151.0,5.0,0.38462,98.0,4.0,0.30769,140.0,191.0,2.92308,0.60055,,0.300479,136.0,0.389779,53.0,0.309742,117.0,0.389779,0.04009,,0.324906,142.0,0.268048,237.0,0.407046,98.0,0.268048,0.05706,,0.300405,157.0,0.389158,58.0,0.310437,136.0,0.389158,0.03969
3,Perri & Maristela,TARBR1,1,2,2,2,2,1,1,3,1.0,1,2,1,3,,,,,,,,,,,,1.69231,63.0,0.7216,6.0,0.46154,69.0,5.0,0.38462,98.0,2.0,0.15385,238.0,192.0,2.30769,0.73529,,0.568168,31.0,0.317741,147.0,0.114091,217.0,0.114091,0.1857,,0.501593,40.0,0.344122,124.0,0.154285,237.0,0.154285,0.14199,,0.567641,35.0,0.319063,169.0,0.113296,251.0,0.113296,0.18576
1,Shay & Guy,TARIL1,3,2,1,3,2,1,1,1,2.0,1,,,,,,,,,,,,,,,1.7,71.0,0.78102,5.0,0.5,47.0,3.0,0.3,172.0,2.0,0.2,199.0,193.0,2.7,0.74425,,0.452315,69.0,0.338319,112.0,0.209366,169.0,0.452315,0.09925,,0.335351,132.0,0.320059,159.0,0.34459,126.0,0.335351,0.01012,,0.451919,79.0,0.338322,132.0,0.209759,194.0,0.451919,0.09892
2,Maya & Amichay,TARIL1,1,1,2,1,1,3,3,2,3.0,2,,,,,,,,,,,,,,,1.9,119.0,0.83066,4.0,0.4,110.0,3.0,0.3,172.0,3.0,0.3,149.0,194.0,2.2,0.69333,,0.393749,94.0,0.331215,122.0,0.275036,135.0,0.331215,0.04849,,0.508089,37.0,0.362113,105.0,0.129798,255.0,0.362113,0.15577,,0.394129,109.0,0.331097,145.0,0.274774,155.0,0.331097,0.04875
3,Tom & Gil,TARIL1,2,3,3,2,3,2,2,3,1.0,3,,,,,,,,,,,,,,,2.4,246.0,0.66332,1.0,0.1,250.0,4.0,0.4,87.0,5.0,0.5,55.0,195.0,3.5,0.53853,,0.153936,198.0,0.330466,124.0,0.515598,49.0,0.515598,0.14766,,0.15656,250.0,0.317828,167.0,0.525612,45.0,0.525612,0.15106,,0.153952,233.0,0.330581,146.0,0.515467,57.0,0.515467,0.1476
1,Bar & Inna,TARIL2,3,3,3,3,1,3,3,3,3.0,1,3,1,1,,,,,,,,,,,,2.38462,243.0,0.92308,4.0,0.30769,151.0,0.0,0.0,287.0,9.0,0.69231,17.0,196.0,4.0,0.47775,,0.134712,207.0,0.220742,231.0,0.644546,25.0,0.134712,0.22285,,0.151494,255.0,0.171213,283.0,0.677293,13.0,0.151494,0.24335,,0.135071,242.0,0.221385,268.0,0.643544,28.0,0.135071,0.22216
2,Alon & Oren,TARIL2,2,1,1,1,2,2,1,1,2.0,2,2,3,2,,,,,,,,,,,,1.69231,63.0,0.60569,5.0,0.38462,114.0,7.0,0.53846,23.0,1.0,0.07692,274.0,197.0,2.0,0.75952,,0.494212,51.0,0.365687,78.0,0.140101,202.0,0.365687,0.14636,,0.54633,31.0,0.377386,82.0,0.076284,277.0,0.377386,0.19441,,0.493634,58.0,0.365646,91.0,0.14072,233.0,0.365646,0.14588
3,Anaelle & Akiva,TARIL2,1,2,2,2,3,1,2,2,1.0,3,1,2,3,,,,,,,,,,,,1.92308,132.0,0.72976,4.0,0.30769,151.0,6.0,0.46154,56.0,3.0,0.23077,187.0,198.0,2.69231,0.64212,,0.371076,104.0,0.413571,32.0,0.215353,166.0,0.215353,0.08521,,0.302176,157.0,0.451401,20.0,0.246423,183.0,0.246423,0.08653,,0.371295,122.0,0.412969,36.0,0.215736,192.0,0.215736,0.08488
1,Talia & Koby,TARIL3,2,2,3,3,2,2,1,1,2.0,3,2,1,1,,,,,,,,,,,,1.92308,132.0,0.72976,4.0,0.30769,151.0,6.0,0.46154,56.0,3.0,0.23077,187.0,199.0,3.69231,0.63727,,0.312979,128.0,0.386298,56.0,0.300723,122.0,0.312979,0.03778,,0.324518,144.0,0.315887,169.0,0.359595,115.0,0.324518,0.0189,,0.312405,149.0,0.386747,61.0,0.300848,141.0,0.312405,0.03806
2,Romi & Coral,TARIL3,1,1,1,1,1,1,3,3,3.0,2,1,3,2,,,,,,,,,,,,1.76923,87.0,0.89045,7.0,0.53846,43.0,2.0,0.15385,255.0,4.0,0.30769,140.0,200.0,3.15385,0.61587,,0.487026,54.0,0.276595,196.0,0.236379,156.0,0.276595,0.10991,,0.426253,83.0,0.394632,66.0,0.179115,220.0,0.394632,0.10981,,0.487741,61.0,0.27548,228.0,0.236779,179.0,0.27548,0.11032
3,Ma'Ayan & Bat-El,TARIL3,3,3,2,2,3,3,2,2,1.0,1,3,2,3,,,,,,,,,,,,2.30769,230.0,0.7216,2.0,0.15385,242.0,5.0,0.38462,98.0,6.0,0.46154,67.0,201.0,4.30769,0.48196,,0.199995,182.0,0.337107,115.0,0.462898,61.0,0.462898,0.10736,,0.249229,201.0,0.289481,217.0,0.46129,69.0,0.46129,0.09196,,0.199854,214.0,0.337773,133.0,0.462373,69.0,0.462373,0.10722
1,Shay & Shani,TARIL4,3,2,2,2,2,2,1,3,3.0,3,2,1,,,,,,,,,,,,,2.16667,197.0,0.68718,2.0,0.16667,226.0,6.0,0.5,33.0,4.0,0.33333,118.0,202.0,4.30769,0.52309,,0.148092,201.0,0.40981,36.0,0.442098,68.0,0.148092,0.13165,,0.16327,243.0,0.414708,44.0,0.422022,91.0,0.16327,0.12029,,0.147748,237.0,0.409731,39.0,0.442521,76.0,0.147748,0.13191
2,Tom & Uriel,TARIL4,1,1,3,1,1,1,3,2,1.0,1,1,2,,,,,,,,,,,,,1.5,19.0,0.76376,8.0,0.66667,12.0,2.0,0.16667,239.0,2.0,0.16667,213.0,203.0,2.84615,0.73107,,0.674267,14.0,0.220562,232.0,0.105171,222.0,0.220562,0.24564,,0.609114,18.0,0.259734,247.0,0.131152,252.0,0.259734,0.20195,,0.674718,13.0,0.220314,271.0,0.104968,257.0,0.220314,0.24595
3,Yochi & Linor,TARIL4,2,3,1,3,3,3,2,1,2.0,2,3,3,,,,,,,,,,,,,2.33333,234.0,0.74536,2.0,0.16667,226.0,4.0,0.33333,123.0,6.0,0.5,55.0,204.0,4.46154,0.45234,,0.177641,192.0,0.369628,70.0,0.452731,67.0,0.452731,0.1152,,0.227616,215.0,0.325558,149.0,0.446826,77.0,0.446826,0.08966,,0.177534,225.0,0.369955,81.0,0.452511,75.0,0.452511,0.11521
1,Amit & Raz,TARIL5,3,2,2,2,2,1,1,1,2.0,1,2,1,,,,,,,,,,,,,1.66667,46.0,0.62361,5.0,0.41667,89.0,6.0,0.5,33.0,1.0,0.08333,259.0,205.0,3.0,0.75105,,0.456018,68.0,0.390019,52.0,0.153963,196.0,0.456018,0.12966,,0.453051,63.0,0.297057,196.0,0.249892,180.0,0.453051,0.08682,,0.456259,78.0,0.390442,55.0,0.153299,228.0,0.456259,0.13011
2,Lee & Tal,TARIL5,1,3,3,3,3,3,3,2,3.0,2,1,2,,,,,,,,,,,,,2.41667,249.0,0.7592,2.0,0.16667,226.0,3.0,0.25,188.0,7.0,0.58333,35.0,206.0,4.23077,0.51032,,0.13108,211.0,0.258314,209.0,0.610606,36.0,0.258314,0.20283,,0.217771,223.0,0.301343,191.0,0.480886,58.0,0.301343,0.10977,,0.1316,245.0,0.258275,245.0,0.610125,39.0,0.258275,0.20244
3,Josie & Alex,TARIL5,2,1,1,1,1,2,2,3,1.0,3,3,3,,,,,,,,,,,,,1.91667,122.0,0.86201,5.0,0.41667,89.0,3.0,0.25,188.0,4.0,0.33333,118.0,207.0,3.53846,0.52724,,0.412902,89.0,0.351667,93.0,0.235431,157.0,0.235431,0.0736,,0.329178,137.0,0.4016,56.0,0.269222,172.0,0.269222,0.05412,,0.412141,102.0,0.351283,110.0,0.236576,180.0,0.236576,0.07279
1,Evelin & Tohar,TARIL6,2,3,3,1,1,3,2,3,2.0,2,3,1,,,,,,,,,,,,,2.16667,197.0,0.79931,3.0,0.25,176.0,4.0,0.33333,123.0,5.0,0.41667,80.0,208.0,3.83333,0.54411,,0.193194,190.0,0.332519,121.0,0.474287,57.0,0.193194,0.11476,,0.254587,195.0,0.319839,160.0,0.425574,89.0,0.254587,0.07045,,0.1935,220.0,0.332388,141.0,0.474112,64.0,0.1935,0.11456
2,Daniel & Eliyahu,TARIL6,3,1,1,3,3,2,1,1,1.0,1,1,2,,,,,,,,,,,,,1.66667,46.0,0.84984,7.0,0.58333,29.0,2.0,0.16667,239.0,3.0,0.25,169.0,209.0,3.16667,0.68406,,0.553479,36.0,0.261561,208.0,0.18496,181.0,0.261561,0.15878,,0.406191,96.0,0.279863,224.0,0.313946,150.0,0.279863,0.05336,,0.553853,42.0,0.260957,243.0,0.18519,212.0,0.260957,0.15897
3,Helen & Regev,TARIL6,1,2,2,2,2,1,3,2,3.0,3,2,3,,,,,,,,,,,,,2.16667,197.0,0.68718,2.0,0.16667,226.0,6.0,0.5,33.0,4.0,0.33333,118.0,210.0,3.15385,0.53052,,0.253327,157.0,0.40592,39.0,0.340753,109.0,0.340753,0.06252,,0.339222,131.0,0.400298,59.0,0.26048,176.0,0.26048,0.05723,,0.252647,181.0,0.406655,42.0,0.340698,126.0,0.340698,0.06309
1,Tia & Fay,TARIL7,2,2,3,3,3,3,1,1,3.0,1,2,1,,,,,,,,,,,,,2.08333,171.0,0.86201,4.0,0.33333,132.0,3.0,0.25,188.0,5.0,0.41667,80.0,211.0,3.66667,0.65455,,0.248445,160.0,0.329869,126.0,0.421686,78.0,0.248445,0.07077,,0.260036,191.0,0.295268,201.0,0.444696,79.0,0.260036,0.08005,,0.248449,185.0,0.329173,150.0,0.422378,89.0,0.248449,0.07107
2,Ariel & Karin,TARIL7,3,3,2,2,2,2,2,3,2.0,2,1,2,,,,,,,,,,,,,2.16667,197.0,0.55277,1.0,0.08333,260.0,8.0,0.66667,5.0,3.0,0.25,169.0,212.0,3.91667,0.59517,,0.19495,185.0,0.412186,34.0,0.392864,88.0,0.412186,0.09817,,0.145621,258.0,0.387953,69.0,0.466426,64.0,0.387953,0.13654,,0.194914,216.0,0.412702,37.0,0.392384,104.0,0.412702,0.09823
3,Haviv & Itzhak,TARIL7,1,1,1,1,1,1,3,2,1.0,3,3,3,,,,,,,,,,,,,1.75,82.0,0.92421,7.0,0.58333,29.0,1.0,0.08333,276.0,4.0,0.33333,118.0,213.0,2.41667,0.70108,,0.556605,34.0,0.257945,210.0,0.18545,180.0,0.18545,0.16063,,0.594343,20.0,0.316779,168.0,0.088878,269.0,0.088878,0.20669,,0.556637,39.0,0.258125,246.0,0.185238,211.0,0.185238,0.16068
1,Yael & Yosiel,TARIL8,1,2,1,3,2,1,2,2,3.0,1,1,1,,,,,,,,,,,,,1.66667,46.0,0.74536,6.0,0.5,47.0,4.0,0.33333,123.0,2.0,0.16667,213.0,214.0,2.25,0.80393,,0.482192,57.0,0.338811,111.0,0.178997,184.0,0.482192,0.12384,,0.446938,67.0,0.403852,52.0,0.14921,241.0,0.446938,0.13138,,0.481133,65.0,0.338813,131.0,0.180054,215.0,0.481133,0.12298
2,Nata & Assaf,TARIL8,2,1,3,1,1,3,3,1,1.0,3,2,2,,,,,,,,,,,,,1.91667,122.0,0.86201,5.0,0.41667,89.0,3.0,0.25,188.0,4.0,0.33333,118.0,215.0,2.58333,0.72347,,0.382406,101.0,0.332521,120.0,0.285073,130.0,0.332521,0.03974,,0.372055,110.0,0.401666,55.0,0.226279,195.0,0.401666,0.07666,,0.382561,119.0,0.333584,140.0,0.283855,149.0,0.333584,0.0403
3,Neta & Omer,TARIL8,3,3,2,2,3,2,1,3,2.0,2,3,3,,,,,,,,,,,,,2.41667,249.0,0.6401,1.0,0.08333,260.0,5.0,0.41667,73.0,6.0,0.5,55.0,216.0,4.08333,0.49313,,0.135402,206.0,0.328668,129.0,0.53593,45.0,0.53593,0.16355,,0.181007,237.0,0.194482,277.0,0.624511,27.0,0.624511,0.20597,,0.136306,241.0,0.327603,151.0,0.536091,52.0,0.536091,0.16326
1,Lee & Anne,TARIL9,1,1,2,2,3,1,1,1,1.0,3,1,1,,,,,,,,,,,,,1.5,19.0,0.76376,8.0,0.66667,12.0,2.0,0.16667,239.0,2.0,0.16667,213.0,217.0,2.83333,0.7666,,,,,,,,,,,0.511298,36.0,0.328104,145.0,0.160598,233.0,0.511298,0.14322,,0.601277,26.0,0.274588,229.0,0.124135,244.0,0.601277,0.19917
2,Inbar & Avishai,TARIL9,2,3,3,3,2,3,2,2,3.0,1,3,2,,,,,,,,,,,,,2.41667,249.0,0.6401,1.0,0.08333,260.0,5.0,0.41667,73.0,6.0,0.5,55.0,218.0,4.58333,0.50755,,,,,,,,,,,0.196685,233.0,0.322,157.0,0.481315,57.0,0.322,0.11648,,0.105551,257.0,0.298313,202.0,0.596136,44.0,0.298313,0.20181
3,Lior & Sapir,TARIL9,3,2,1,1,1,2,3,3,2.0,2,2,3,,,,,,,,,,,,,2.08333,171.0,0.7592,3.0,0.25,176.0,5.0,0.41667,73.0,4.0,0.33333,118.0,219.0,4.08333,0.51638,,,,,,,,,,,0.292017,170.0,0.349896,115.0,0.358087,116.0,0.358087,0.02941,,0.293172,163.0,0.427099,27.0,0.279729,150.0,0.279729,0.06653
1,Tamara & Matías,TARLA1,1,1,1,2,1,2,1,2,3.0,3,3,3,1,,,,,,,,,,,,1.84615,109.0,0.86346,6.0,0.46154,69.0,3.0,0.23077,213.0,4.0,0.30769,140.0,220.0,2.23077,0.667,,0.385628,98.0,0.319197,144.0,0.295175,125.0,0.385628,0.03826,,0.433913,78.0,0.420956,37.0,0.145131,243.0,0.433913,0.13318,,0.385386,115.0,0.318749,170.0,0.295866,144.0,0.385386,0.03797
2,Daniel & David,TARLA1,2,3,2,1,2,3,3,3,2.0,2,2,1,2,,,,,,,,,,,,2.15385,191.0,0.66172,2.0,0.15385,242.0,7.0,0.53846,23.0,4.0,0.30769,140.0,221.0,3.23077,0.62247,,0.22852,170.0,0.361597,80.0,0.409883,83.0,0.361597,0.07669,,0.27071,183.0,0.319416,162.0,0.409874,97.0,0.319416,0.05766,,0.229229,196.0,0.362502,92.0,0.408269,96.0,0.362502,0.07595
3,Ferna & Fran,TARLA1,3,2,3,3,3,1,2,1,1.0,1,1,2,3,,,,,,,,,,,,2.0,141.0,0.87706,5.0,0.38462,114.0,3.0,0.23077,213.0,5.0,0.38462,106.0,222.0,3.38462,0.6257,,0.385852,96.0,0.319206,143.0,0.294942,126.0,0.294942,0.03843,,0.295377,165.0,0.259628,248.0,0.444995,78.0,0.444995,0.08029,,0.385386,115.0,0.318749,170.0,0.295866,144.0,0.295866,0.03797
1,Carlos & Mauricio,TARLA2,1,1,2,1,1,2,2,2,2.0,2,1,2,1,,,,,,,,,,,,1.53846,29.0,0.49852,6.0,0.46154,69.0,7.0,0.53846,23.0,0.0,0.0,279.0,223.0,2.23077,0.78776,,0.405232,90.0,0.592802,4.0,0.001966,251.0,0.405232,0.24651,,0.424058,86.0,0.518145,6.0,0.057797,283.0,0.424058,0.19858,,0.405294,103.0,0.592705,4.0,0.002001,290.0,0.405294,0.24646
2,Toño & Lili,TARLA2,2,2,1,2,2,1,1,1,1.0,1,2,1,2,,,,,,,,,,,,1.46154,16.0,0.49852,7.0,0.53846,43.0,6.0,0.46154,56.0,0.0,0.0,279.0,224.0,2.07692,0.82289,,0.594766,26.0,0.404572,41.0,0.000662,252.0,0.404572,0.24772,,0.541596,33.0,0.397139,64.0,0.061265,282.0,0.397139,0.20122,,0.594704,29.0,0.4045945,44.0,0.0007015,291.0,0.4045945,0.24768
3,Aleandra & Marlene,TARLA2,3,3,3,3,3,3,3,3,3.0,3,3,3,3,,,,,,,,,,,,3.0,291.0,0.0,0.0,0.0,274.0,0.0,0.0,287.0,13.0,1.0,1.0,225.0,5.23077,0.27198,,2e-06,252.0,0.002626,252.0,0.997372,1.0,0.997372,0.46955,,0.034346,291.0,0.084716,291.0,0.880938,1.0,0.880938,0.38776,,2e-06,291.0,0.0027005,291.0,0.9972975,1.0,0.9972975,0.46949
1,Nicolás & Cristóbal,TARLA3,2,2,2,2,2,2,2,1,1.0,1,1,2,1,,,,,,,,,,,,1.61538,41.0,0.4865,5.0,0.38462,114.0,8.0,0.61538,10.0,0.0,0.0,279.0,226.0,2.15385,0.82485,,0.491125,52.0,0.406971,37.0,0.101904,225.0,0.491125,0.16721,,0.415213,88.0,0.447005,25.0,0.137782,245.0,0.415213,0.13888,,0.490823,59.0,0.406877,40.0,0.1023,260.0,0.490823,0.16692
2,Felipe & Alejandro,TARLA3,1,1,1,1,1,1,3,3,3.0,2,2,3,2,,,,,,,,,,,,1.84615,109.0,0.86346,6.0,0.46154,69.0,3.0,0.23077,213.0,4.0,0.30769,140.0,227.0,2.23077,0.67692,,0.401385,92.0,0.345934,99.0,0.252681,143.0,0.345934,0.06136,,0.429598,80.0,0.406227,49.0,0.164175,232.0,0.406227,0.11999,,0.401647,105.0,0.345305,119.0,0.253048,163.0,0.345305,0.06125
3,Maxi & Demi,TARLA3,3,3,3,3,3,3,1,2,2.0,3,3,1,3,,,,,,,,,,,,2.53846,262.0,0.7458,2.0,0.15385,242.0,2.0,0.15385,255.0,9.0,0.69231,17.0,228.0,4.23077,0.49338,,0.10749,220.0,0.247095,217.0,0.645415,24.0,0.645415,0.22792,,0.155189,252.0,0.146768,287.0,0.698043,10.0,0.698043,0.25791,,0.10753,255.0,0.247818,252.0,0.644652,27.0,0.644652,0.22746
1,Daniel & César,TARLA4,2,3,3,3,3,3,2,3,2.0,2,1,3,1,,,,,,,,,,,,2.38462,243.0,0.73782,2.0,0.15385,242.0,4.0,0.30769,159.0,7.0,0.53846,48.0,229.0,4.46154,0.45403,,0.093177,225.0,0.270043,201.0,0.63678,30.0,0.093177,0.22639,,0.148835,256.0,0.171702,282.0,0.679463,12.0,0.148835,0.24493,,0.0936,261.0,0.27162,233.0,0.63478,33.0,0.0936,0.2252
2,Fer & Ferds,TARLA4,1,1,2,2,2,1,1,1,3.0,3,2,1,2,,,,,,,,,,,,1.69231,63.0,0.7216,6.0,0.46154,69.0,5.0,0.38462,98.0,2.0,0.15385,238.0,230.0,2.76923,0.687,,0.508285,47.0,0.344746,101.0,0.146969,200.0,0.344746,0.14773,,0.413181,90.0,0.450109,21.0,0.13671,246.0,0.450109,0.13985,,0.50794,55.0,0.344626,120.0,0.147434,232.0,0.344626,0.14739
3,Edu & Rick,TARLA4,3,2,1,1,1,2,3,2,1.0,1,3,2,3,,,,,,,,,,,,1.92308,132.0,0.82849,5.0,0.38462,114.0,4.0,0.30769,159.0,4.0,0.30769,140.0,231.0,2.84615,0.62811,,0.398538,93.0,0.385211,58.0,0.216251,165.0,0.216251,0.08297,,0.437984,74.0,0.378189,79.0,0.183827,216.0,0.183827,0.1085,,0.39846,106.0,0.383754,65.0,0.217786,190.0,0.217786,0.08192
1,Ezequiel & Tobías,TARLA5,2,3,3,3,1,1,3,3,1.0,1,2,1,1,,,,,,,,,,,,1.92308,132.0,0.91664,6.0,0.46154,69.0,2.0,0.15385,255.0,5.0,0.38462,106.0,232.0,3.53846,0.63226,,0.348278,113.0,0.300161,173.0,0.351561,105.0,0.348278,0.02349,,0.326061,141.0,0.24332,260.0,0.430619,86.0,0.326061,0.07664,,0.348483,131.0,0.299175,201.0,0.352342,122.0,0.348483,0.0242
2,Darío & Esther,TARLA5,3,1,2,1,2,2,1,1,3.0,3,3,3,2,,,,,,,,,,,,2.07692,166.0,0.82849,4.0,0.30769,151.0,4.0,0.30769,159.0,5.0,0.38462,106.0,233.0,3.07692,0.53974,,0.299568,137.0,0.31294,155.0,0.387492,92.0,0.31294,0.03868,,0.366718,116.0,0.394874,65.0,0.238408,191.0,0.394874,0.0681,,0.29909,158.0,0.314006,180.0,0.386904,108.0,0.314006,0.03837
3,Karina & Braian,TARLA5,1,2,1,2,3,3,2,2,2.0,2,1,2,3,,,,,,,,,,,,2.0,141.0,0.67937,3.0,0.23077,196.0,7.0,0.53846,23.0,3.0,0.23077,187.0,234.0,3.46154,0.53397,,0.352154,112.0,0.386899,55.0,0.260947,140.0,0.260947,0.05311,,0.307221,151.0,0.361806,106.0,0.330973,139.0,0.330973,0.02235,,0.352427,129.0,0.386819,60.0,0.260754,162.0,0.260754,0.05321
1,Giovanni & Juan Carlos,TARLA6,2,1,2,2,3,3,2,2,2.0,1,1,2,1,,,,,,,,,,,,1.84615,109.0,0.66172,4.0,0.30769,151.0,7.0,0.53846,23.0,2.0,0.15385,238.0,235.0,3.07692,0.6511,,0.316292,126.0,0.45655,20.0,0.227158,161.0,0.316292,0.09442,,0.327179,139.0,0.416347,43.0,0.256474,178.0,0.327179,0.06541,,0.315943,146.0,0.456436,22.0,0.227621,184.0,0.315943,0.09422
2,Javier & Nicolas,TARLA6,1,2,1,3,2,1,1,1,1.0,3,2,1,2,,,,,,,,,,,,1.61538,41.0,0.73782,7.0,0.53846,43.0,4.0,0.30769,159.0,2.0,0.15385,238.0,236.0,2.69231,0.70647,,0.568996,30.0,0.296197,176.0,0.134807,205.0,0.296197,0.17919,,0.475315,54.0,0.322727,154.0,0.201958,210.0,0.322727,0.11185,,0.569935,34.0,0.295768,204.0,0.134297,236.0,0.295768,0.17982
3,Juan & Cecilia,TARLA6,3,3,3,1,1,2,3,3,3.0,2,3,3,3,,,,,,,,,,,,2.53846,262.0,0.7458,2.0,0.15385,242.0,2.0,0.15385,255.0,9.0,0.69231,17.0,237.0,4.23077,0.36175,,0.114712,216.0,0.247253,216.0,0.638035,28.0,0.638035,0.22215,,0.197506,231.0,0.260926,243.0,0.541568,43.0,0.541568,0.1495,,0.114122,252.0,0.247796,253.0,0.638082,30.0,0.638082,0.22229
1,Morten & Truls,TARNO1,2,1,2,2,1,3,2,1,1.0,3,1,2,1,,,,,,,,,,,,1.69231,63.0,0.7216,6.0,0.46154,69.0,5.0,0.38462,98.0,2.0,0.15385,238.0,238.0,2.15385,0.7935,,0.449872,74.0,0.382265,59.0,0.167863,190.0,0.449872,0.12022,,0.441084,69.0,0.385736,71.0,0.17318,225.0,0.441084,0.11548,,0.448881,86.0,0.382875,66.0,0.168244,221.0,0.448881,0.11981
2,Karim & Khabat,TARNO1,1,3,3,1,2,1,1,2,2.0,1,3,1,2,,,,,,,,,,,,1.76923,87.0,0.79941,6.0,0.46154,69.0,4.0,0.30769,159.0,3.0,0.23077,187.0,239.0,2.46154,0.74563,,0.45615,67.0,0.348805,97.0,0.195045,173.0,0.348805,0.10716,,0.403825,98.0,0.322263,156.0,0.273912,169.0,0.322263,0.05361,,0.456888,77.0,0.349011,114.0,0.194101,202.0,0.349011,0.10785
3,Cathrine & Michelle,TARNO1,3,2,1,3,3,2,3,3,3.0,2,2,3,3,,,,,,,,,,,,2.53846,262.0,0.63432,1.0,0.07692,270.0,4.0,0.30769,159.0,8.0,0.61538,30.0,240.0,3.69231,0.47405,,0.093978,224.0,0.26893,202.0,0.637092,29.0,0.637092,0.22635,,0.155091,253.0,0.292001,208.0,0.552908,39.0,0.552908,0.16502,,0.094231,260.0,0.268114,236.0,0.637655,31.0,0.637655,0.22659
1,Omar & Bilal,TARNO2,1,3,1,1,1,1,1,1,2.0,1,2,1,,,,,,,,,,,,,1.33333,2.0,0.62361,9.0,0.75,2.0,2.0,0.16667,239.0,1.0,0.08333,259.0,241.0,2.0,0.84458,,0.712779,8.0,0.255741,212.0,0.03148,244.0,0.712779,0.2835,,0.597291,19.0,0.269517,235.0,0.133192,248.0,0.597291,0.19477,,0.712325,8.0,0.256364,247.0,0.031311,284.0,0.712325,0.2833
2,Sveinung & Solfrid,TARNO2,2,1,2,2,3,3,2,2,1.0,2,1,2,,,,,,,,,,,,,1.91667,122.0,0.6401,3.0,0.25,176.0,7.0,0.58333,16.0,2.0,0.16667,213.0,242.0,2.83333,0.66323,,0.272619,146.0,0.578511,6.0,0.14887,198.0,0.578511,0.18058,,0.310512,150.0,0.451705,19.0,0.237783,192.0,0.451705,0.08881,,0.273038,170.0,0.579047,5.0,0.147915,230.0,0.579047,0.1811
3,Cecilie & Camilla,TARNO2,3,2,3,3,2,2,3,3,3.0,3,3,3,,,,,,,,,,,,,2.75,286.0,0.43301,0.0,0.0,274.0,3.0,0.25,188.0,9.0,0.75,6.0,243.0,3.91667,0.39067,,0.014602,248.0,0.165748,245.0,0.81965,5.0,0.81965,0.34937,,0.092197,278.0,0.278778,225.0,0.629025,25.0,0.629025,0.22253,,0.014637,286.0,0.164589,284.0,0.820774,7.0,0.820774,0.35007
1,Baggio & Thành Phúc,TARVN1,1,1,1,1,1,3,2,2,1.0,2,2,1,1,,,,,,,,,,,,1.46154,16.0,0.63432,8.0,0.61538,20.0,4.0,0.30769,159.0,1.0,0.07692,274.0,244.0,2.76923,0.69359,,0.630046,21.0,0.281227,191.0,0.088727,229.0,0.630046,0.22404,,0.505794,38.0,0.335386,135.0,0.15882,234.0,0.505794,0.14166,,0.62906,21.0,0.282434,221.0,0.088506,265.0,0.62906,0.2236
2,Minh Hoàng & Phương Thảo,TARVN1,2,3,3,3,3,2,3,1,3.0,3,1,3,2,,,,,,,,,,,,2.46154,255.0,0.7458,2.0,0.15385,242.0,3.0,0.23077,213.0,8.0,0.61538,30.0,245.0,4.30769,0.44918,,0.105481,221.0,0.262709,207.0,0.63181,33.0,0.262709,0.2206,,0.196839,232.0,0.319049,164.0,0.484112,55.0,0.319049,0.11771,,0.105928,256.0,0.262239,241.0,0.631833,35.0,0.262239,0.22051
3,Thành Chung & Thanh Bằng,TARVN1,3,2,2,2,2,1,1,3,2.0,1,3,2,3,,,,,,,,,,,,2.07692,166.0,0.72976,3.0,0.23077,196.0,6.0,0.46154,56.0,4.0,0.30769,140.0,246.0,3.84615,0.48516,,0.264473,153.0,0.456064,21.0,0.279463,131.0,0.279463,0.087,,0.297367,161.0,0.345565,120.0,0.357068,117.0,0.357068,0.02586,,0.265012,174.0,0.455327,23.0,0.279661,151.0,0.279661,0.08647
1,Diệp Lâm Anh & Thu Hiền,TARVN2,2,2,1,3,2,2,1,1,1.0,2,2,1,,,,,,,,,,,,,1.66667,46.0,0.62361,5.0,0.41667,89.0,6.0,0.5,33.0,1.0,0.08333,259.0,247.0,2.5,0.73403,,0.451166,72.0,0.416055,29.0,0.132779,208.0,0.451166,0.14254,,0.370683,112.0,0.384997,73.0,0.24432,186.0,0.370683,0.06321,,0.450917,82.0,0.416052,33.0,0.133031,238.0,0.450917,0.14235
2,Linh Chi & Phúc Vinh,TARVN2,1,1,2,1,3,1,3,2,3.0,1,1,2,,,,,,,,,,,,,1.75,82.0,0.82916,6.0,0.5,47.0,3.0,0.25,188.0,3.0,0.25,169.0,248.0,2.16667,0.70685,,0.467603,62.0,0.339931,109.0,0.192466,177.0,0.339931,0.11242,,0.505597,39.0,0.371227,89.0,0.123176,258.0,0.371227,0.15841,,0.467361,72.0,0.341364,124.0,0.191275,207.0,0.341364,0.11285
3,Đức Hưng & Thùy Dung,TARVN2,3,3,3,2,1,3,2,3,2.0,3,3,3,,,,,,,,,,,,,2.58333,270.0,0.6401,1.0,0.08333,260.0,3.0,0.25,188.0,8.0,0.66667,22.0,249.0,3.91667,0.37877,,0.081231,229.0,0.244014,219.0,0.674755,20.0,0.674755,0.2504,,0.12372,266.0,0.243776,259.0,0.632504,24.0,0.632504,0.21715,,0.081722,264.0,0.242584,256.0,0.675694,23.0,0.675694,0.25083
1,Hương Giang & Criss,TARVN3,1,3,1,1,1,1,3,1,2.0,1,1,,,,,,,,,,,,,,1.45455,12.0,0.78203,8.0,0.72727,7.0,1.0,0.09091,269.0,2.0,0.18182,206.0,250.0,2.36364,0.74924,,0.606778,23.0,0.306477,164.0,0.086745,230.0,0.606778,0.21315,,0.627864,15.0,0.259853,245.0,0.112283,261.0,0.627864,0.2168,,0.606068,23.0,0.307082,189.0,0.08685,266.0,0.606068,0.21278
2,Trang Trần & Hiếu Nguyễn,TARVN3,2,1,2,2,2,2,1,2,1.0,3,2,,,,,,,,,,,,,,1.81818,92.0,0.57496,3.0,0.27273,171.0,7.0,0.63636,8.0,1.0,0.09091,255.0,251.0,3.18182,0.56937,,0.369287,106.0,0.527281,11.0,0.103432,223.0,0.527281,0.17489,,0.304209,154.0,0.562761,2.0,0.13303,249.0,0.562761,0.17664,,0.370056,123.0,0.52606,11.0,0.103884,258.0,0.52606,0.1743
3,Trang Khiếu & An Đinh,TARVN3,3,2,3,3,3,3,2,3,3.0,2,3,,,,,,,,,,,,,,2.72727,285.0,0.44536,0.0,0.0,274.0,3.0,0.27273,181.0,8.0,0.72727,13.0,252.0,4.81818,0.24935,,0.023935,245.0,0.166242,244.0,0.809823,7.0,0.809823,0.3419,,0.067927,287.0,0.177386,281.0,0.754687,7.0,0.754687,0.30127,,0.023876,283.0,0.166858,281.0,0.809266,9.0,0.809266,0.34156
1,Ngọc Anh & Nhật Anh,TARVN4,1,1,1,1,3,1,3,1,1.0,2,1,,,,,,,,,,,,,,1.45455,12.0,0.78203,8.0,0.72727,7.0,1.0,0.09091,269.0,2.0,0.18182,206.0,253.0,2.0,0.80519,,0.640682,18.0,0.235024,223.0,0.124294,211.0,0.640682,0.22198,,0.649121,9.0,0.26304,241.0,0.087839,270.0,0.649121,0.23447,,0.640608,18.0,0.234547,262.0,0.124845,243.0,0.640608,0.22184
2,Lincoln & Chí Thành,TARVN4,2,2,2,2,2,3,2,2,2.0,1,2,,,,,,,,,,,,,,2.0,141.0,0.4264,1.0,0.09091,253.0,9.0,0.81818,3.0,1.0,0.09091,255.0,254.0,3.27273,0.58983,,0.234416,167.0,0.530597,10.0,0.234987,158.0,0.530597,0.13949,,0.253566,197.0,0.50503,9.0,0.241404,188.0,0.50503,0.12151,,0.234547,194.0,0.530906,10.0,0.234547,181.0,0.530906,0.1397
3,Băng Di & Trang Pháp,TARVN4,3,3,3,3,1,2,1,3,3.0,3,3,,,,,,,,,,,,,,2.54545,266.0,0.78203,2.0,0.18182,221.0,1.0,0.09091,269.0,8.0,0.72727,13.0,255.0,4.72727,0.30195,,0.124902,213.0,0.234379,224.0,0.640719,27.0,0.640719,0.2219,,0.097313,275.0,0.23193,269.0,0.670757,14.0,0.670757,0.24484,,0.124845,248.0,0.234547,262.0,0.640608,29.0,0.640608,0.22184
1,Lincoln & Tiến Đạt,TARVN5,1,1,1,1,2,2,1,2,2.0,1,1,,,,,,,,,,,,,,1.36364,6.0,0.48105,7.0,0.63636,18.0,4.0,0.36364,115.0,0.0,0.0,279.0,256.0,1.63636,0.8763,,0.717425,7.0,0.239882,222.0,0.042693,241.0,0.717425,0.28327,,0.704729,3.0,0.263941,240.0,0.03133,290.0,0.704729,0.27926,,0.717354,7.0,0.239964,258.0,0.042682,281.0,0.717354,0.28324
2,Hương Giang & Criss,TARVN5,2,3,3,3,1,3,3,1,1.0,2,2,,,,,,,,,,,,,,2.18182,204.0,0.8332,3.0,0.27273,171.0,3.0,0.27273,181.0,5.0,0.45455,73.0,257.0,3.45455,0.61591,,0.196324,184.0,0.392037,49.0,0.411639,82.0,0.392037,0.09721,,0.201121,229.0,0.293692,205.0,0.505187,48.0,0.293692,0.12726,,0.196605,215.0,0.39123,53.0,0.412165,95.0,0.39123,0.09706
3,Phúc Vinh & Thùy Dung,TARVN5,3,2,2,2,3,1,2,3,3.0,3,3,,,,,,,,,,,,,,2.45455,254.0,0.65555,1.0,0.09091,253.0,4.0,0.36364,115.0,6.0,0.54545,45.0,258.0,3.45455,0.51649,,0.086251,227.0,0.368081,75.0,0.545668,43.0,0.545668,0.18916,,0.09415,276.0,0.442367,27.0,0.463483,66.0,0.463483,0.16935,,0.086041,263.0,0.368806,87.0,0.545153,49.0,0.545153,0.1891
1,Lệ Hằng & H'Hen Niê,TARVN6,2,3,3,3,1,2,3,1,2.0,1,,,,,,,,,,,,,,,2.1,185.0,0.83066,3.0,0.3,165.0,3.0,0.3,172.0,4.0,0.4,96.0,259.0,3.2,0.68579,,0.194158,186.0,0.330899,123.0,0.474943,56.0,0.194158,0.11464,,0.161242,244.0,0.291132,212.0,0.547626,40.0,0.161242,0.16054,,0.194157,219.0,0.331145,144.0,0.474698,63.0,0.194157,0.11454
2,ST Sơn Thạch & Bình An,TARVN6,1,1,1,1,2,2,2,3,1.0,2,,,,,,,,,,,,,,,1.6,37.0,0.66332,5.0,0.5,47.0,4.0,0.4,87.0,1.0,0.1,250.0,260.0,1.7,0.85143,,0.579087,29.0,0.289932,187.0,0.130981,209.0,0.289932,0.18549,,0.653148,8.0,0.289942,214.0,0.05691,284.0,0.289942,0.24534,,0.57963,33.0,0.289635,216.0,0.130735,240.0,0.289635,0.18585
3,Lê Xuân Tiền & Đỗ Mỹ Linh,TARVN6,3,2,2,2,3,1,1,2,3.0,3,,,,,,,,,,,,,,,2.2,208.0,0.74833,2.0,0.2,208.0,4.0,0.4,87.0,4.0,0.4,96.0,261.0,3.0,0.65317,,0.226755,172.0,0.379169,61.0,0.394076,87.0,0.394076,0.07561,,0.18561,235.0,0.418926,38.0,0.395464,104.0,0.395464,0.10489,,0.226213,198.0,0.37922,70.0,0.394567,103.0,0.394567,0.076
1,Anthony & Sonja,TARFR1,1,3,3,1,1,1,2,3,2.0,1,,,,,,,,,,,,,,,1.8,89.0,0.87178,5.0,0.5,47.0,2.0,0.2,224.0,3.0,0.3,149.0,262.0,2.9,0.60536,,0.402167,91.0,0.307431,161.0,0.290402,128.0,0.402167,0.04917,,0.405696,97.0,0.298453,193.0,0.295851,161.0,0.405696,0.05118,,0.401936,104.0,0.307662,187.0,0.290402,147.0,0.401936,0.04902
2,Hadj & Yacim,TARFR1,2,2,2,3,2,3,1,2,1.0,2,,,,,,,,,,,,,,,2.0,141.0,0.63246,2.0,0.2,208.0,6.0,0.6,12.0,2.0,0.2,199.0,263.0,3.4,0.5031,,0.307252,133.0,0.38544,57.0,0.307308,118.0,0.38544,0.03684,,0.293238,168.0,0.303695,186.0,0.403067,102.0,0.303695,0.04949,,0.307845,154.0,0.385388,63.0,0.306767,137.0,0.385388,0.03681
3,Alice & Stéphanie,TARFR1,3,1,1,2,3,2,3,1,3.0,3,,,,,,,,,,,,,,,2.2,208.0,0.87178,3.0,0.3,165.0,2.0,0.2,224.0,5.0,0.5,55.0,264.0,3.3,0.48071,,0.290581,143.0,0.307129,162.0,0.40229,85.0,0.40229,0.04923,,0.301066,159.0,0.397852,63.0,0.301082,158.0,0.301082,0.04562,,0.290219,166.0,0.30695,190.0,0.402831,101.0,0.402831,0.04961
1,LJ & CJ,TARPH1,2,2,2,2,3,3,3,3,3.0,2,2,3,1,,,,,,,,,,,,2.38462,243.0,0.62493,1.0,0.07692,270.0,6.0,0.46154,56.0,6.0,0.46154,67.0,265.0,3.61538,0.57845,,0.055954,237.0,0.31311,154.0,0.630936,34.0,0.055954,0.23517,,0.110663,271.0,0.432238,30.0,0.457099,71.0,0.110663,0.15778,,0.056307,273.0,0.313863,181.0,0.62983,36.0,0.056307,0.23454
2,Fausto & Dayal,TARPH1,3,3,3,3,1,1,1,2,1.0,1,3,2,2,,,,,,,,,,,,2.0,141.0,0.87706,5.0,0.38462,114.0,3.0,0.23077,213.0,5.0,0.38462,106.0,266.0,3.76923,0.59063,,0.311269,130.0,0.39089,50.0,0.297841,124.0,0.39089,0.04107,,0.230781,210.0,0.27399,230.0,0.495229,52.0,0.27399,0.11583,,0.310087,151.0,0.390392,56.0,0.299521,142.0,0.390392,0.04058
3,Marc & Kat,TARPH1,1,1,1,1,2,2,2,1,2.0,3,1,1,3,,,,,,,,,,,,1.61538,41.0,0.73782,7.0,0.53846,43.0,4.0,0.30769,159.0,2.0,0.15385,238.0,267.0,1.84615,0.80147,,0.632777,20.0,0.296,177.0,0.071223,235.0,0.071223,0.23077,,0.658556,7.0,0.293772,204.0,0.047672,285.0,0.047672,0.25096,,0.633606,20.0,0.295745,205.0,0.070649,272.0,0.070649,0.23136
1,Matt & Phoebe,TARPH2,1,1,1,1,2,2,2,1,2.0,1,,,,,,,,,,,,,,,1.4,9.0,0.4899,6.0,0.6,22.0,4.0,0.4,87.0,0.0,0.0,279.0,268.0,2.1,0.81,,0.679247,12.0,0.264042,206.0,0.056711,238.0,0.679247,0.25883,,0.635219,12.0,0.291645,209.0,0.073136,278.0,0.635219,0.23136,,0.678787,12.0,0.264207,240.0,0.057006,278.0,0.678787,0.2585
2,JP & Kelvin,TARPH2,2,3,3,3,3,1,3,3,1.0,2,,,,,,,,,,,,,,,2.4,246.0,0.8,2.0,0.2,208.0,2.0,0.2,224.0,6.0,0.6,33.0,269.0,4.6,0.45262,,0.121406,215.0,0.291058,183.0,0.587536,41.0,0.291058,0.19263,,0.107427,272.0,0.231891,270.0,0.660682,16.0,0.231891,0.23698,,0.120923,250.0,0.29086,212.0,0.588217,46.0,0.29086,0.19312
3,Eji & Roch,TARPH2,3,2,2,2,1,3,1,2,3.0,3,,,,,,,,,,,,,,,2.2,208.0,0.74833,2.0,0.2,208.0,4.0,0.4,87.0,4.0,0.4,96.0,270.0,3.4,0.56131,,0.199347,183.0,0.4449,23.0,0.355753,103.0,0.355753,0.10149,,0.257354,193.0,0.476464,12.0,0.266182,173.0,0.266182,0.10127,,0.20029,213.0,0.444933,25.0,0.354777,121.0,0.354777,0.10102
1,Valeria & Bohdana,TARUA1,1,1,1,3,2,3,1,1,1.0,1,1,1,,,,,,,,,,,,,1.41667,10.0,0.7592,9.0,0.75,2.0,1.0,0.08333,276.0,2.0,0.16667,213.0,271.0,2.08333,0.83568,,0.651961,16.0,0.268394,203.0,0.079645,232.0,0.651961,0.23812,,0.544936,32.0,0.35276,113.0,0.102304,264.0,0.544936,0.18123,,0.651302,16.0,0.268752,235.0,0.079946,268.0,0.651302,0.23768
2,Alexey & Olena,TARUA1,3,3,3,2,3,2,2,3,2.0,3,3,2,,,,,,,,,,,,,2.58333,270.0,0.49301,0.0,0.0,274.0,5.0,0.41667,73.0,7.0,0.58333,35.0,272.0,4.25,0.39458,,0.035343,242.0,0.216022,235.0,0.748635,10.0,0.216022,0.30278,,0.15151,254.0,0.235231,267.0,0.613259,31.0,0.235231,0.20087,,0.035365,278.0,0.215826,272.0,0.748808,11.0,0.215826,0.30288
3,Constantine & Jacob,TARUA1,2,2,2,1,1,1,3,2,3.0,2,2,3,,,,,,,,,,,,,2.0,141.0,0.70711,3.0,0.25,176.0,6.0,0.5,33.0,3.0,0.25,169.0,273.0,3.08333,0.5831,,0.312696,129.0,0.515584,14.0,0.17172,186.0,0.17172,0.14114,,0.303554,156.0,0.412009,46.0,0.284437,164.0,0.284437,0.05618,,0.313333,148.0,0.515422,14.0,0.171245,217.0,0.171245,0.14122
1,Zhong Hanliang & Jackie,TARCN1,2,2,2*,1*,2*,1*,2*,1*,1.0,2,1,,,,,,,,,,,,,,1.6,37.0,0.4899,2.0,0.4,110.0,3.0,0.6,12.0,0.0,0.0,279.0,274.0,2.18182,0.79459,,0.447414,78.0,0.517625,12.0,0.034961,243.0,0.447414,0.21292,,0.331038,134.0,0.518289,5.0,0.150673,239.0,0.331038,0.15009,,0.389927,111.0,0.567922,7.0,0.042151,282.0,0.389927,0.21834
2,Li Xiaopeng & Li Anqi,TARCN1,1,1,1*,2*,1*,2*,1*,2*,3.0,1,2,,,,,,,,,,,,,,1.6,37.0,0.8,3.0,0.6,22.0,1.0,0.2,224.0,1.0,0.2,199.0,275.0,1.72727,0.82403,,0.544782,38.0,0.399664,43.0,0.055554,239.0,0.399664,0.20516,,0.582734,23.0,0.373288,84.0,0.043978,286.0,0.373288,0.22175,,0.597209,28.0,0.308118,186.0,0.094673,264.0,0.308118,0.20593
3,Bai Jugang & Guan Xiaotong,TARCN1,3,3,,,,,,,2.0,3,3,,,,,,,,,,,,,,2.8,288.0,0.4,0.0,0.0,274.0,1.0,0.2,224.0,4.0,0.8,3.0,276.0,4.8,0.21667,,0.007804,249.0,0.082711,251.0,0.909485,2.0,0.909485,0.40855,,0.086228,281.0,0.108423,290.0,0.805349,3.0,0.805349,0.33389,,0.012864,287.0,0.12396,287.0,0.863176,5.0,0.863176,0.37739
1,Han Geng & Wu Xin,TARCN2,2,2,2,1,1,1,1,1,3.0,1,,,,,,,,,,,,,,,1.5,19.0,0.67082,6.0,0.6,22.0,3.0,0.3,172.0,1.0,0.1,250.0,277.0,2.0,0.73667,,0.540546,40.0,0.352004,92.0,0.10745,220.0,0.540546,0.1773,,0.467055,61.0,0.363654,104.0,0.169291,229.0,0.467055,0.12344,,0.541089,45.0,0.351369,108.0,0.107542,255.0,0.541089,0.17745
2,Yang Qianhua & Ding Zigao,TARCN2,1,1,1,2,2,3,3,1,2.0,2,,,,,,,,,,,,,,,1.8,89.0,0.74833,4.0,0.4,110.0,4.0,0.4,87.0,2.0,0.2,199.0,278.0,2.2,0.61333,,0.385616,99.0,0.416539,28.0,0.197845,171.0,0.416539,0.09663,,0.41007,93.0,0.40547,50.0,0.18446,215.0,0.40547,0.10529,,0.385172,117.0,0.416779,32.0,0.19805,198.0,0.416779,0.09653
3,Xiao Yang & Wang Taili,TARCN2,3,3,3,3,3,2,2,3,1.0,3,,,,,,,,,,,,,,,2.6,277.0,0.66332,1.0,0.1,250.0,2.0,0.2,224.0,7.0,0.7,16.0,279.0,3.3,0.35667,,0.073838,234.0,0.231457,226.0,0.694705,18.0,0.694705,0.26351,,0.122875,267.0,0.230876,271.0,0.646249,21.0,0.646249,0.22562,,0.07374,270.0,0.231853,264.0,0.694408,21.0,0.694408,0.26335
1,Guo Jingjing & Huo Qigang,TARCN3,2,3,3,2,2,2,3,1,2.0,1,,,,,,,,,,,,,,,2.1,185.0,0.7,2.0,0.2,208.0,5.0,0.5,33.0,3.0,0.3,149.0,280.0,3.3,0.59214,,0.193889,188.0,0.379093,62.0,0.427018,77.0,0.193889,0.10052,,0.218739,221.0,0.370484,91.0,0.410777,96.0,0.218739,0.08268,,0.194244,217.0,0.378799,71.0,0.426957,88.0,0.194244,0.1003
2,Jin Dachuan & Liu Chang,TARCN3,1,1,1,1,1,3,1,3,3.0,2,,,,,,,,,,,,,,,1.7,71.0,0.9,6.0,0.6,22.0,1.0,0.1,265.0,3.0,0.3,149.0,281.0,2.4,0.63905,,0.54136,39.0,0.248938,215.0,0.209702,168.0,0.248938,0.14797,,0.541478,34.0,0.329296,143.0,0.129226,256.0,0.329296,0.16833,,0.541483,44.0,0.249305,251.0,0.209212,195.0,0.249305,0.14809
3,Liu Xiang & Xu Qifeng,TARCN3,3,2,2,3,3,1,2,2,1.0,3,,,,,,,,,,,,,,,2.2,208.0,0.74833,2.0,0.2,208.0,4.0,0.4,87.0,4.0,0.4,96.0,282.0,3.6,0.47143,,0.264751,151.0,0.371969,68.0,0.36328,99.0,0.36328,0.04862,,0.239783,206.0,0.30022,192.0,0.459997,70.0,0.459997,0.0929,,0.264273,175.0,0.371896,79.0,0.363831,116.0,0.363831,0.04894
1,Jia Jingwen & Xiu Jiekai,TARCN4,3,3,1,1,1,3,1,2,1.0,1,,,,,,,,,,,,,,,1.7,71.0,0.9,6.0,0.6,22.0,1.0,0.1,265.0,3.0,0.3,149.0,283.0,2.4,0.72857,,0.470993,60.0,0.280767,193.0,0.24824,149.0,0.470993,0.09824,,0.426194,84.0,0.242006,262.0,0.3318,138.0,0.426194,0.0752,,0.471496,70.0,0.28053,223.0,0.247975,171.0,0.471496,0.0986
2,Zheng Yuanchang & Wang Likun,TARCN4,2,1,2,3,3,1,2,3,2.0,2,,,,,,,,,,,,,,,2.1,185.0,0.7,2.0,0.2,208.0,5.0,0.5,33.0,3.0,0.3,149.0,284.0,2.7,0.59738,,0.264459,154.0,0.360672,83.0,0.374869,96.0,0.360672,0.04905,,0.324547,143.0,0.34068,127.0,0.334773,134.0,0.34068,0.00666,,0.264252,176.0,0.359735,95.0,0.376013,111.0,0.359735,0.0493
3,Wu Minxia & Zhang Xiaocheng,TARCN4,1,2,3,2,2,2,3,1,3.0,3,,,,,,,,,,,,,,,2.2,208.0,0.74833,2.0,0.2,208.0,4.0,0.4,87.0,4.0,0.4,96.0,285.0,2.9,0.55167,,0.264548,152.0,0.358561,85.0,0.376891,95.0,0.376891,0.04921,,0.249259,200.0,0.417314,41.0,0.333427,137.0,0.333427,0.06861,,0.264252,176.0,0.359735,95.0,0.376013,111.0,0.376013,0.0493
1,Kaisa & Mari,TARFN1,2,1,2,2,1,3,2,3,3.0,3,2,1,,,,,,,,,,,,,2.08333,171.0,0.7592,3.0,0.25,176.0,5.0,0.41667,73.0,4.0,0.33333,118.0,286.0,2.83333,0.65866,,,,,,,,,,,0.306245,152.0,0.458599,17.0,0.235156,193.0,0.306245,0.09321,,0.222823,203.0,0.369866,82.0,0.407311,97.0,0.222823,0.07962
2,Tuukka & Sami,TARFN1,1,2,1,3,3,2,3,2,2.0,2,3,2,,,,,,,,,,,,,2.16667,197.0,0.68718,2.0,0.16667,226.0,6.0,0.5,33.0,4.0,0.33333,118.0,287.0,3.08333,0.60069,,,,,,,,,,,0.292155,169.0,0.370382,92.0,0.337463,130.0,0.370382,0.03207,,0.222823,203.0,0.369866,82.0,0.407311,97.0,0.369866,0.07962
3,Janne & Robin,TARFN1,3,3,3,1,2,1,1,1,1.0,1,1,3,,,,,,,,,,,,,1.75,82.0,0.92421,7.0,0.58333,29.0,1.0,0.08333,276.0,4.0,0.33333,118.0,288.0,3.16667,0.68437,,,,,,,,,,,0.4016,99.0,0.171019,284.0,0.427381,88.0,0.427381,0.11526,,0.554355,41.0,0.260267,244.0,0.185378,210.0,0.185378,0.15925
1,Metti & Hanna,TARFN2,2,1,1,3,1,1,3,3,3.0,2,2,1,,,,,,,,,,,,,1.91667,122.0,0.86201,5.0,0.41667,89.0,3.0,0.25,188.0,4.0,0.33333,118.0,289.0,1.91667,0.79563,,,,,,,,,,,0.334777,133.0,0.349577,116.0,0.315646,147.0,0.334777,0.01389,,0.332634,141.0,0.330162,148.0,0.337204,127.0,0.332634,0.00292
2,Mimosa & Patrick,TARFN2,1,2,2,2,3,2,2,1,1.0,1,3,2,,,,,,,,,,,,,1.83333,95.0,0.68718,4.0,0.33333,132.0,6.0,0.5,33.0,2.0,0.16667,213.0,290.0,1.83333,0.81009,,,,,,,,,,,0.424226,85.0,0.365288,100.0,0.210486,205.0,0.365288,0.09014,,0.420617,98.0,0.353187,104.0,0.226196,186.0,0.353187,0.0806
3,Elias & Matias,TARFN2,3,3,3,1,2,3,1,2,2.0,3,1,3,,,,,,,,,,,,,2.25,219.0,0.82916,3.0,0.25,176.0,3.0,0.25,188.0,6.0,0.5,55.0,291.0,2.33333,0.70694,,,,,,,,,,,0.240997,205.0,0.285135,221.0,0.473868,62.0,0.473868,0.10099,,0.246749,187.0,0.316651,174.0,0.4366,81.0,0.4366,0.0784
