place,team,season,average,average_rounded_to_five_nearest,all_averages_rank,season_averages_rank,final_rank__averages_rank,median,all_median_rank,season_median_rank,final_rank__median_rank,of_ranks,of_legs,racing_average__theoretical_season_average,racing_average__experimental_season_average,leg_wins,leg_win_rate,podium_finishes,podium_finish_rate,standard_deviation,interquartile_range,second_place_finshes,2nd_place_rate,secondtolast_place_finishes_not_final_3,2ndtolast_rate,nonelimination_legs,nonelimination_rate,of_fast_forwards,uturned,used_uturn,yielded,used_yield,mode,minimum,maximum,range,unnamed_37,roadblock_split,unnamed_39,unnamed_40,unnamed_41,unnamed_42,age,unnamed_44,unnamed_45,unnamed_46,unnamed_47,average_roadblocks,roadblock_split_range,unnamed_50,average_age,age_gap,unnamed_53,gender,unnamed_55,di_average,di_average_round_to_five_nearest,di_all_averages_rank,season_di_averages_rank,final_rank__di_averages_rank,di_median,di_all_median_rank,di_season_median_rank,final_rank__di_median_rank,di_racing_average__di_theoretical_season_average,di_racing_average__di_experimental_season_average,di_standard_deviation,di_interquartile_range,equal_or_above_05,05_rate,less_than_05,maximum_di,minimum_di,range_di
6.8167331,Average,Count: 251,6.179761,6.179852,124.53785,7.123506,-0.3067729,6.1932271,116.9004,6.8605578,-0.0438247,6.7729084,6.6972112,-0.4154,-0.1238096,0.6135458,0.0615426,2.3067729,0.2397199,1.6400553,2.0159363,0.7051793,0.0734697,1.0478088,0.1408032,0.3545817,0.0461446,0.0398406,0.1116,0.0717,0.1036,0.0319,5.2941176,3.8844622,8.625498,4.7410359,,3.0416667,,,,,31.2471655,,,,,3.04,0.9,,31.15,4.27,,,,0.3449004,0.3449678,125.03586,7.1354582,-0.3187251,0.3411464,122.86454,7.0517928,-0.2390438,-0.3110753,-0.1701367,0.2310022,0.3038042,3.0278884,0.3470701,3.7450199,0.6784896,0.0211202,0.6573694
3.3205684,Standard Deviation,Unique: 234,2.467037,2.4669911,71.48483,3.1351823,1.6999865,2.6441535,73.98031,3.1724157,1.7383854,4.0020193,3.9423071,0.5425465,0.4235423,1.2647755,0.1146902,2.8893116,0.2475709,0.9246791,1.3569744,1.0789239,0.1071719,1.1966525,0.1593798,0.6035824,0.0900478,0.1955847,0.3507,0.2872,0.3855,0.1757,2.7873123,3.2527337,1.9928126,2.6988025,,2.069298,,,,,9.0671542,,,,,1.97,0.94,,8.08,7.07,,,,0.1972285,0.1970974,71.00768,3.1251419,2.1705214,0.2317888,71.15141,3.228562,2.3664802,0.3932258,0.472988,0.1092022,0.1832392,3.0473062,0.2656697,2.1587229,0.3314837,0.0743431,0.3209165
7.0,Median,,5.78,5.77778,126.0,7.0,0.0,6.0,117.0,7.0,0.0,6.0,6.0,-0.3275,-0.0798,0.0,0.0,1.0,0.2,1.73494,2.0,0.0,0.0,1.0,0.1,0.0,0.0,0.0,0.0,0.0,0.0,0.0,5.0,2.0,9.0,5.0,,3.0,,,,,29.0,,,,,3.0,1.0,,29.0,2.0,,,,0.34,0.34495,126.0,7.0,0.0,0.33333,113.0,7.0,0.0,-0.313,-0.1585,0.25,0.3,2.0,0.3333,3.0,0.8,0.0,0.75
5.0,Nancy & Emily,TARUS1,5.78,5.77778,126.0,6.0,-1.0,5.0,84.0,5.0,0.0,9.0,9.0,-0.4017,-0.0547,0.0,0.0,2.0,0.2222,2.24983,3.0,0.0,0.0,4.0,0.4444,1.0,0.1111,0.0,0.0,0.0,0.0,0.0,5.0,3.0,10.0,7.0,5.0,2.0,7.0,,,,46.0,21.0,,,,4.5,5.0,,33.5,25.0,,Female,,0.25,0.24757,179.0,9.0,-4.0,0.2,171.0,9.0,-4.0,-0.5049,-0.3812,0.249,0.12222,2.0,0.2222,7.0,0.71429,0.0,0.71429
9.0,Pat & Brenda,TARUS1,5.0,5.0,94.0,5.0,4.0,5.0,84.0,5.0,4.0,3.0,3.0,-0.2126,0.0876,1.0,0.3333,1.0,0.3333,3.26599,4.0,0.0,0.0,0.0,0.0,0.0,0.0,1.0,0.0,0.0,0.0,0.0,,1.0,9.0,8.0,9.0,2.0,0.0,,,,43.0,42.0,,,,1.0,2.0,,42.5,1.0,,Female,,0.53,0.53333,43.0,4.0,5.0,0.6,40.0,4.0,5.0,0.0667,0.3331,0.41096,0.5,2.0,0.6667,1.0,1.0,0.0,1.0
10.0,Kim & Leslie,TARUS1,8.0,8.0,192.0,10.0,0.0,8.0,177.0,10.0,0.0,2.0,2.0,-0.9401,-0.4599,0.0,0.0,0.0,0.0,2.0,2.0,0.0,0.0,0.0,0.0,0.0,0.0,0.0,0.0,0.0,0.0,0.0,,6.0,10.0,4.0,10.0,2.0,0.0,,,,28.0,27.0,,,,1.0,2.0,,27.5,1.0,,Female,,0.25,0.25,177.0,8.0,2.0,0.25,149.0,8.0,2.0,-0.5,-0.3751,0.25,0.25,1.0,0.5,1.0,0.5,0.0,0.5
6.0,Mary & Peach,TARUS2,4.14,4.14286,59.0,6.0,0.0,4.0,47.0,4.0,2.0,7.0,7.0,-0.0131,0.2247,1.0,0.1429,2.0,0.2857,1.95876,2.5,1.0,0.1429,0.0,0.0,0.0,0.0,0.0,0.0,0.0,0.0,0.0,4.0,1.0,7.0,6.0,17.0,3.0,2.0,,,,38.0,33.0,,,,2.5,1.0,,35.5,5.0,,Female,,0.56,0.5648,36.0,3.0,3.0,0.625,32.0,3.0,3.0,0.1097,0.3323,0.30243,0.33571,4.0,0.5714,3.0,1.0,0.0,1.0
9.0,Peggy & Claire,TARUS2,9.0,9.0,206.0,10.0,-1.0,9.0,202.0,10.0,-1.0,3.0,3.0,-1.2024,-0.6854,0.0,0.0,0.0,0.0,0.8165,1.0,0.0,0.0,1.0,0.3333,0.0,0.0,0.0,0.0,0.0,0.0,0.0,,8.0,10.0,2.0,20.0,0.0,1.0,,,,63.0,65.0,,,,0.5,1.0,,64.0,2.0,,Female,,0.11,0.10741,212.0,10.0,-1.0,0.1,209.0,10.0,-1.0,-0.789,-0.7466,0.09087,0.11111,0.0,0.0,3.0,0.22222,0.0,0.22222
11.0,Deidre & Hillary,TARUS2,11.0,11.0,235.0,11.0,0.0,11.0,233.0,11.0,0.0,1.0,1.0,-1.6918,-1.0599,0.0,0.0,0.0,0.0,0.0,0.0,0.0,0.0,0.0,0.0,0.0,0.0,0.0,0.0,0.0,0.0,0.0,,11.0,11.0,0.0,22.0,0.0,0.0,,,,23.0,51.0,,,,0.0,0.0,,37.0,28.0,,Female,,0.0,0.0,231.0,11.0,0.0,0.0,228.0,11.0,0.0,-1.0,-1.0,0.0,0.0,0.0,0.0,1.0,0.0,0.0,0.0
9.0,Heather & Eve,TARUS3,5.75,5.75,124.0,7.0,2.0,5.5,112.0,6.0,3.0,4.0,4.0,-0.281,0.0401,0.0,0.0,1.0,0.25,2.16506,2.25,0.0,0.0,0.0,0.0,0.0,0.0,0.0,0.0,0.0,0.0,0.0,,3.0,9.0,6.0,31.0,3.0,0.0,,,,25.0,25.0,,,,1.5,3.0,,25.0,0.0,,Female,,0.48,0.47525,66.0,4.0,5.0,0.55051,52.0,4.0,5.0,-0.0526,0.1834,0.2927,0.20758,3.0,0.75,1.0,0.8,0.0,0.8
12.0,Gina & Sylvia,TARUS3,12.0,12.0,247.0,12.0,0.0,12.0,245.0,12.0,0.0,1.0,1.0,-1.6734,-1.0033,0.0,0.0,0.0,0.0,0.0,0.0,0.0,0.0,0.0,0.0,0.0,0.0,0.0,0.0,0.0,0.0,0.0,,12.0,12.0,0.0,34.0,0.0,0.0,,,,34.0,35.0,,,,0.0,0.0,,34.5,1.0,,Female,,0.0,0.0,231.0,12.0,0.0,0.0,228.0,12.0,0.0,-1.0,-1.0,0.0,0.0,0.0,0.0,1.0,0.0,0.0,0.0
6.0,Tian & Jaree,TARUS4,5.43,5.42857,117.0,8.0,-2.0,5.0,84.0,7.0,-1.0,7.0,7.0,-0.2207,0.0234,1.0,0.1429,1.0,0.1429,2.87139,2.5,0.0,0.0,2.0,0.2857,0.0,0.0,1.0,0.0,0.0,0.0,0.0,4.0,1.0,11.0,10.0,40.0,6.0,0.0,,,,30.0,33.0,,,,3.0,6.0,,31.5,3.0,,Female,,0.42,0.41911,89.0,9.0,-3.0,0.33333,113.0,10.0,-4.0,-0.1694,-0.053,0.34737,0.56645,3.0,0.4286,4.0,1.0,0.0,1.0
7.0,Monica & Sheree,TARUS4,5.33,5.33333,110.0,7.0,0.0,4.5,79.0,6.0,1.0,6.0,6.0,-0.1982,0.0414,0.0,0.0,1.0,0.1667,2.56038,2.5,1.0,0.1667,1.0,0.1667,0.0,0.0,1.0,0.0,0.0,0.0,0.0,4.0,2.0,10.0,8.0,41.0,3.0,2.0,,,,29.0,31.0,,,,2.5,1.0,,30.0,2.0,,Female,,0.46,0.46162,68.0,8.0,-1.0,0.52679,53.0,4.0,3.0,-0.0851,0.0431,0.32269,0.51956,3.0,0.5,3.0,0.88889,0.0,0.88889
4.0,Linda & Karen,TARUS5,4.17,4.16667,62.0,5.0,-1.0,4.0,47.0,4.0,0.0,12.0,12.0,-0.0008,0.1981,0.0,0.0,5.0,0.4167,1.62447,3.0,2.0,0.1667,2.0,0.1667,1.0,0.0833,0.0,0.0,0.0,0.0,0.0,3.0,2.0,7.0,5.0,50.0,5.0,6.0,,,,45.0,41.0,,,,5.5,1.0,,43.0,4.0,,Female,,0.42,0.42173,88.0,7.0,-3.0,0.4375,80.0,7.0,-3.0,-0.1565,-0.0285,0.27075,0.4375,6.0,0.5,6.0,0.8,0.0,0.8
5.0,Kami & Karli,TARUS5,5.8,5.8,127.0,9.0,-4.0,5.0,84.0,7.0,-2.0,10.0,10.0,-0.392,-0.1154,0.0,0.0,1.0,0.1,1.8868,1.75,0.0,0.0,5.0,0.5,1.0,0.1,0.0,0.0,0.0,0.0,0.0,5.0,3.0,9.0,6.0,51.0,5.0,3.0,,,,26.0,26.0,,,,4.0,2.0,,26.0,0.0,,Female,,0.22,0.22373,185.0,10.0,-5.0,0.18333,179.0,9.0,-4.0,-0.5525,-0.4846,0.19923,0.11845,2.0,0.2,8.0,0.66667,0.0,0.66667
6.0,Charla & Mirna,TARUS5,3.71,3.71429,43.0,4.0,2.0,4.0,47.0,4.0,2.0,7.0,7.0,0.1096,0.2865,0.0,0.0,3.0,0.4286,1.57791,3.0,3.0,0.4286,0.0,0.0,0.0,0.0,0.0,0.0,0.0,0.0,0.0,2.0,2.0,6.0,4.0,52.0,4.0,2.0,,,,27.0,27.0,,,,3.0,2.0,,27.0,0.0,,Female,,0.59,0.586,32.0,3.0,3.0,0.6,40.0,3.0,3.0,0.172,0.35,0.30333,0.40179,5.0,0.7143,2.0,0.88889,0.0,0.88889
9.0,Lena & Kristy,TARUS6,7.0,7.0,163.0,8.0,1.0,9.0,202.0,9.0,0.0,3.0,3.0,-0.634,-0.2433,0.0,0.0,1.0,0.3333,2.82843,3.0,0.0,0.0,1.0,0.3333,0.0,0.0,0.0,0.0,0.0,0.0,0.0,9.0,3.0,9.0,6.0,66.0,1.0,1.0,,,,23.0,26.0,,,,1.0,0.0,,24.5,3.0,,Female,,0.3,0.3037,149.0,8.0,1.0,0.11111,200.0,10.0,-1.0,-0.3926,-0.2345,0.35385,0.4,1.0,0.3333,2.0,0.8,0.0,0.8
10.0,Meredith & Maria,TARUS6,9.0,9.0,206.0,10.0,0.0,9.0,202.0,9.0,1.0,2.0,2.0,-1.1008,-0.5986,0.0,0.0,0.0,0.0,1.0,1.0,0.0,0.0,0.0,0.0,0.0,0.0,0.0,0.0,0.0,0.0,0.0,,8.0,10.0,2.0,67.0,0.0,1.0,,,,26.0,26.0,,,,0.5,1.0,,26.0,0.0,,Female,,0.15,0.15,205.0,9.0,1.0,0.15,189.0,8.0,2.0,-0.7,-0.6219,0.15,0.15,0.0,0.0,2.0,0.3,0.0,0.3
9.0,Debbie & Bianca,TARUS7,5.33,5.33333,110.0,7.0,2.0,6.0,117.0,7.0,2.0,3.0,3.0,-0.2817,0.022,1.0,0.3333,1.0,0.3333,3.29983,4.0,0.0,0.0,0.0,0.0,0.0,0.0,0.0,0.0,0.0,0.0,0.0,,1.0,9.0,8.0,77.0,2.0,0.0,,,,25.0,26.0,,,,1.0,2.0,,25.5,1.0,,Female,,0.48,0.48148,61.0,4.0,5.0,0.44444,77.0,6.0,3.0,-0.037,0.1833,0.40909,0.5,1.0,0.3333,2.0,1.0,0.0,1.0
10.0,Megan & Heidi,TARUS7,9.5,9.5,217.0,10.0,0.0,9.5,216.0,10.0,0.0,2.0,2.0,-1.2845,-0.7431,0.0,0.0,0.0,0.0,0.5,0.5,0.0,0.0,0.0,0.0,0.0,0.0,0.0,0.0,0.0,0.0,0.0,,9.0,10.0,1.0,78.0,1.0,0.0,,,,26.0,31.0,,,,0.5,1.0,,28.5,5.0,,Female,,0.1,0.1,214.0,10.0,0.0,0.1,209.0,10.0,0.0,-0.8,-0.7542,0.1,0.1,0.0,0.0,2.0,0.2,0.0,0.2
4.0,Godlewski Family,TARUS8,3.18,3.18182,22.0,4.0,0.0,4.0,47.0,4.0,0.0,11.0,10.0,0.1535,0.3614,3.0,0.2727,5.0,0.4545,1.52662,2.0,0.0,0.0,1.0,0.0909,2.0,0.1818,0.0,0.0,0.0,0.0,0.0,4.0,1.0,6.0,5.0,83.0,4.0,5.0,2.0,2.0,,42.0,39.0,37.0,26.0,,3.25,3.0,,36.0,16.0,,Female,,0.5,0.50498,55.0,3.0,1.0,0.5,54.0,4.0,0.0,0.01,0.2449,0.38199,0.70833,6.0,0.5455,5.0,1.0,0.0,1.0
8.0,Danielle & Dani,TARUS9,7.8,7.8,189.0,9.0,-1.0,8.0,177.0,9.0,-1.0,5.0,4.0,-0.8302,-0.3684,0.0,0.0,0.0,0.0,0.9798,0.0,0.0,0.0,1.0,0.2,0.0,0.0,0.0,0.0,0.0,1.0,0.0,8.0,6.0,9.0,3.0,97.0,1.0,3.0,,,,22.0,22.0,,,,2.0,2.0,,22.0,0.0,,Female,,0.18,0.18444,199.0,9.0,-1.0,0.2,171.0,9.0,-1.0,-0.6311,-0.5255,0.12291,0.09722,0.0,0.0,5.0,0.375,0.0,0.375
9.0,Wanda & Desiree,TARUS9,6.25,6.25,142.0,8.0,1.0,6.5,141.0,8.0,1.0,4.0,3.0,-0.4665,-0.0965,0.0,0.0,1.0,0.25,2.16506,2.25,0.0,0.0,0.0,0.0,0.0,0.0,0.0,0.0,0.0,0.0,0.0,,3.0,9.0,6.0,98.0,1.0,2.0,,,,44.0,24.0,,,,1.5,1.0,,34.0,20.0,,Female,,0.37,0.37361,113.0,7.0,2.0,0.34722,110.0,7.0,2.0,-0.2528,-0.0387,0.29227,0.34583,1.0,0.25,3.0,0.8,0.0,0.8
10.0,Lisa & Joni,TARUS9,10.0,10.0,222.0,10.0,0.0,10.0,221.0,10.0,0.0,2.0,2.0,-1.3464,-0.7544,0.0,0.0,0.0,0.0,0.0,0.0,0.0,0.0,1.0,0.5,0.0,0.0,0.0,0.0,0.0,0.0,0.0,10.0,10.0,10.0,0.0,99.0,0.0,1.0,,,,48.0,44.0,,,,0.5,1.0,,46.0,4.0,,Female,,0.05,0.05,223.0,10.0,0.0,0.05,220.0,10.0,0.0,-0.9,-0.8714,0.05,0.05,0.0,0.0,2.0,0.1,0.0,0.1
3.0,Lyn & Karlyn,TARUS10,4.85,4.84615,90.0,7.0,-4.0,5.0,84.0,7.0,-4.0,13.0,12.0,-0.1334,0.1709,0.0,0.0,4.0,0.3077,2.17843,3.0,2.0,0.1538,4.0,0.3077,0.0,0.0,0.0,0.0,0.0,1.0,0.0,5.0,2.0,9.0,7.0,103.0,6.0,7.0,,,,32.0,32.0,,,,6.5,1.0,,32.0,0.0,,Female,,0.34,0.33548,132.0,7.0,-4.0,0.28571,139.0,7.0,-4.0,-0.329,-0.1735,0.19383,0.3,4.0,0.3077,9.0,0.66667,0.0,0.66667
4.0,Dustin & Kandice,TARUS10,3.17,3.16667,20.0,3.0,1.0,3.0,15.0,3.0,1.0,12.0,11.0,0.2592,0.4581,2.0,0.1667,6.0,0.5,1.72401,2.0,4.0,0.3333,1.0,0.0833,1.0,0.0833,0.0,0.0,0.0,0.0,1.0,4.0,1.0,7.0,6.0,104.0,6.0,6.0,,,,24.0,24.0,,,,6.0,0.0,,24.0,0.0,,Female,,0.6,0.60145,27.0,4.0,0.0,0.73864,15.0,4.0,0.0,0.2029,0.4817,0.34419,0.38095,9.0,0.75,3.0,1.0,0.0,1.0
10.0,Kellie & Jamie,TARUS10,8.0,8.0,192.0,10.0,0.0,8.0,177.0,9.0,1.0,2.0,2.0,-0.8696,-0.3675,0.0,0.0,0.0,0.0,2.0,2.0,0.0,0.0,0.0,0.0,0.0,0.0,0.0,0.0,0.0,0.0,0.0,,6.0,10.0,4.0,110.0,1.0,1.0,,,,22.0,22.0,,,,1.0,0.0,,22.0,0.0,,Female,,0.27,0.27273,167.0,10.0,0.0,0.27273,147.0,8.0,2.0,-0.4545,-0.3281,0.27273,0.27273,1.0,0.5,1.0,0.54545,0.0,0.54545
2.0,Dustin & Kandice,TARUS11,2.92,2.92308,14.0,3.0,-1.0,2.0,4.0,2.0,0.0,13.0,13.0,0.2992,0.4691,4.0,0.3077,8.0,0.6154,1.81708,3.0,3.0,0.2308,0.0,0.0,0.0,0.0,0.0,0.0,0.0,0.0,1.0,1.0,1.0,6.0,5.0,114.0,6.0,6.0,,,,24.0,25.0,,,,6.0,0.0,,24.5,1.0,,Female,,0.7,0.69985,9.0,2.0,0.0,0.625,32.0,3.0,-1.0,0.3931,0.7201,0.22421,0.5,11.0,0.8462,2.0,1.0,0.42857,0.57143
3.0,Charla & Mirna,TARUS11,4.15,4.15385,61.0,5.0,-2.0,3.0,15.0,4.0,-1.0,13.0,13.0,0.004,0.2455,2.0,0.1538,7.0,0.5385,2.56743,5.0,2.0,0.1538,4.0,0.3077,0.0,0.0,0.0,0.0,0.0,0.0,0.0,8.0,1.0,8.0,7.0,115.0,6.0,6.0,,,,30.0,30.0,,,,6.0,0.0,,30.0,0.0,,Female,,0.44,0.43642,79.0,7.0,-4.0,0.33333,113.0,7.0,-4.0,-0.1313,0.0726,0.30991,0.44444,4.0,0.3077,9.0,1.0,0.0,1.0
7.0,Shana & Jennifer,TARUS12,5.8,5.8,127.0,8.0,-1.0,6.0,117.0,7.0,0.0,5.0,5.0,-0.3603,-0.0545,0.0,0.0,1.0,0.2,1.46969,1.0,0.0,0.0,0.0,0.0,0.0,0.0,0.0,0.0,1.0,0.0,0.0,6.0,3.0,7.0,4.0,130.0,3.0,2.0,,,,32.0,32.0,,,,2.5,1.0,,32.0,0.0,,Female,,0.36,0.3627,120.0,8.0,-1.0,0.28571,139.0,8.0,-1.0,-0.2746,-0.1158,0.26127,0.25,2.0,0.4,3.0,0.77778,0.0,0.77778
9.0,Marianna & Julia,TARUS12,8.33,8.33333,198.0,9.0,0.0,9.0,202.0,9.0,0.0,3.0,3.0,-0.9536,-0.5145,0.0,0.0,0.0,0.0,0.94281,1.0,0.0,0.0,0.0,0.0,0.0,0.0,0.0,0.0,0.0,0.0,0.0,9.0,7.0,9.0,2.0,132.0,2.0,1.0,,,,25.0,26.0,,,,1.5,1.0,,25.5,1.0,,Female,,0.18,0.17778,200.0,9.0,0.0,0.2,171.0,9.0,0.0,-0.6444,-0.5666,0.13699,0.16667,0.0,0.0,3.0,0.33333,0.0,0.33333
10.0,Kate & Pat,TARUS12,9.0,9.0,206.0,10.0,0.0,9.0,202.0,9.0,1.0,2.0,2.0,-1.1107,-0.6364,0.0,0.0,0.0,0.0,1.0,1.0,0.0,0.0,0.0,0.0,0.0,0.0,0.0,0.0,0.0,0.0,0.0,,8.0,10.0,2.0,133.0,2.0,0.0,,,,49.0,65.0,,,,1.0,2.0,,57.0,16.0,,Female,,0.15,0.15,205.0,10.0,0.0,0.15,189.0,10.0,0.0,-0.7,-0.6343,0.15,0.15,0.0,0.0,2.0,0.3,0.0,0.3
6.0,Kelly & Christy,TARUS13,5.14,5.14286,104.0,6.0,0.0,5.0,84.0,6.0,0.0,7.0,7.0,-0.1988,0.0755,0.0,0.0,2.0,0.2857,1.95876,2.5,1.0,0.1429,1.0,0.1429,0.0,0.0,0.0,0.0,0.0,0.0,0.0,5.0,2.0,8.0,6.0,140.0,3.0,3.0,,,,26.0,26.0,,,,3.0,0.0,,26.0,0.0,,Female,,0.42,0.41514,92.0,6.0,0.0,0.33333,113.0,6.0,0.0,-0.1697,0.0218,0.27818,0.42798,3.0,0.4286,4.0,0.8,0.0,0.8
8.0,Marisa & Brooke,TARUS13,7.75,7.75,188.0,9.0,-1.0,8.5,195.0,9.0,-1.0,4.0,4.0,-0.8075,-0.3939,0.0,0.0,0.0,0.0,2.27761,2.25,0.0,0.0,2.0,0.5,0.0,0.0,0.0,0.0,0.0,0.0,0.0,,4.0,10.0,6.0,142.0,2.0,1.0,,,,22.0,24.0,,,,1.5,1.0,,23.0,2.0,,Female,,0.21,0.20903,191.0,9.0,-1.0,0.10556,206.0,9.0,-1.0,-0.5819,-0.4855,0.24403,0.16458,1.0,0.25,3.0,0.625,0.0,0.625
2.0,Jaime & Cara,TARUS14,3.92,3.91667,51.0,4.0,-2.0,3.5,39.0,3.0,-1.0,12.0,11.0,0.0756,0.286,1.0,0.0833,6.0,0.5,1.9773,3.25,3.0,0.25,2.0,0.1667,0.0,0.0,0.0,0.0,0.0,0.0,0.0,2.0,1.0,7.0,6.0,147.0,6.0,5.0,,,,29.0,26.0,,,,5.5,1.0,,27.5,3.0,,Female,,0.51,0.51303,51.0,5.0,-3.0,0.43651,83.0,6.0,-4.0,0.0261,0.2518,0.22858,0.35417,5.0,0.4167,7.0,1.0,0.25,0.75
4.0,Kisha & Jen,TARUS14,4.27,4.27273,67.0,5.0,-1.0,4.0,47.0,4.0,0.0,11.0,10.0,-0.007,0.2222,1.0,0.0909,4.0,0.3636,2.00413,2.5,1.0,0.0909,3.0,0.2727,1.0,0.0909,0.0,1.0,0.0,0.0,0.0,4.0,1.0,8.0,7.0,149.0,5.0,5.0,,,,28.0,24.0,,,,5.0,0.0,,26.0,4.0,,Female,,0.41,0.41126,94.0,6.0,-2.0,0.3,134.0,7.0,-3.0,-0.1775,0.0035,0.33202,0.525,4.0,0.3636,7.0,1.0,0.0,1.0
7.0,Christie & Jodi,TARUS14,6.67,6.66667,153.0,8.0,-1.0,7.0,146.0,9.0,-2.0,6.0,6.0,-0.5729,-0.2149,1.0,0.1667,1.0,0.1667,2.86744,2.25,0.0,0.0,2.0,0.3333,1.0,0.1667,0.0,0.0,0.0,0.0,0.0,7.0,1.0,10.0,9.0,152.0,3.0,3.0,,,,37.0,40.0,,,,3.0,0.0,,38.5,3.0,,Female,,0.26,0.26435,172.0,9.0,-2.0,0.10556,206.0,9.0,-2.0,-0.4713,-0.355,0.35206,0.28403,1.0,0.1667,5.0,1.0,0.0,1.0
6.0,Maria & Tiffany,TARUS15,6.57,6.57143,150.0,8.0,-2.0,6.0,117.0,6.0,0.0,7.0,7.0,-0.4335,-0.0932,0.0,0.0,1.0,0.1429,2.49898,1.5,1.0,0.1429,1.0,0.1429,1.0,0.1429,0.0,0.0,0.0,0.0,0.0,6.0,2.0,11.0,9.0,162.0,2.0,5.0,,,,26.0,25.0,,,,3.5,3.0,,25.5,1.0,,Female,,0.31,0.31134,146.0,8.0,-2.0,0.28571,139.0,8.0,-2.0,-0.3773,-0.222,0.26158,0.31427,1.0,0.1429,6.0,0.83333,0.0,0.83333
5.0,Carol & Brandy,TARUS16,4.0,4.0,53.0,3.0,2.0,5.0,84.0,7.0,-2.0,9.0,9.0,0.0716,0.2593,0.0,0.0,4.0,0.4444,1.41421,2.0,2.0,0.2222,1.0,0.1111,0.0,0.0,0.0,1.0,0.0,0.0,0.0,5.0,2.0,6.0,4.0,173.0,4.0,4.0,,,,47.0,40.0,,,,4.0,0.0,,43.5,7.0,,Female,,0.52,0.52425,47.0,4.0,1.0,0.5,54.0,5.0,0.0,0.0485,0.2345,0.27602,0.34921,5.0,0.5556,4.0,0.83333,0.0,0.83333
9.0,Monique & Shawne,TARUS16,5.33,5.33333,110.0,8.0,1.0,5.0,84.0,7.0,2.0,3.0,3.0,-0.237,0.013,0.0,0.0,1.0,0.3333,2.86744,3.5,1.0,0.3333,0.0,0.0,0.0,0.0,0.0,0.0,0.0,0.0,0.0,,2.0,9.0,7.0,177.0,1.0,2.0,,,,39.0,39.0,,,,1.5,1.0,,39.0,0.0,,Female,,0.49,0.48519,59.0,5.0,4.0,0.55556,49.0,4.0,5.0,-0.0296,0.1425,0.37078,0.45,2.0,0.6667,1.0,0.9,0.0,0.9
10.0,Jody & Shannon,TARUS16,10.0,10.0,222.0,10.0,0.0,10.0,221.0,10.0,0.0,2.0,2.0,-1.3209,-0.8519,0.0,0.0,0.0,0.0,0.0,0.0,0.0,0.0,1.0,0.5,0.0,0.0,0.0,0.0,0.0,0.0,0.0,10.0,10.0,10.0,0.0,178.0,1.0,1.0,,,,71.0,22.0,,,,1.0,0.0,,46.5,49.0,,Female,,0.05,0.05,223.0,10.0,0.0,0.05,220.0,10.0,0.0,-0.9,-0.8823,0.05,0.05,0.0,0.0,2.0,0.1,0.0,0.1
1.0,Nat & Kat,TARUS17,3.08,3.08333,16.0,2.0,-1.0,2.5,12.0,1.0,0.0,12.0,12.0,0.2996,0.4369,5.0,0.4167,8.0,0.6667,2.36144,3.25,1.0,0.0833,3.0,0.25,0.0,0.0,1.0,0.0,1.0,0.0,0.0,1.0,1.0,8.0,7.0,180.0,6.0,5.0,,,,31.0,35.0,,,,5.5,1.0,,33.0,4.0,,Female,,0.66,0.65764,17.0,1.0,0.0,0.7,19.0,1.0,0.0,0.3153,0.5568,0.34132,0.66667,8.0,0.6667,4.0,1.0,0.125,0.875
2.0,Brook & Claire,TARUS17,3.17,3.16667,20.0,3.0,-1.0,3.0,15.0,3.0,-1.0,12.0,12.0,0.2792,0.4205,1.0,0.0833,7.0,0.5833,1.40436,2.0,4.0,0.3333,2.0,0.1667,0.0,0.0,0.0,1.0,0.0,0.0,0.0,2.0,1.0,6.0,5.0,181.0,7.0,5.0,,,,27.0,20.0,,,,6.0,2.0,,23.5,7.0,,Female,,0.59,0.58919,30.0,3.0,-1.0,0.58333,47.0,5.0,-3.0,0.1784,0.3948,0.22877,0.37708,7.0,0.5833,5.0,1.0,0.25,0.75
8.0,Katie & Rachel,TARUS17,5.4,5.4,116.0,9.0,-1.0,5.0,84.0,6.0,2.0,5.0,5.0,-0.2279,0.0128,0.0,0.0,1.0,0.2,2.33238,4.0,1.0,0.2,1.0,0.2,0.0,0.0,0.0,0.0,0.0,0.0,0.0,8.0,2.0,8.0,6.0,187.0,3.0,2.0,,,,23.0,24.0,,,,2.5,1.0,,23.5,1.0,,Female,,0.45,0.44778,73.0,6.0,2.0,0.6,40.0,4.0,4.0,-0.1044,0.06,0.33282,0.5,3.0,0.6,2.0,0.88889,0.0,0.88889
10.0,Andie & Jenna,TARUS17,9.5,9.5,217.0,10.0,0.0,9.5,216.0,10.0,0.0,2.0,2.0,-1.1603,-0.7367,0.0,0.0,0.0,0.0,0.5,0.5,0.0,0.0,0.0,0.0,0.0,0.0,0.0,0.0,0.0,0.0,0.0,,9.0,10.0,1.0,189.0,0.0,2.0,,,,43.0,21.0,,,,1.0,2.0,,32.0,22.0,,Female,,0.1,0.1,214.0,10.0,0.0,0.1,209.0,10.0,0.0,-0.8,-0.7633,0.1,0.1,0.0,0.0,2.0,0.2,0.0,0.2
1.0,Kisha & Jen,TARUS18,3.33,3.33333,27.0,2.0,-1.0,3.5,39.0,2.0,-1.0,12.0,12.0,0.2841,0.3717,1.0,0.0833,6.0,0.5,1.37437,2.0,3.0,0.25,0.0,0.0,0.0,0.0,0.0,0.0,0.0,0.0,0.0,4.0,1.0,6.0,5.0,191.0,6.0,6.0,,,,30.0,26.0,,,,6.0,0.0,,28.0,4.0,,Female,,0.66,0.65506,18.0,1.0,0.0,0.66667,23.0,2.0,-1.0,0.3101,0.4315,0.18231,0.16875,10.0,0.8333,2.0,1.0,0.28571,0.71429
9.0,Jaime & Cara,TARUS18,7.8,7.8,189.0,10.0,-1.0,8.0,177.0,10.0,-1.0,5.0,5.0,-0.6768,-0.4717,0.0,0.0,0.0,0.0,1.16619,2.0,0.0,0.0,1.0,0.2,0.0,0.0,0.0,1.0,1.0,0.0,0.0,9.0,6.0,9.0,3.0,199.0,2.0,2.0,,,,32.0,28.0,,,,2.0,0.0,,30.0,4.0,,Female,,0.23,0.23222,182.0,11.0,-2.0,0.25,149.0,10.0,-1.0,-0.5356,-0.4925,0.17042,0.18889,1.0,0.2,4.0,0.5,0.0,0.5
8.0,Liz & Marie,TARUS19,7.8,7.8,189.0,10.0,-2.0,8.0,177.0,9.0,-1.0,5.0,5.0,-0.7613,-0.4552,0.0,0.0,0.0,0.0,1.6,0.0,0.0,0.0,2.0,0.4,1.0,0.2,0.0,0.0,0.0,0.0,0.0,8.0,5.0,10.0,5.0,209.0,2.0,5.0,,,,24.0,24.0,,,,3.5,3.0,,24.0,0.0,,Female,,0.17,0.165,203.0,10.0,-2.0,0.1,209.0,11.0,-3.0,-0.67,-0.6234,0.22338,0.125,1.0,0.2,4.0,0.6,0.0,0.6
9.0,Kaylani & Lisa,TARUS19,7.0,7.0,163.0,8.0,1.0,9.0,202.0,10.0,-1.0,3.0,3.0,-0.5806,-0.306,0.0,0.0,1.0,0.3333,2.82843,3.0,0.0,0.0,0.0,0.0,0.0,0.0,0.0,0.0,0.0,0.0,0.0,9.0,3.0,9.0,6.0,210.0,1.0,2.0,,,,33.0,32.0,,,,1.5,1.0,,32.5,1.0,,Female,,0.33,0.33333,134.0,8.0,1.0,0.2,171.0,9.0,0.0,-0.3333,-0.2393,0.33993,0.4,1.0,0.3333,2.0,0.8,0.0,0.8
6.0,Nary & Jamie,TARUS20,5.5,5.5,119.0,6.0,0.0,5.5,112.0,7.0,-1.0,8.0,8.0,-0.274,0.0368,0.0,0.0,0.0,0.0,0.86603,1.0,0.0,0.0,1.0,0.125,1.0,0.125,0.0,0.0,0.0,0.0,0.0,6.0,4.0,7.0,3.0,218.0,4.0,3.0,,,,32.0,33.0,,,,3.5,1.0,,32.5,1.0,,Female,,0.32,0.31865,140.0,7.0,-1.0,0.38095,103.0,6.0,0.0,-0.3627,-0.1808,0.23463,0.35119,2.0,0.25,6.0,0.7,0.0,0.7
8.0,Kerri & Stacy,TARUS20,6.8,6.8,159.0,8.0,0.0,7.0,146.0,8.0,0.0,5.0,5.0,-0.5751,-0.1909,0.0,0.0,0.0,0.0,0.9798,0.0,0.0,0.0,1.0,0.2,0.0,0.0,0.0,0.0,0.0,0.0,0.0,7.0,5.0,8.0,3.0,220.0,3.0,2.0,,,,30.0,30.0,,,,2.5,1.0,,30.0,0.0,,Female,,0.27,0.26968,170.0,8.0,0.0,0.25,149.0,7.0,1.0,-0.4606,-0.3067,0.19386,0.25714,1.0,0.2,4.0,0.55556,0.0,0.55556
11.0,Misa & Maiya,TARUS20,11.0,11.0,235.0,11.0,0.0,11.0,233.0,11.0,0.0,1.0,1.0,-1.548,-0.9264,0.0,0.0,0.0,0.0,0.0,0.0,0.0,0.0,0.0,0.0,0.0,0.0,0.0,0.0,0.0,0.0,0.0,,11.0,11.0,0.0,223.0,0.0,1.0,,,,25.0,27.0,,,,0.5,1.0,,26.0,2.0,,Female,,0.0,0.0,231.0,11.0,0.0,0.0,228.0,11.0,0.0,-1.0,-1.0,0.0,0.0,0.0,0.0,1.0,0.0,0.0,0.0
4.0,Natalie & Nadiya,TARUS21,3.27,3.27273,24.0,3.0,1.0,3.0,15.0,4.0,0.0,11.0,11.0,0.2328,0.3911,2.0,0.1818,6.0,0.5455,1.35451,1.0,0.0,0.0,0.0,0.0,1.0,0.0909,1.0,0.0,0.0,0.0,0.0,4.0,1.0,6.0,5.0,227.0,6.0,5.0,,,,26.0,26.0,,,,5.5,1.0,,26.0,0.0,,Female,,0.56,0.55963,37.0,4.0,0.0,0.6,40.0,4.0,0.0,0.1193,0.3275,0.31769,0.26964,8.0,0.7273,3.0,1.0,0.0,1.0
9.0,Caitlin & Brittany,TARUS21,6.33,6.33333,144.0,9.0,0.0,7.0,146.0,9.0,0.0,3.0,3.0,-0.485,-0.1788,0.0,0.0,1.0,0.3333,2.49444,3.0,0.0,0.0,0.0,0.0,0.0,0.0,0.0,0.0,0.0,0.0,0.0,,3.0,9.0,6.0,232.0,2.0,2.0,,,,24.0,25.0,,,,2.0,0.0,,24.5,1.0,,Female,,0.38,0.37778,111.0,7.0,2.0,0.33333,113.0,8.0,1.0,-0.2444,-0.1039,0.32811,0.4,1.0,0.3333,2.0,0.8,0.0,0.8
3.0,Mona & Beth,TARUS22,4.33,4.33333,71.0,6.0,-3.0,4.5,79.0,7.0,-4.0,12.0,12.0,0.017,0.1737,0.0,0.0,5.0,0.4167,1.64992,3.0,2.0,0.1667,3.0,0.25,1.0,0.0833,0.0,1.0,0.0,0.0,0.0,6.0,2.0,7.0,5.0,237.0,6.0,7.0,,,,33.0,36.0,,,,6.5,1.0,,34.5,3.0,,Female,,0.4,0.39726,102.0,7.0,-4.0,0.35417,106.0,8.0,-5.0,-0.2055,-0.1166,0.27582,0.3994,4.0,0.3333,8.0,0.83333,0.0,0.83333
4.0,Caroline & Jennifer,TARUS22,4.91,4.90909,93.0,8.0,-4.0,4.0,47.0,5.0,-1.0,11.0,11.0,-0.1147,0.063,0.0,0.0,3.0,0.2727,2.02056,2.0,0.0,0.0,1.0,0.0909,0.0,0.0,0.0,0.0,0.0,0.0,0.0,4.0,3.0,10.0,7.0,238.0,6.0,6.0,,,,29.0,30.0,,,,6.0,0.0,,29.5,1.0,,Female,,0.39,0.38745,107.0,8.0,-4.0,0.4,93.0,7.0,-3.0,-0.2251,-0.1384,0.19077,0.16667,4.0,0.3636,7.0,0.66667,0.0,0.66667
7.0,Pam & Winnie,TARUS22,4.14,4.14286,59.0,4.0,3.0,4.0,47.0,5.0,2.0,7.0,7.0,0.0601,0.2099,1.0,0.1429,3.0,0.4286,2.69542,3.5,2.0,0.2857,1.0,0.1429,0.0,0.0,0.0,0.0,1.0,0.0,0.0,4.0,1.0,9.0,8.0,241.0,4.0,4.0,,,,29.0,29.0,,,,4.0,0.0,,29.0,0.0,,Female,,0.59,0.59206,29.0,4.0,3.0,0.7,19.0,4.0,3.0,0.1841,0.3166,0.35842,0.48611,5.0,0.7143,2.0,1.0,0.0,1.0
5.0,Ally & Ashley,TARUS23,6.11,6.11111,137.0,8.0,-3.0,6.0,117.0,8.0,-3.0,9.0,9.0,-0.4181,-0.1594,0.0,0.0,0.0,0.0,0.87489,2.0,0.0,0.0,5.0,0.5556,0.0,0.0,0.0,0.0,0.0,0.0,0.0,7.0,5.0,7.0,2.0,250.0,4.0,6.0,,,,22.0,25.0,,,,5.0,2.0,,23.5,3.0,,Female,,0.22,0.21508,188.0,10.0,-5.0,0.2,171.0,10.0,-5.0,-0.5698,-0.5062,0.1316,0.10714,1.0,0.1111,8.0,0.5,0.0,0.5
6.0,Nicky & Kim,TARUS23,5.38,5.375,115.0,6.0,0.0,5.5,112.0,7.0,-1.0,8.0,8.0,-0.2487,-0.0209,0.0,0.0,2.0,0.25,2.23257,2.75,1.0,0.125,1.0,0.125,2.0,0.25,0.0,1.0,0.0,0.0,0.0,6.0,2.0,9.0,7.0,251.0,5.0,4.0,,,,27.0,32.0,,,,4.5,1.0,,29.5,5.0,,Female,,0.36,0.35823,121.0,8.0,-2.0,0.34127,111.0,9.0,-3.0,-0.2835,-0.1776,0.3408,0.6375,4.0,0.5,4.0,0.83333,0.0,0.83333
2.0,Caroline & Jennifer,TARUS24,4.25,4.25,66.0,5.0,-3.0,4.0,47.0,5.0,-3.0,12.0,12.0,0.0229,0.2465,0.0,0.0,5.0,0.4167,2.16506,3.25,4.0,0.3333,2.0,0.1667,2.0,0.1667,0.0,0.0,0.0,0.0,0.0,2.0,2.0,9.0,7.0,258.0,7.0,6.0,,,,30.0,31.0,,,,6.5,1.0,,30.5,1.0,,Female,,0.44,0.43595,80.0,6.0,-4.0,0.4375,80.0,5.0,-3.0,-0.1281,0.0925,0.29687,0.49444,6.0,0.5,6.0,0.85714,0.0,0.85714
11.0,Natalie & Nadiya,TARUS24,11.0,11.0,235.0,11.0,0.0,11.0,233.0,11.0,0.0,1.0,1.0,-1.5291,-0.9504,0.0,0.0,0.0,0.0,0.0,0.0,0.0,0.0,0.0,0.0,0.0,0.0,0.0,0.0,0.0,0.0,0.0,,11.0,11.0,0.0,267.0,1.0,0.0,,,,27.0,27.0,,,,0.5,1.0,,27.0,0.0,,Female,,0.0,0.0,231.0,11.0,0.0,0.0,228.0,11.0,0.0,-1.0,-1.0,0.0,0.0,0.0,0.0,1.0,0.0,0.0,0.0
1.0,Amy & Maya,TARUS25,4.5,4.5,77.0,5.0,-4.0,4.0,47.0,4.0,-3.0,12.0,12.0,-0.0453,0.195,1.0,0.0833,3.0,0.25,1.93649,2.25,1.0,0.0833,3.0,0.25,1.0,0.0833,0.0,0.0,0.0,0.0,0.0,4.0,1.0,8.0,7.0,268.0,5.0,5.0,,,,24.0,29.0,,,,5.0,0.0,,26.5,5.0,,Female,,0.42,0.41832,90.0,6.0,-5.0,0.45,75.0,6.0,-5.0,-0.1634,0.0347,0.26632,0.37024,6.0,0.5,6.0,1.0,0.0,1.0
5.0,Kym & Alli,TARUS25,3.11,3.11111,18.0,3.0,2.0,3.0,15.0,3.0,2.0,9.0,9.0,0.2776,0.4436,2.0,0.2222,7.0,0.7778,1.79161,1.0,1.0,0.1111,0.0,0.0,0.0,0.0,0.0,0.0,0.0,0.0,0.0,3.0,1.0,7.0,6.0,272.0,4.0,3.0,,,,30.0,26.0,,,,3.5,1.0,,28.0,4.0,,Female,,0.65,0.65494,19.0,2.0,3.0,0.77778,9.0,2.0,3.0,0.3099,0.62,0.31471,0.2,7.0,0.7778,2.0,1.0,0.0,1.0
7.0,Shelley & Nici,TARUS25,6.33,6.33333,144.0,8.0,-1.0,6.5,141.0,8.0,-1.0,6.0,6.0,-0.4704,-0.1324,0.0,0.0,0.0,0.0,1.88562,3.25,0.0,0.0,1.0,0.1667,0.0,0.0,0.0,0.0,1.0,0.0,0.0,4.0,4.0,9.0,5.0,274.0,2.0,2.0,,,,42.0,24.0,,,,2.0,0.0,,33.0,18.0,,Female,,0.32,0.31554,142.0,8.0,-1.0,0.29286,137.0,8.0,-1.0,-0.3689,-0.2195,0.22499,0.34881,2.0,0.3333,4.0,0.625,0.0,0.625
11.0,Lisa & Michelle,TARUS25,11.0,11.0,235.0,11.0,0.0,11.0,233.0,11.0,0.0,1.0,1.0,-1.5552,-0.9678,0.0,0.0,0.0,0.0,0.0,0.0,0.0,0.0,0.0,0.0,0.0,0.0,0.0,0.0,0.0,0.0,0.0,,11.0,11.0,0.0,278.0,1.0,0.0,,,,22.0,28.0,,,,0.5,1.0,,25.0,6.0,,Female,,0.0,0.0,231.0,11.0,0.0,0.0,228.0,11.0,0.0,-1.0,-1.0,0.0,0.0,0.0,0.0,1.0,0.0,0.0,0.0
4.0,Tiffany & Krista,TARUS27,5.27,5.27273,107.0,6.0,-2.0,5.0,84.0,6.0,-2.0,11.0,11.0,-0.2062,0.0539,0.0,0.0,3.0,0.2727,2.37758,3.5,1.0,0.0909,3.0,0.2727,1.0,0.0909,0.0,0.0,0.0,0.0,0.0,8.0,2.0,10.0,8.0,293.0,5.0,6.0,,,,28.0,28.0,,,,5.5,1.0,,28.0,0.0,,Female,,0.34,0.33618,131.0,8.0,-4.0,0.4,93.0,5.0,-1.0,-0.3276,-0.1711,0.26155,0.35972,3.0,0.2727,8.0,0.83333,0.0,0.83333
8.0,Jazmine & Danielle,TARUS27,5.8,5.8,127.0,8.0,0.0,7.0,146.0,8.0,0.0,5.0,5.0,-0.3275,-0.0413,0.0,0.0,1.0,0.2,2.4,4.0,1.0,0.2,1.0,0.2,0.0,0.0,0.0,0.0,0.0,0.0,0.0,8.0,2.0,8.0,6.0,297.0,2.0,2.0,,,,23.0,23.0,,,,2.0,0.0,,23.0,0.0,,Female,,0.38,0.37802,110.0,6.0,2.0,0.22222,164.0,9.0,-1.0,-0.244,-0.0679,0.33345,0.48214,2.0,0.4,3.0,0.9,0.0,0.9
8.0,Erin & Joslyn,TARUS28,7.2,7.2,175.0,8.0,0.0,7.0,146.0,7.0,1.0,5.0,5.0,-0.5778,-0.302,0.0,0.0,0.0,0.0,1.72047,2.0,0.0,0.0,1.0,0.2,0.0,0.0,0.0,0.0,0.0,0.0,0.0,,5.0,10.0,5.0,308.0,3.0,2.0,,,,31.0,33.0,,,,2.5,1.0,,32.0,2.0,,Female,,0.28,0.28167,162.0,7.0,1.0,0.33333,113.0,7.0,1.0,-0.4367,-0.3439,0.21216,0.275,1.0,0.2,4.0,0.6,0.0,0.6
9.0,Brittany & Jessica,TARUS28,7.0,7.0,163.0,7.0,2.0,7.0,146.0,7.0,2.0,4.0,4.0,-0.534,-0.2658,0.0,0.0,0.0,0.0,1.41421,1.0,0.0,0.0,0.0,0.0,0.0,0.0,0.0,0.0,0.0,0.0,0.0,7.0,5.0,9.0,4.0,309.0,3.0,1.0,,,,26.0,28.0,,,,2.0,2.0,,27.0,2.0,,Female,,0.34,0.33889,129.0,6.0,3.0,0.4,93.0,6.0,3.0,-0.3222,-0.2106,0.20571,0.13889,1.0,0.25,3.0,0.55556,0.0,0.55556
11.0,Marty & Hagan,TARUS28,9.5,9.5,217.0,11.0,0.0,9.5,216.0,10.0,1.0,2.0,2.0,-1.0819,-0.7179,0.0,0.0,0.0,0.0,1.5,1.5,0.0,0.0,0.0,0.0,0.0,0.0,0.0,0.0,0.0,0.0,0.0,,8.0,11.0,3.0,311.0,1.0,1.0,,,,22.0,51.0,,,,1.0,0.0,,36.5,29.0,,Female,,0.15,0.15,205.0,11.0,0.0,0.15,189.0,10.0,1.0,-0.7,-0.6506,0.15,0.15,0.0,0.0,2.0,0.3,0.0,0.3
10.0,Jessie & Francesca,TARUS29,9.5,9.5,217.0,10.0,0.0,9.5,216.0,10.0,0.0,2.0,2.0,-1.224,-0.7431,0.0,0.0,0.0,0.0,0.5,0.5,0.0,0.0,0.0,0.0,0.0,0.0,0.0,0.0,0.0,0.0,0.0,,9.0,10.0,1.0,321.0,0.0,1.0,,,,28.0,33.0,,,,0.5,1.0,,30.5,5.0,,Female,,0.1,0.1,214.0,10.0,0.0,0.1,209.0,10.0,0.0,-0.8,-0.7593,0.1,0.1,0.0,0.0,2.0,0.2,0.0,0.2
3.0,Kristi & Jen,TARUS30,2.36,2.36364,5.0,1.0,2.0,3.0,15.0,1.0,2.0,11.0,12.0,0.4678,0.5881,2.0,0.1818,11.0,1.0,0.77139,1.0,3.0,0.2727,2.0,0.1818,1.0,0.0909,0.0,0.0,0.0,0.0,0.0,3.0,1.0,3.0,2.0,325.0,5.0,4.0,,,,36.0,30.0,,,,4.5,1.0,,33.0,6.0,,Female,,0.67,0.66833,12.0,1.0,2.0,0.75,11.0,1.0,2.0,0.3367,0.6813,0.29789,0.2869,8.0,0.7273,3.0,1.0,0.0,1.0
10.0,April & Sarah,TARUS30,10.0,10.0,222.0,10.0,0.0,10.0,221.0,10.0,0.0,2.0,2.0,-1.3099,-0.7637,0.0,0.0,0.0,0.0,0.0,0.0,0.0,0.0,1.0,0.5,0.0,0.0,0.0,0.0,0.0,0.0,0.0,10.0,10.0,10.0,0.0,332.0,0.0,2.0,,,,39.0,39.0,,,,1.0,2.0,,39.0,0.0,,Female,,0.05,0.05,223.0,10.0,0.0,0.05,220.0,10.0,0.0,-0.9,-0.8742,0.05,0.05,0.0,0.0,2.0,0.1,0.0,0.1
11.0,Dessie & Kayla,TARUS30,11.0,11.0,235.0,11.0,0.0,11.0,233.0,11.0,0.0,1.0,1.0,-1.5408,-0.94,0.0,0.0,0.0,0.0,0.0,0.0,0.0,0.0,0.0,0.0,0.0,0.0,0.0,0.0,0.0,0.0,0.0,,11.0,11.0,0.0,333.0,1.0,0.0,,,,27.0,26.0,,,,0.5,1.0,,26.5,1.0,,Female,,0.0,0.0,231.0,11.0,0.0,0.0,228.0,11.0,0.0,-1.0,-1.0,0.0,0.0,0.0,0.0,1.0,0.0,0.0,0.0
7.0,Rachel & Elissa,TARUS31,6.13,6.125,138.0,7.0,0.0,7.0,146.0,8.0,-1.0,8.0,8.0,-0.364,-0.0624,0.0,0.0,1.0,0.125,1.76334,2.5,0.0,0.0,2.0,0.25,1.0,0.125,0.0,1.0,1.0,0.0,0.0,7.0,3.0,8.0,5.0,340.0,4.0,5.0,,,,33.0,32.0,,,,4.5,1.0,,32.5,1.0,,Female,,0.29,0.29112,158.0,8.0,-1.0,0.19643,178.0,9.0,-2.0,-0.4178,-0.2625,0.27986,0.33125,2.0,0.25,6.0,0.77778,0.0,0.77778
8.0,Janelle & Britney,TARUS31,6.67,6.66667,153.0,8.0,0.0,6.5,141.0,7.0,1.0,6.0,6.0,-0.4841,-0.156,0.0,0.0,0.0,0.0,1.10554,1.75,0.0,0.0,0.0,0.0,0.0,0.0,0.0,0.0,0.0,0.0,0.0,8.0,5.0,8.0,3.0,341.0,5.0,2.0,,,,38.0,30.0,,,,3.5,3.0,,34.0,8.0,,Female,,0.29,0.29438,155.0,7.0,1.0,0.29286,137.0,8.0,0.0,-0.4112,-0.2543,0.16505,0.09732,1.0,0.1667,5.0,0.55556,0.0,0.55556
9.0,Corinne & Eliza,TARUS31,7.25,7.25,176.0,9.0,0.0,7.5,173.0,9.0,0.0,4.0,4.0,-0.6132,-0.2565,0.0,0.0,0.0,0.0,1.78536,3.25,0.0,0.0,0.0,0.0,0.0,0.0,0.0,0.0,0.0,0.0,0.0,9.0,5.0,9.0,4.0,342.0,2.0,3.0,,,,39.0,35.0,,,,2.5,1.0,,37.0,4.0,,Female,,0.29,0.28611,160.0,9.0,0.0,0.32222,130.0,7.0,2.0,-0.4278,-0.2752,0.20006,0.30833,1.0,0.25,3.0,0.5,0.0,0.5
6.0,Kaylynn & Haley,TARUS32,6.44,6.44444,148.0,8.0,-2.0,7.0,146.0,8.0,-2.0,9.0,8.0,-0.474,-0.1358,0.0,0.0,1.0,0.1111,1.57135,2.0,0.0,0.0,1.0,0.1111,3.0,0.3333,0.0,0.0,1.0,2.0,1.0,8.0,3.0,8.0,5.0,350.0,4.0,4.0,,,,30.0,31.0,,,,4.0,0.0,,30.5,1.0,,Female,,0.19,0.19427,197.0,9.0,-3.0,0.14286,192.0,8.0,-2.0,-0.6115,-0.5089,0.23422,0.3,1.0,0.1111,8.0,0.75,0.0,0.75
8.0,Michelle & Victoria,TARUS32,4.8,4.8,87.0,5.0,3.0,5.0,84.0,5.0,3.0,5.0,5.0,-0.0986,0.1534,0.0,0.0,2.0,0.4,2.48193,5.0,2.0,0.4,0.0,0.0,0.0,0.0,0.0,0.0,0.0,0.0,0.0,2.0,2.0,8.0,6.0,352.0,3.0,2.0,,,,34.0,33.0,,,,2.5,1.0,,33.5,1.0,,Female,,0.51,0.51254,52.0,4.0,4.0,0.55556,49.0,4.0,4.0,0.0251,0.2958,0.34709,0.60714,3.0,0.6,2.0,0.9,0.0,0.9
10.0,Kellie & LaVonne,TARUS32,9.5,9.5,217.0,10.0,0.0,9.5,216.0,10.0,0.0,2.0,2.0,-1.1744,-0.6755,0.0,0.0,0.0,0.0,0.5,0.5,0.0,0.0,0.0,0.0,0.0,0.0,0.0,0.0,0.0,0.0,0.0,,9.0,10.0,1.0,354.0,1.0,1.0,,,,38.0,34.0,,,,1.0,0.0,,36.0,4.0,,Female,,0.1,0.1,214.0,10.0,0.0,0.1,209.0,10.0,0.0,-0.8,-0.7472,0.1,0.1,0.0,0.0,2.0,0.2,0.0,0.2
2.0,Raquel & Cayla,TARUS33,2.73,2.72727,8.0,3.0,-1.0,2.0,4.0,1.0,1.0,11.0,11.0,0.3582,0.4605,2.0,0.1818,8.0,0.7273,1.42005,1.5,4.0,0.3636,0.0,0.0,0.0,0.0,0.0,0.0,0.0,0.0,0.0,2.0,1.0,6.0,5.0,357.0,7.0,4.0,,,,31.0,30.0,,,,5.5,3.0,,30.5,1.0,,Female,,0.71,0.70707,7.0,2.0,0.0,0.75,11.0,3.0,-1.0,0.4141,0.5707,0.19116,0.21667,9.0,0.8182,2.0,1.0,0.4,0.6
5.0,Lulu & Lala,TARUS33,5.88,5.875,133.0,8.0,-3.0,5.0,84.0,7.0,-2.0,8.0,8.0,-0.3824,-0.1621,0.0,0.0,1.0,0.125,2.71282,3.75,1.0,0.125,1.0,0.125,1.0,0.125,0.0,0.0,0.0,0.0,0.0,10.0,2.0,10.0,8.0,360.0,4.0,4.0,,,,37.0,37.0,,,,4.0,0.0,,37.0,0.0,,Female,,0.27,0.27292,166.0,7.0,-2.0,0.225,162.0,7.0,-2.0,-0.4542,-0.3937,0.2544,0.3,2.0,0.25,6.0,0.8,0.0,0.8
2.0,Emily & Molly,TARUS34,3.67,3.66667,38.0,4.0,-2.0,3.5,39.0,3.0,-1.0,12.0,10.0,0.2319,0.3924,1.0,0.0833,6.0,0.5,1.74801,3.0,3.0,0.25,3.0,0.25,0.0,0.0,0.0,0.0,0.0,0.0,0.0,2.0,1.0,7.0,6.0,368.0,6.0,6.0,,,,36.0,36.0,,,,6.0,0.0,,36.0,0.0,,Female,,0.54,0.5398,41.0,4.0,-2.0,0.5,54.0,5.0,-3.0,0.0796,0.3172,0.24675,0.36418,7.0,0.5833,5.0,1.0,0.25,0.75
12.0,Aastha & Nina,TARUS34,12.0,12.0,247.0,12.0,0.0,12.0,245.0,12.0,0.0,1.0,1.0,-1.5116,-0.9868,0.0,0.0,0.0,0.0,0.0,0.0,0.0,0.0,0.0,0.0,0.0,0.0,0.0,0.0,0.0,0.0,0.0,,12.0,12.0,0.0,378.0,0.0,1.0,,,,33.0,34.0,,,,0.5,1.0,,33.5,1.0,,Female,,0.0,0.0,231.0,12.0,0.0,0.0,228.0,12.0,0.0,-1.0,-1.0,0.0,0.0,0.0,0.0,1.0,0.0,0.0,0.0
6.0,Robbin & Chelsea,TARUS35,6.22,6.22222,141.0,7.0,-1.0,6.0,117.0,7.0,-1.0,9.0,8.0,-0.1911,0.0504,1.0,0.1111,2.0,0.2222,3.29234,3.0,1.0,0.1111,2.0,0.2222,0.0,0.0,0.0,0.0,0.0,0.0,0.0,11.0,1.0,11.0,10.0,384.0,4.0,5.0,,,,41.0,41.0,,,,4.5,1.0,,41.0,0.0,,Female,,0.39,0.3896,105.0,7.0,-1.0,0.33333,113.0,9.0,-3.0,-0.2208,-0.0519,0.33375,0.475,3.0,0.3333,6.0,1.0,0.0,1.0
7.0,Morgan & Lena,TARUS35,6.25,6.25,142.0,8.0,-1.0,6.0,117.0,7.0,0.0,8.0,7.0,-0.1968,0.0458,0.0,0.0,0.0,0.0,2.16506,3.5,0.0,0.0,2.0,0.25,0.0,0.0,0.0,0.0,0.0,0.0,0.0,4.0,4.0,10.0,6.0,385.0,3.0,5.0,,,,31.0,29.0,,,,4.0,2.0,,30.0,2.0,,Female,,0.39,0.38739,108.0,8.0,-1.0,0.39286,101.0,8.0,-1.0,-0.2252,-0.0573,0.28184,0.54223,4.0,0.5,4.0,0.75,0.0,0.75
8.0,Andrea & Malaina,TARUS35,7.71,7.71429,186.0,10.0,-2.0,8.0,177.0,10.0,-2.0,7.0,6.0,-0.4764,-0.1771,0.0,0.0,0.0,0.0,2.05039,3.0,0.0,0.0,0.0,0.0,0.0,0.0,0.0,0.0,0.0,0.0,0.0,10.0,4.0,10.0,6.0,386.0,4.0,2.0,,,,44.0,45.0,,,,3.0,2.0,,44.5,1.0,,Female,,0.3,0.29621,153.0,10.0,-2.0,0.25,149.0,11.0,-3.0,-0.4076,-0.2792,0.1951,0.19659,1.0,0.1429,6.0,0.66667,0.0,0.66667
12.0,Elizabeth & Iliana,TARUS35,12.0,12.0,247.0,12.0,0.0,12.0,245.0,12.0,0.0,2.0,2.0,-1.2979,-0.8321,0.0,0.0,0.0,0.0,0.0,0.0,0.0,0.0,1.0,0.5,0.0,0.0,0.0,0.0,0.0,0.0,0.0,12.0,12.0,12.0,0.0,390.0,1.0,1.0,,,,52.0,27.0,,,,1.0,0.0,,39.5,25.0,,Female,,0.04,0.04167,229.0,12.0,0.0,0.04167,227.0,12.0,0.0,-0.9167,-0.8986,0.04167,0.04167,0.0,0.0,2.0,0.08333,0.0,0.08333
1.0,Joe Jer & Zabrina,TARAS1,3.77,3.76923,44.0,3.0,-2.0,4.0,47.0,4.0,-3.0,13.0,12.0,0.0922,0.1822,1.0,0.0769,6.0,0.4615,1.42256,2.0,1.0,0.0769,4.0,0.3077,1.0,0.0769,0.0,0.0,0.0,0.0,0.0,3.0,1.0,6.0,5.0,392.0,6.0,6.0,,,,26.0,29.0,,,,6.0,0.0,,27.5,3.0,,Female,,0.49,0.48547,58.0,5.0,-4.0,0.5,54.0,3.0,-2.0,-0.0291,0.0153,0.27629,0.41667,7.0,0.5385,6.0,1.0,0.0,1.0
7.0,Melody & Sharon,TARAS1,5.0,5.0,94.0,6.0,1.0,5.5,112.0,8.0,-1.0,6.0,6.0,-0.204,-0.0846,0.0,0.0,2.0,0.3333,1.91485,3.25,1.0,0.1667,1.0,0.1667,0.0,0.0,0.0,0.0,0.0,0.0,0.0,7.0,2.0,7.0,5.0,398.0,3.0,2.0,,,,28.0,31.0,,,,2.5,1.0,,29.5,3.0,,Female,,0.46,0.45833,70.0,6.0,1.0,0.5,54.0,3.0,4.0,-0.0833,-0.0415,0.30642,0.48313,3.0,0.5,3.0,0.85714,0.0,0.85714
9.0,Jacqueline & Aubrey,TARAS1,6.33,6.33333,144.0,10.0,-1.0,6.0,117.0,9.0,0.0,3.0,3.0,-0.5242,-0.3731,0.0,0.0,0.0,0.0,2.0548,2.5,0.0,0.0,0.0,0.0,0.0,0.0,0.0,0.0,0.0,0.0,0.0,,4.0,9.0,5.0,400.0,1.0,1.0,,,,23.0,26.0,,,,1.0,0.0,,24.5,3.0,,Female,,0.37,0.37037,116.0,10.0,-1.0,0.44444,77.0,6.0,2.0,-0.2593,-0.2254,0.27716,0.33333,1.0,0.3333,2.0,0.66667,0.0,0.66667
2.0,Pamela & Vanessa,TARAS2,4.0,4.0,53.0,4.0,-2.0,4.0,47.0,4.0,-2.0,13.0,12.0,0.0337,0.2293,1.0,0.0769,6.0,0.4615,1.75412,2.0,1.0,0.0769,2.0,0.1538,1.0,0.0769,0.0,0.0,0.0,0.0,0.0,3.0,1.0,7.0,6.0,403.0,6.0,6.0,,,,24.0,29.0,,,,6.0,0.0,,26.5,5.0,,Female,,0.44,0.44121,76.0,4.0,-2.0,0.5,54.0,4.0,-2.0,-0.1176,0.0847,0.23681,0.21429,7.0,0.5385,6.0,1.0,0.0,1.0
4.0,Diane & Ann,TARAS2,3.5,3.5,32.0,3.0,1.0,3.5,39.0,3.0,1.0,12.0,11.0,0.1545,0.3256,1.0,0.0833,6.0,0.5,1.11803,1.0,0.0,0.0,2.0,0.1667,0.0,0.0,0.0,0.0,0.0,1.0,0.0,3.0,1.0,6.0,5.0,405.0,5.0,6.0,,,,33.0,40.0,,,,5.5,1.0,,36.5,7.0,,Female,,0.51,0.51197,53.0,3.0,1.0,0.58571,46.0,3.0,1.0,0.0239,0.2586,0.28669,0.50694,7.0,0.5833,5.0,1.0,0.0,1.0
5.0,Natasha & Paula,TARAS2,4.36,4.36364,73.0,5.0,0.0,5.0,84.0,5.0,0.0,11.0,10.0,-0.0533,0.1599,0.0,0.0,2.0,0.1818,1.06794,1.0,1.0,0.0909,4.0,0.3636,1.0,0.0909,0.0,0.0,0.0,0.0,0.0,5.0,2.0,6.0,4.0,406.0,5.0,5.0,,,,24.0,24.0,,,,5.0,0.0,,24.0,0.0,,Female,,0.39,0.39145,103.0,5.0,0.0,0.4,93.0,6.0,-1.0,-0.2171,-0.0377,0.27036,0.3625,4.0,0.3636,7.0,0.88889,0.0,0.88889
8.0,Sophie & Aurelia,TARAS2,7.0,7.0,163.0,9.0,-1.0,7.5,173.0,9.0,-1.0,4.0,4.0,-0.691,-0.3487,0.0,0.0,0.0,0.0,1.22474,1.5,0.0,0.0,0.0,0.0,0.0,0.0,0.0,0.0,0.0,0.0,0.0,8.0,5.0,8.0,3.0,409.0,1.0,1.0,,,,27.0,27.0,,,,1.0,0.0,,27.0,0.0,,Female,,0.25,0.25347,176.0,8.0,0.0,0.22917,160.0,8.0,0.0,-0.4931,-0.3769,0.21118,0.29514,1.0,0.25,3.0,0.55556,0.0,0.55556
3.0,Ida & Tania,TARAS3,3.55,3.54545,36.0,4.0,-1.0,3.0,15.0,3.0,0.0,11.0,11.0,0.0848,0.3053,2.0,0.1818,6.0,0.5455,1.67134,2.5,1.0,0.0909,1.0,0.0909,2.0,0.1818,0.0,0.0,0.0,0.0,0.0,5.0,1.0,6.0,5.0,414.0,5.0,5.0,,,,44.0,36.0,,,,5.0,0.0,,40.0,8.0,,Female,,0.46,0.45559,71.0,4.0,-1.0,0.5,54.0,3.0,0.0,-0.0888,0.1444,0.35812,0.59048,6.0,0.5455,5.0,1.0,0.0,1.0
4.0,A.D. & Fuzzie,TARAS3,3.9,3.9,50.0,5.0,-1.0,4.0,47.0,5.0,-1.0,10.0,10.0,-0.0055,0.2368,0.0,0.0,4.0,0.4,1.64012,1.0,2.0,0.2,1.0,0.1,1.0,0.1,0.0,1.0,0.0,0.0,0.0,4.0,2.0,8.0,6.0,415.0,4.0,5.0,,,,34.0,34.0,,,,4.5,1.0,,34.0,0.0,,Female,,0.41,0.4102,96.0,6.0,-2.0,0.41667,90.0,5.0,-1.0,-0.1796,0.0304,0.28373,0.36369,5.0,0.5,5.0,0.875,0.0,0.875
8.0,Pailin & Natalie,TARAS3,6.33,6.33333,144.0,7.0,1.0,7.0,146.0,7.0,1.0,3.0,3.0,-0.632,-0.2387,0.0,0.0,0.0,0.0,1.69967,2.0,0.0,0.0,0.0,0.0,0.0,0.0,0.0,0.0,0.0,0.0,0.0,,4.0,8.0,4.0,419.0,1.0,1.0,,,,25.0,26.0,,,,1.0,0.0,,25.5,1.0,,Female,,0.31,0.30556,148.0,7.0,1.0,0.25,149.0,7.0,1.0,-0.3889,-0.2324,0.27499,0.33333,1.0,0.3333,2.0,0.66667,0.0,0.66667
2.0,Claire & Michelle,TARAS4,3.82,3.81818,47.0,3.0,-1.0,3.0,15.0,2.0,0.0,11.0,11.0,0.1272,0.2597,0.0,0.0,7.0,0.6364,1.58505,1.0,1.0,0.0909,1.0,0.0909,0.0,0.0,0.0,0.0,1.0,1.0,0.0,3.0,2.0,7.0,5.0,423.0,5.0,6.0,,,,21.0,22.0,,,,5.5,1.0,,21.5,1.0,,Female,,0.52,0.51822,49.0,5.0,-3.0,0.5,54.0,4.0,-2.0,0.0364,0.2028,0.16539,0.27917,7.0,0.6364,4.0,0.77778,0.25,0.52778
4.0,Lani & Jess,TARAS4,4.3,4.3,68.0,5.0,-1.0,4.0,47.0,3.0,1.0,10.0,10.0,0.0175,0.1667,3.0,0.3,3.0,0.3,2.6096,4.75,0.0,0.0,0.0,0.0,0.0,0.0,0.0,0.0,0.0,0.0,0.0,4.0,1.0,8.0,7.0,425.0,5.0,5.0,,,,27.0,27.0,,,,5.0,0.0,,27.0,0.0,,Female,,0.52,0.5248,46.0,4.0,0.0,0.46429,71.0,5.0,-1.0,0.0496,0.2181,0.35091,0.67708,5.0,0.5,5.0,1.0,0.0,1.0
6.0,Dimple & Sunaina,TARAS4,3.88,3.875,49.0,4.0,2.0,4.0,47.0,3.0,3.0,8.0,8.0,0.1135,0.2481,1.0,0.125,3.0,0.375,1.69097,2.5,1.0,0.125,2.0,0.25,0.0,0.0,0.0,1.0,0.0,0.0,1.0,4.0,1.0,6.0,5.0,427.0,5.0,3.0,,,,31.0,32.0,,,,4.0,2.0,,31.5,1.0,,Female,,0.53,0.53219,44.0,3.0,3.0,0.61905,35.0,2.0,4.0,0.0644,0.2352,0.34342,0.61042,5.0,0.625,3.0,1.0,0.0,1.0
10.0,Nadine & Yani,TARAS4,10.0,10.0,222.0,10.0,0.0,10.0,221.0,10.0,0.0,2.0,2.0,-1.2849,-0.938,0.0,0.0,0.0,0.0,0.0,0.0,0.0,0.0,0.0,0.0,1.0,0.5,0.0,0.0,0.0,0.0,0.0,10.0,10.0,10.0,0.0,431.0,1.0,1.0,,,,26.0,28.0,,,,1.0,0.0,,27.0,2.0,,Female,,0.0,0.0,231.0,10.0,0.0,0.0,228.0,10.0,0.0,-1.0,-1.0,0.0,0.0,0.0,0.0,2.0,0.0,0.0,0.0
1.0,Parul & Maggie,TARAS5,3.8,3.8,45.0,4.0,-3.0,3.5,39.0,3.0,-2.0,10.0,10.0,0.0978,0.3091,1.0,0.1,5.0,0.5,1.72047,1.75,1.0,0.1,1.0,0.1,0.0,0.0,0.0,0.0,0.0,0.0,1.0,3.0,1.0,7.0,6.0,432.0,5.0,5.0,,,,28.0,27.0,,,,5.0,0.0,,27.5,1.0,,Female,,0.54,0.54345,40.0,3.0,-2.0,0.5,54.0,4.0,-3.0,0.0869,0.3334,0.202,0.24286,6.0,0.6,4.0,1.0,0.25,0.75
2.0,Yvonne & Chloe,TARAS5,3.3,3.3,25.0,2.0,0.0,2.5,12.0,2.0,0.0,10.0,10.0,0.2165,0.4,1.0,0.1,7.0,0.7,2.19317,1.75,4.0,0.4,3.0,0.3,0.0,0.0,0.0,0.0,0.0,0.0,0.0,2.0,1.0,9.0,8.0,433.0,5.0,5.0,,,,28.0,27.0,,,,5.0,0.0,,27.5,1.0,,Female,,0.58,0.58095,33.0,2.0,0.0,0.60714,38.0,2.0,0.0,0.1619,0.4254,0.26065,0.43036,6.0,0.6,4.0,1.0,0.2,0.8
4.0,Treasuri & Louisa,TARAS5,2.33,2.33333,4.0,1.0,3.0,2.0,4.0,1.0,3.0,9.0,9.0,0.4468,0.5764,4.0,0.4444,7.0,0.7778,1.41421,2.0,1.0,0.1111,1.0,0.1111,0.0,0.0,0.0,1.0,0.0,1.0,0.0,1.0,1.0,5.0,4.0,435.0,5.0,4.0,,,,30.0,29.0,,,,4.5,1.0,,29.5,1.0,,Female,,0.71,0.70556,8.0,1.0,3.0,0.9,4.0,1.0,3.0,0.4111,0.7312,0.36243,0.5,7.0,0.7778,2.0,1.0,0.0,1.0
11.0,Lisa & Nicole,TARAS5,11.0,11.0,235.0,11.0,0.0,11.0,233.0,11.0,0.0,1.0,1.0,-1.6115,-1.0,0.0,0.0,0.0,0.0,0.0,0.0,0.0,0.0,0.0,0.0,0.0,0.0,0.0,0.0,0.0,0.0,0.0,,11.0,11.0,0.0,442.0,0.0,0.0,,,,38.0,34.0,,,,0.0,0.0,,36.0,4.0,,Female,,0.0,0.0,231.0,11.0,0.0,0.0,228.0,11.0,0.0,-1.0,-1.0,0.0,0.0,0.0,0.0,1.0,0.0,0.0,0.0
3.0,Vanessa & Celina,TARCAN1,3.8,3.8,45.0,6.0,-3.0,4.0,47.0,6.0,-3.0,10.0,10.0,-0.0347,0.1593,0.0,0.0,3.0,0.3,0.87178,0.75,1.0,0.1,2.0,0.2,1.0,0.1,0.0,0.0,0.0,0.0,0.0,4.0,2.0,5.0,3.0,445.0,6.0,6.0,,,,21.0,30.0,,,,6.0,0.0,,25.5,9.0,,Female,,0.37,0.36952,118.0,7.0,-4.0,0.46429,71.0,6.0,-3.0,-0.2673,-0.1441,0.22308,0.25,5.0,0.5,5.0,0.66667,0.0,0.66667
9.0,Treena & Tennille,TARCAN1,9.0,9.0,206.0,9.0,0.0,9.0,202.0,9.0,0.0,1.0,1.0,-1.4507,-0.9912,0.0,0.0,0.0,0.0,0.0,0.0,0.0,0.0,0.0,0.0,0.0,0.0,0.0,0.0,0.0,0.0,0.0,,9.0,9.0,0.0,451.0,1.0,1.0,,,,36.0,36.0,,,,1.0,0.0,,36.0,0.0,,Female,,0.0,0.0,231.0,9.0,0.0,0.0,228.0,9.0,0.0,-1.0,-1.0,0.0,0.0,0.0,0.0,1.0,0.0,0.0,0.0
2.0,Natalie & Meaghan,TARCAN2,1.83,1.83333,1.0,1.0,1.0,1.0,1.0,1.0,1.0,12.0,12.0,0.5761,0.6726,7.0,0.5833,11.0,0.9167,1.21335,1.25,2.0,0.1667,0.0,0.0,0.0,0.0,0.0,0.0,0.0,0.0,0.0,1.0,1.0,5.0,4.0,453.0,7.0,7.0,,,,23.0,29.0,,,,7.0,0.0,,26.0,6.0,,Female,,0.82,0.81647,3.0,1.0,1.0,1.0,1.0,1.0,1.0,0.6329,1.013,0.23881,0.33929,11.0,0.9167,1.0,1.0,0.33333,0.66667
9.0,Laura & Jackie,TARCAN2,7.33,7.33333,178.0,9.0,0.0,8.0,177.0,9.0,0.0,3.0,3.0,-0.6979,-0.3113,0.0,0.0,0.0,0.0,1.69967,2.0,0.0,0.0,0.0,0.0,0.0,0.0,0.0,0.0,0.0,0.0,0.0,,5.0,9.0,4.0,460.0,2.0,2.0,,,,28.0,31.0,,,,2.0,0.0,,29.5,3.0,,Female,,0.27,0.27407,164.0,9.0,0.0,0.22222,164.0,8.0,1.0,-0.4519,-0.3243,0.24768,0.3,1.0,0.3333,2.0,0.6,0.0,0.6
11.0,Shahla & Nabeela,TARCAN2,11.0,11.0,235.0,11.0,0.0,11.0,233.0,11.0,0.0,1.0,1.0,-1.548,-0.9678,0.0,0.0,0.0,0.0,0.0,0.0,0.0,0.0,0.0,0.0,0.0,0.0,0.0,0.0,0.0,0.0,0.0,,11.0,11.0,0.0,462.0,1.0,1.0,,,,29.0,29.0,,,,1.0,0.0,,29.0,0.0,,Female,,0.0,0.0,231.0,11.0,0.0,0.0,228.0,11.0,0.0,-1.0,-1.0,0.0,0.0,0.0,0.0,1.0,0.0,0.0,0.0
10.0,Dana & Amanda,TARCAN3,8.0,8.0,192.0,10.0,0.0,7.0,146.0,9.0,1.0,3.0,3.0,-0.7129,-0.3311,0.0,0.0,0.0,0.0,1.41421,1.5,0.0,0.0,0.0,0.0,0.0,0.0,0.0,0.0,0.0,0.0,0.0,7.0,7.0,10.0,3.0,472.0,2.0,2.0,,,,23.0,23.0,,,,2.0,0.0,,23.0,0.0,,Female,,0.28,0.28485,161.0,10.0,0.0,0.4,93.0,7.0,3.0,-0.4303,-0.3007,0.20265,0.22727,0.0,0.0,3.0,0.45455,0.0,0.45455
11.0,Susan & Sharnjit,TARCAN3,11.0,11.0,235.0,11.0,0.0,11.0,233.0,11.0,0.0,2.0,2.0,-1.3552,-0.8303,0.0,0.0,0.0,0.0,0.0,0.0,0.0,0.0,1.0,0.5,0.0,0.0,0.0,0.0,0.0,0.0,0.0,11.0,11.0,11.0,0.0,473.0,2.0,1.0,,,,28.0,29.0,,,,1.5,1.0,,28.5,1.0,,Female,,0.05,0.04545,228.0,11.0,0.0,0.04545,226.0,11.0,0.0,-0.9091,-0.8884,0.04545,0.04545,0.0,0.0,2.0,0.09091,0.0,0.09091
1.0,Steph & Kristen,TARCAN4,2.0,2.0,2.0,1.0,0.0,2.0,4.0,1.0,0.0,11.0,11.0,0.5152,0.6047,5.0,0.4545,10.0,0.9091,1.41421,1.0,4.0,0.3636,0.0,0.0,0.0,0.0,0.0,0.0,2.0,0.0,0.0,1.0,1.0,6.0,5.0,475.0,7.0,6.0,,,,27.0,25.0,,,,6.5,1.0,,26.0,2.0,,Female,,0.84,0.84055,1.0,1.0,0.0,0.88889,5.0,1.0,0.0,0.6811,0.9918,0.20711,0.19643,10.0,0.9091,1.0,1.0,0.375,0.625
4.0,Frankie & Amy,TARCAN4,4.2,4.2,63.0,4.0,0.0,4.0,47.0,4.0,0.0,10.0,10.0,-0.0182,0.17,0.0,0.0,3.0,0.3,0.9798,1.75,0.0,0.0,3.0,0.3,0.0,0.0,0.0,0.0,0.0,0.0,0.0,3.0,3.0,6.0,3.0,478.0,5.0,6.0,,,,41.0,25.0,,,,5.5,1.0,,33.0,16.0,,Female,,0.41,0.40825,98.0,5.0,-1.0,0.47222,70.0,5.0,-1.0,-0.1835,-0.0326,0.22512,0.34107,5.0,0.5,5.0,0.75,0.0,0.75
5.0,Rita & Yvette,TARCAN4,5.0,5.0,94.0,6.0,-1.0,5.0,84.0,6.0,-1.0,9.0,9.0,-0.2121,0.0119,0.0,0.0,2.0,0.2222,1.76383,2.0,1.0,0.1111,1.0,0.1111,1.0,0.1111,0.0,1.0,0.0,0.0,0.0,5.0,2.0,8.0,6.0,479.0,5.0,5.0,,,,23.0,23.0,,,,5.0,0.0,,23.0,0.0,,Female,,0.34,0.34233,128.0,7.0,-2.0,0.33333,113.0,6.0,-1.0,-0.3153,-0.1888,0.26541,0.275,2.0,0.2222,7.0,0.8,0.0,0.8
7.0,Kelly & Kate,TARCAN4,5.8,5.8,127.0,8.0,-1.0,7.0,146.0,8.0,-1.0,5.0,5.0,-0.4061,-0.1462,1.0,0.2,2.0,0.4,3.24962,6.0,0.0,0.0,1.0,0.2,1.0,0.2,0.0,0.0,0.0,0.0,0.0,9.0,1.0,9.0,8.0,481.0,4.0,3.0,,,,25.0,25.0,,,,3.5,1.0,,25.0,0.0,,Female,,0.37,0.37222,115.0,6.0,1.0,0.11111,200.0,9.0,-2.0,-0.2556,-0.118,0.42002,0.75,2.0,0.4,3.0,1.0,0.0,1.0
8.0,Anne & Tanya,TARCAN4,7.25,7.25,176.0,9.0,-1.0,8.0,177.0,9.0,-1.0,4.0,4.0,-0.7576,-0.4328,0.0,0.0,0.0,0.0,1.29904,0.75,0.0,0.0,1.0,0.25,0.0,0.0,0.0,0.0,0.0,0.0,0.0,8.0,5.0,8.0,3.0,482.0,3.0,2.0,,,,40.0,40.0,,,,2.5,1.0,,40.0,0.0,,Female,,0.21,0.21181,189.0,9.0,-1.0,0.17361,180.0,8.0,0.0,-0.5764,-0.4981,0.18409,0.19792,1.0,0.25,3.0,0.5,0.0,0.5
6.0,Andrea & Ebonie,TARCAN5,5.29,5.28571,108.0,7.0,-1.0,6.0,117.0,7.0,-1.0,7.0,7.0,-0.3225,-0.0352,0.0,0.0,2.0,0.2857,2.11891,3.0,2.0,0.2857,1.0,0.1429,2.0,0.2857,0.0,1.0,0.0,0.0,0.0,7.0,2.0,7.0,5.0,490.0,3.0,3.0,,,,29.0,29.0,,,,3.0,0.0,,29.0,0.0,,Female,,0.31,0.31207,145.0,8.0,-2.0,0.14286,192.0,7.0,-1.0,-0.3759,-0.2388,0.36053,0.58333,2.0,0.2857,5.0,0.875,0.0,0.875
8.0,Megan & Courtney,TARCAN5,6.0,6.0,134.0,8.0,0.0,8.0,177.0,8.0,0.0,3.0,3.0,-0.5,-0.1742,1.0,0.3333,1.0,0.3333,3.55903,4.0,0.0,0.0,1.0,0.3333,0.0,0.0,0.0,0.0,0.0,0.0,0.0,,1.0,9.0,8.0,492.0,2.0,1.0,,,,23.0,21.0,,,,1.5,1.0,,22.0,2.0,,Female,,0.37,0.37037,116.0,6.0,2.0,0.11111,200.0,8.0,0.0,-0.2593,-0.0966,0.44752,0.5,1.0,0.3333,2.0,1.0,0.0,1.0
5.0,Nancy & Mellisa,TARCAN6,3.67,3.66667,38.0,4.0,1.0,2.0,4.0,1.0,4.0,9.0,9.0,0.1239,0.2776,1.0,0.1111,5.0,0.5556,2.26078,3.0,4.0,0.4444,1.0,0.1111,1.0,0.1111,0.0,0.0,1.0,0.0,0.0,2.0,1.0,8.0,7.0,499.0,5.0,5.0,,,,49.0,37.0,,,,5.0,0.0,,43.0,12.0,,Female,,0.55,0.54586,39.0,4.0,1.0,0.83333,6.0,1.0,4.0,0.0917,0.2871,0.39861,0.75,5.0,0.5556,4.0,1.0,0.0,1.0
6.0,Leanne & Mar,TARCAN6,3.5,3.5,32.0,2.0,4.0,3.5,39.0,4.0,2.0,8.0,8.0,0.1645,0.311,2.0,0.25,4.0,0.5,1.80278,2.0,0.0,0.0,1.0,0.125,0.0,0.0,0.0,0.0,0.0,0.0,0.0,1.0,1.0,6.0,5.0,500.0,4.0,5.0,,,,25.0,26.0,,,,4.5,1.0,,25.5,1.0,,Female,,0.58,0.58021,34.0,3.0,3.0,0.6125,36.0,4.0,2.0,0.1604,0.3681,0.33499,0.39583,6.0,0.75,2.0,1.0,0.0,1.0
7.0,Zainab & Monica,TARCAN6,6.67,6.66667,153.0,8.0,-1.0,7.0,146.0,8.0,-1.0,6.0,6.0,-0.5922,-0.313,0.0,0.0,0.0,0.0,1.49071,0.75,0.0,0.0,0.0,0.0,2.0,0.3333,0.0,1.0,1.0,0.0,0.0,7.0,4.0,9.0,5.0,501.0,3.0,4.0,,,,32.0,24.0,,,,3.5,1.0,,28.0,8.0,,Female,,0.21,0.21098,190.0,8.0,-1.0,0.125,196.0,8.0,-1.0,-0.578,-0.5025,0.23076,0.39583,1.0,0.1667,5.0,0.57143,0.0,0.57143
3.0,Lauren & Joanne,TARCAN7,4.36,4.36364,73.0,5.0,-2.0,4.0,47.0,5.0,-2.0,11.0,11.0,-0.0939,0.1567,0.0,0.0,3.0,0.2727,1.55346,1.5,1.0,0.0909,5.0,0.4545,0.0,0.0,0.0,0.0,0.0,0.0,0.0,4.0,2.0,8.0,6.0,507.0,6.0,5.0,,,,27.0,21.0,,,,5.5,1.0,,24.0,6.0,,Female,,0.35,0.34513,125.0,6.0,-3.0,0.33333,113.0,6.0,-3.0,-0.313,-0.1403,0.22388,0.30238,3.0,0.2727,8.0,0.75,0.0,0.75
6.0,Trish & Amy,TARCAN7,6.0,6.0,134.0,7.0,-1.0,6.0,117.0,7.0,-1.0,7.0,7.0,-0.5054,-0.1605,0.0,0.0,0.0,0.0,1.06904,1.5,0.0,0.0,1.0,0.1429,2.0,0.2857,0.0,0.0,0.0,0.0,0.0,7.0,4.0,7.0,3.0,510.0,4.0,3.0,,,,40.0,50.0,,,,3.5,1.0,,45.0,10.0,,Female,,0.21,0.20692,192.0,8.0,-2.0,0.14286,192.0,7.0,-1.0,-0.5881,-0.4846,0.22099,0.375,2.0,0.2857,5.0,0.55556,0.0,0.55556
7.0,Meaghan & Marie,TARCAN7,4.6,4.6,79.0,6.0,1.0,5.0,84.0,6.0,1.0,5.0,5.0,-0.1541,0.1103,0.0,0.0,2.0,0.4,1.85472,3.0,1.0,0.2,0.0,0.0,0.0,0.0,0.0,0.0,0.0,0.0,0.0,,2.0,7.0,5.0,511.0,3.0,4.0,,,,25.0,25.0,,,,3.5,1.0,,25.0,0.0,,Female,,0.48,0.47937,63.0,5.0,2.0,0.5,54.0,5.0,2.0,-0.0458,0.1941,0.3105,0.49206,3.0,0.6,2.0,0.83333,0.0,0.83333
9.0,Nicki & Aisha,TARCAN7,8.5,8.5,199.0,9.0,0.0,8.5,195.0,9.0,0.0,2.0,2.0,-1.1326,-0.6441,0.0,0.0,0.0,0.0,0.5,0.5,0.0,0.0,0.0,0.0,0.0,0.0,0.0,0.0,0.0,0.0,0.0,,8.0,9.0,1.0,513.0,1.0,2.0,,,,31.0,31.0,,,,1.5,1.0,,31.0,0.0,,Female,,0.11,0.11111,210.0,9.0,0.0,0.11111,200.0,8.0,1.0,-0.7788,-0.7232,0.11111,0.11111,0.0,0.0,2.0,0.22222,0.0,0.22222
3.0,Franca & Nella,TARCAN8,2.91,2.90909,11.0,1.0,2.0,3.0,15.0,2.0,1.0,11.0,11.0,0.333,0.4145,2.0,0.1818,8.0,0.7273,1.62114,1.5,3.0,0.2727,1.0,0.0909,0.0,0.0,0.0,0.0,0.0,0.0,0.0,3.0,1.0,7.0,6.0,517.0,7.0,7.0,,,,32.0,30.0,,,,7.0,0.0,,31.0,2.0,,Female,,0.66,0.65974,15.0,3.0,0.0,0.66667,23.0,2.0,1.0,0.3195,0.5338,0.26394,0.37857,8.0,0.7273,3.0,1.0,0.25,0.75
5.0,Beverley & Veronica,TARCAN8,3.7,3.7,42.0,5.0,0.0,3.5,39.0,5.0,0.0,10.0,10.0,0.1519,0.2555,0.0,0.0,5.0,0.5,1.26886,1.75,2.0,0.2,1.0,0.1,0.0,0.0,0.0,0.0,0.0,0.0,0.0,3.0,2.0,6.0,4.0,519.0,6.0,6.0,,,,30.0,32.0,,,,6.0,0.0,,31.0,2.0,,Female,,0.55,0.55091,38.0,5.0,0.0,0.6125,36.0,5.0,0.0,0.1018,0.2808,0.27058,0.30357,7.0,0.7,3.0,0.88889,0.0,0.88889
10.0,Jully & Kathy,TARCAN8,7.33,7.33333,178.0,9.0,1.0,7.0,146.0,8.0,2.0,3.0,3.0,-0.6802,-0.4748,0.0,0.0,0.0,0.0,2.0548,2.5,0.0,0.0,0.0,0.0,0.0,0.0,0.0,0.0,0.0,0.0,0.0,,5.0,10.0,5.0,524.0,3.0,2.0,,,,44.0,41.0,,,,2.5,1.0,,42.5,3.0,,Female,,0.11,0.11111,210.0,10.0,0.0,0.0,228.0,10.0,0.0,-0.7778,-0.7417,0.15713,0.16667,0.0,0.0,3.0,0.33333,0.0,0.33333
3.0,Ben & Anwar,TARCAN9,4.4,4.4,75.0,5.0,-2.0,4.0,47.0,5.0,-2.0,10.0,10.0,-0.0676,0.1489,0.0,0.0,5.0,0.5,2.00998,2.75,2.0,0.2,1.0,0.1,0.0,0.0,0.0,0.0,0.0,0.0,0.0,3.0,2.0,8.0,6.0,527.0,5.0,5.0,,,,31.0,32.0,,,,5.0,0.0,,31.5,1.0,,Female,,0.41,0.40508,99.0,5.0,-2.0,0.41667,90.0,5.0,-2.0,-0.1947,-0.0141,0.23793,0.3369,5.0,0.5,5.0,0.8,0.0,0.8
6.0,Derek & Jaspal,TARCAN9,3.43,3.42857,31.0,4.0,2.0,3.0,15.0,4.0,2.0,7.0,7.0,0.1677,0.3366,1.0,0.1429,5.0,0.7143,1.4983,1.0,0.0,0.0,1.0,0.1429,0.0,0.0,0.0,0.0,0.0,0.0,0.0,3.0,1.0,6.0,5.0,530.0,4.0,2.0,,,,28.0,28.0,,,,3.0,2.0,,28.0,0.0,,Female,,0.59,0.58696,31.0,4.0,2.0,0.71429,17.0,4.0,2.0,0.1668,0.4286,0.32742,0.33056,5.0,0.7143,2.0,1.0,0.0,1.0
10.0,Gail & Gisele,TARCAN9,10.0,10.0,222.0,10.0,0.0,10.0,221.0,10.0,0.0,1.0,1.0,-1.4265,-0.9342,0.0,0.0,0.0,0.0,0.0,0.0,0.0,0.0,0.0,0.0,0.0,0.0,0.0,0.0,0.0,0.0,0.0,,10.0,10.0,0.0,534.0,0.0,0.0,,,,46.0,34.0,,,,0.0,0.0,,40.0,12.0,,Female,,0.0,0.0,231.0,10.0,0.0,0.0,228.0,10.0,0.0,-1.0,-1.0,0.0,0.0,0.0,0.0,1.0,0.0,0.0,0.0
2.0,Sam & Renae,TARAU1,4.08,4.08333,57.0,4.0,-2.0,4.0,47.0,3.0,-1.0,12.0,12.0,0.0957,0.2527,2.0,0.1667,4.0,0.3333,2.01901,2.5,1.0,0.0833,2.0,0.1667,1.0,0.0833,0.0,0.0,0.0,0.0,0.0,4.0,1.0,8.0,7.0,536.0,6.0,6.0,,,,22.0,23.0,,,,6.0,0.0,,22.5,1.0,,Female,,0.46,0.46038,69.0,5.0,-3.0,0.45,75.0,5.0,-3.0,-0.0792,0.0624,0.29691,0.35694,6.0,0.5,6.0,1.0,0.0,1.0
7.0,Alana & Mel,TARAU1,6.67,6.66667,153.0,7.0,0.0,7.0,146.0,7.0,0.0,6.0,6.0,-0.4783,-0.2216,0.0,0.0,1.0,0.1667,2.62467,3.0,1.0,0.1667,1.0,0.1667,0.0,0.0,0.0,0.0,0.0,0.0,0.0,7.0,2.0,10.0,8.0,541.0,2.0,4.0,,,,25.0,28.0,,,,3.0,2.0,,26.5,3.0,,Female,,0.31,0.31124,147.0,9.0,-2.0,0.225,162.0,9.0,-2.0,-0.3775,-0.2818,0.29013,0.25893,1.0,0.1667,5.0,0.88889,0.0,0.88889
10.0,Anne-Marie & Tracy,TARAU1,8.67,8.66667,204.0,11.0,-1.0,8.0,177.0,9.0,1.0,3.0,3.0,-0.9216,-0.5879,0.0,0.0,0.0,0.0,0.94281,1.0,0.0,0.0,0.0,0.0,0.0,0.0,0.0,0.0,0.0,0.0,0.0,8.0,8.0,10.0,2.0,544.0,2.0,1.0,,,,53.0,46.0,,,,1.5,1.0,,49.5,7.0,,Female,,0.2,0.2,193.0,10.0,0.0,0.3,134.0,8.0,2.0,-0.6,-0.5385,0.14142,0.15,0.0,0.0,3.0,0.3,0.0,0.3
3.0,Michelle & Jo,TARAU2,2.92,2.91667,12.0,1.0,2.0,3.0,15.0,2.0,1.0,12.0,12.0,0.3692,0.4374,1.0,0.0833,10.0,0.8333,1.44097,1.0,4.0,0.3333,0.0,0.0,0.0,0.0,0.0,0.0,0.0,1.0,0.0,3.0,1.0,7.0,6.0,548.0,5.0,5.0,,,,26.0,26.0,,,,5.0,0.0,,26.0,0.0,,Female,,0.67,0.66809,13.0,2.0,1.0,0.72222,16.0,1.0,2.0,0.3362,0.4364,0.26264,0.28214,10.0,0.8333,2.0,1.0,0.0,1.0
5.0,Lucy & Emilia,TARAU2,6.9,6.9,162.0,10.0,-5.0,5.5,112.0,8.0,-3.0,10.0,10.0,-0.4905,-0.3295,0.0,0.0,0.0,0.0,2.2561,3.75,0.0,0.0,4.0,0.4,1.0,0.1,0.0,0.0,0.0,0.0,0.0,5.0,5.0,11.0,6.0,550.0,3.0,5.0,,,,36.0,30.0,,,,4.0,2.0,,33.0,6.0,,Female,,0.19,0.19171,198.0,10.0,-5.0,0.1625,186.0,10.0,-5.0,-0.6166,-0.5878,0.14071,0.21865,0.0,0.0,10.0,0.42857,0.0,0.42857
10.0,Sue & Teresa,TARAU2,5.67,5.66667,122.0,9.0,1.0,4.0,47.0,4.0,6.0,3.0,3.0,-0.2248,-0.0925,0.0,0.0,1.0,0.3333,3.09121,3.5,0.0,0.0,0.0,0.0,0.0,0.0,0.0,0.0,0.0,0.0,0.0,,3.0,10.0,7.0,555.0,2.0,0.0,,,,40.0,44.0,,,,1.0,2.0,,42.0,4.0,,Female,,0.5,0.5,56.0,6.0,4.0,0.7,19.0,2.0,8.0,0.0,0.075,0.3559,0.4,2.0,0.6667,1.0,0.8,0.0,0.8
4.0,Carla & Hereni,TARAU3,4.11,4.11111,58.0,6.0,-2.0,4.0,47.0,5.0,-1.0,9.0,9.0,-0.0275,0.1612,1.0,0.1111,3.0,0.3333,2.0787,3.0,2.0,0.2222,4.0,0.4444,0.0,0.0,0.0,0.0,0.0,0.0,0.0,2.0,1.0,8.0,7.0,560.0,6.0,4.0,,,,37.0,42.0,,,,5.0,2.0,,39.5,5.0,,Female,,0.41,0.41107,95.0,6.0,-2.0,0.25,149.0,9.0,-5.0,-0.1779,-0.0538,0.34506,0.55,3.0,0.3333,6.0,1.0,0.0,1.0
8.0,Aston & Christie,TARAU3,7.0,7.0,163.0,8.0,0.0,7.0,146.0,8.0,0.0,3.0,3.0,-0.75,-0.4286,0.0,0.0,0.0,0.0,0.8165,1.0,0.0,0.0,0.0,0.0,0.0,0.0,0.0,0.0,0.0,0.0,0.0,,6.0,8.0,2.0,564.0,2.0,1.0,,,,32.0,35.0,,,,1.5,1.0,,33.5,3.0,,Female,,0.24,0.23611,181.0,9.0,-1.0,0.33333,113.0,6.0,2.0,-0.5278,-0.4565,0.16782,0.1875,0.0,0.0,3.0,0.375,0.0,0.375
10.0,Inga & Tiharna,TARAU3,10.0,10.0,222.0,10.0,0.0,10.0,221.0,10.0,0.0,1.0,1.0,-1.5,-1.0408,0.0,0.0,0.0,0.0,0.0,0.0,0.0,0.0,0.0,0.0,0.0,0.0,0.0,0.0,0.0,0.0,0.0,,10.0,10.0,0.0,566.0,0.0,1.0,,,,27.0,26.0,,,,0.5,1.0,,26.5,1.0,,Female,,0.0,0.0,231.0,10.0,0.0,0.0,228.0,10.0,0.0,-1.0,-1.0,0.0,0.0,0.0,0.0,1.0,0.0,0.0,0.0
7.0,Hayley & Mikayla,TARAU4,4.33,4.33333,71.0,5.0,2.0,4.0,47.0,5.0,2.0,6.0,6.0,0.0099,0.2483,0.0,0.0,3.0,0.5,1.79505,2.75,1.0,0.1667,0.0,0.0,0.0,0.0,0.0,0.0,0.0,0.0,0.0,3.0,2.0,7.0,5.0,573.0,1.0,2.0,,,,29.0,24.0,,,,1.5,1.0,,26.5,5.0,,Female,,0.54,0.53975,42.0,4.0,3.0,0.63889,31.0,3.0,4.0,0.0795,0.3906,0.3147,0.45516,4.0,0.6667,2.0,0.875,0.0,0.875
9.0,Rowah & Amani,TARAU4,8.5,8.5,199.0,9.0,0.0,8.5,195.0,9.0,0.0,4.0,4.0,-0.9435,-0.4757,0.0,0.0,0.0,0.0,0.5,1.0,0.0,0.0,0.0,0.0,1.0,0.25,0.0,0.0,0.0,0.0,0.0,8.0,8.0,9.0,1.0,575.0,1.0,1.0,,,,42.0,18.0,,,,1.0,0.0,,30.0,24.0,,Female,,0.13,0.13056,208.0,9.0,0.0,0.11111,200.0,9.0,0.0,-0.7389,-0.6636,0.13342,0.24167,0.0,0.0,4.0,0.3,0.0,0.3
10.0,Judy & Therese,TARAU4,10.0,10.0,222.0,10.0,0.0,10.0,221.0,10.0,0.0,2.0,2.0,-1.2865,-0.7361,0.0,0.0,0.0,0.0,0.0,0.0,0.0,0.0,1.0,0.5,0.0,0.0,0.0,0.0,0.0,0.0,0.0,10.0,10.0,10.0,0.0,576.0,1.0,0.0,,,,53.0,45.0,,,,0.5,1.0,,49.0,8.0,,Female,,0.05,0.05,223.0,10.0,0.0,0.05,220.0,10.0,0.0,-0.9,-0.8712,0.05,0.05,0.0,0.0,2.0,0.1,0.0,0.1
2.0,Ashleigh & Amanda,TARAU5,2.77,2.77273,9.0,1.0,1.0,3.0,15.0,2.0,0.0,22.0,22.0,0.4523,0.5503,8.0,0.3636,17.0,0.7727,1.85697,2.0,2.0,0.0909,1.0,0.0455,1.0,0.0455,0.0,0.0,0.0,0.0,0.0,1.0,1.0,8.0,7.0,579.0,8.0,10.0,,,,32.0,29.0,,,,9.0,2.0,,30.5,3.0,,Female,,0.72,0.72252,5.0,1.0,1.0,0.78409,8.0,2.0,0.0,0.445,0.6359,0.28886,0.52885,16.0,0.7273,6.0,1.0,0.0,1.0
6.0,MJ & Chelsea,TARAU5,3.4,3.4,29.0,2.0,4.0,3.0,15.0,2.0,4.0,10.0,10.0,0.3278,0.4481,3.0,0.3,6.0,0.6,2.10713,3.75,1.0,0.1,1.0,0.1,0.0,0.0,0.0,1.0,0.0,0.0,0.0,1.0,1.0,7.0,6.0,583.0,5.0,3.0,,,,31.0,29.0,,,,4.0,2.0,,30.0,2.0,,Female,,0.62,0.61952,24.0,3.0,3.0,0.68889,22.0,3.0,3.0,0.239,0.4027,0.35099,0.60516,7.0,0.7,3.0,1.0,0.0,1.0
14.0,Malaan & Tina,TARAU5,10.0,10.0,222.0,15.0,-1.0,11.0,233.0,15.0,-1.0,4.0,4.0,-0.9771,-0.6234,0.0,0.0,0.0,0.0,2.34521,1.5,0.0,0.0,1.0,0.25,0.0,0.0,0.0,0.0,0.0,0.0,0.0,11.0,6.0,12.0,6.0,591.0,1.0,1.0,,,,27.0,26.0,,,,1.0,0.0,,26.5,1.0,,Female,,0.23,0.22625,184.0,15.0,-1.0,0.16084,188.0,14.0,0.0,-0.5475,-0.4877,0.22194,0.25073,1.0,0.25,3.0,0.58333,0.0,0.58333
15.0,Jude & Shannon,TARAU5,11.33,11.33333,246.0,16.0,-1.0,12.0,245.0,16.0,-1.0,3.0,3.0,-1.2401,-0.8393,0.0,0.0,0.0,0.0,0.94281,1.0,0.0,0.0,0.0,0.0,1.0,0.3333,0.0,0.0,0.0,0.0,0.0,12.0,10.0,12.0,2.0,592.0,0.0,1.0,,,,49.0,45.0,,,,0.5,1.0,,47.0,4.0,,Female,,0.13,0.13034,209.0,16.0,-1.0,0.08333,218.0,16.0,-1.0,-0.7393,-0.7049,0.12994,0.15385,0.0,0.0,3.0,0.30769,0.0,0.30769
4.0,Tiffany & Cynthia,TARAU6,6.53,6.53333,149.0,9.0,-5.0,6.0,117.0,7.0,-3.0,15.0,15.0,-0.2225,0.134,0.0,0.0,3.0,0.2,3.94743,4.0,1.0,0.0667,2.0,0.1333,1.0,0.0667,0.0,1.0,0.0,0.0,0.0,4.0,2.0,15.0,13.0,597.0,4.0,8.0,,,,,,,,,6.0,4.0,,,,,Female,,0.42,0.41516,91.0,9.0,-5.0,0.42857,85.0,9.0,-5.0,-0.1697,0.0564,0.26004,0.45419,7.0,0.4667,8.0,0.83333,0.0,0.83333
6.0,Lauren & Steph,TARAU6,5.67,5.66667,122.0,7.0,-1.0,6.0,117.0,7.0,-1.0,12.0,12.0,-0.0615,0.248,0.0,0.0,4.0,0.3333,2.65623,4.25,2.0,0.1667,2.0,0.1667,0.0,0.0,0.0,1.0,0.0,0.0,0.0,3.0,2.0,11.0,9.0,599.0,5.0,5.0,,,,,,,,,5.0,0.0,,,,,Female,,0.49,0.48564,57.0,7.0,-1.0,0.43561,84.0,8.0,-2.0,-0.0287,0.2357,0.30486,0.52738,5.0,0.4167,7.0,0.93333,0.0,0.93333
8.0,Jodie & Claire,TARAU6,9.1,9.1,214.0,13.0,-5.0,8.5,195.0,13.0,-5.0,10.0,10.0,-0.7037,-0.2069,0.0,0.0,0.0,0.0,3.41906,3.25,0.0,0.0,2.0,0.2,1.0,0.1,0.0,0.0,0.0,0.0,0.0,9.0,4.0,17.0,13.0,601.0,3.0,4.0,,,,,,,,,3.5,1.0,,,,,Female,,0.3,0.29546,154.0,14.0,-6.0,0.27922,146.0,15.0,-7.0,-0.4091,-0.2482,0.21661,0.3629,2.0,0.2,8.0,0.7,0.0,0.7
9.0,Fliss & Tottie,TARAU6,8.11,8.11111,197.0,10.0,-1.0,8.0,177.0,12.0,-3.0,9.0,9.0,-0.5184,-0.0756,0.0,0.0,0.0,0.0,2.18299,2.0,0.0,0.0,0.0,0.0,0.0,0.0,0.0,0.0,0.0,0.0,0.0,8.0,4.0,12.0,8.0,602.0,2.0,3.0,,,,,,,,,2.5,1.0,,,,,Female,,0.37,0.37307,114.0,11.0,-2.0,0.33333,113.0,11.0,-2.0,-0.2539,-0.0507,0.23097,0.32323,3.0,0.3333,6.0,0.78571,0.0,0.78571
10.0,Flick & Gabby,TARAU6,3.5,3.5,32.0,3.0,7.0,3.0,15.0,3.0,7.0,12.0,12.0,0.3447,0.5358,1.0,0.0833,7.0,0.5833,1.55456,1.5,2.0,0.1667,0.0,0.0,0.0,0.0,0.0,0.0,0.0,0.0,0.0,3.0,1.0,7.0,6.0,603.0,4.0,3.0,,,,,,,,,3.5,1.0,,,,,Female,,0.67,0.67427,11.0,4.0,6.0,0.79798,7.0,3.0,7.0,0.3485,0.7157,0.27386,0.33095,9.0,0.75,3.0,1.0,0.0,1.0
13.0,Morgan & Lilli,TARAU6,9.13,9.125,215.0,14.0,-1.0,10.0,221.0,14.0,-1.0,8.0,8.0,-0.7093,-0.2109,0.0,0.0,0.0,0.0,3.05931,4.0,0.0,0.0,1.0,0.125,0.0,0.0,0.0,0.0,0.0,0.0,0.0,11.0,4.0,13.0,9.0,606.0,3.0,2.0,,,,,,,,,2.5,1.0,,,,,Female,,0.35,0.35294,123.0,12.0,1.0,0.31303,132.0,13.0,0.0,-0.2941,-0.1019,0.24717,0.35631,3.0,0.375,5.0,0.75,0.0,0.75
15.0,Crystal & Reem,TARAU6,10.67,10.66667,234.0,17.0,-2.0,12.5,251.0,18.0,-3.0,6.0,6.0,-0.9976,-0.4151,0.0,0.0,0.0,0.0,4.53382,7.0,0.0,0.0,1.0,0.1667,0.0,0.0,0.0,0.0,0.0,0.0,0.0,,4.0,16.0,12.0,608.0,2.0,2.0,,,,,,,,,2.0,0.0,,,,,Female,,0.3,0.30056,152.0,13.0,2.0,0.16597,185.0,18.0,-3.0,-0.3989,-0.2352,0.29013,0.47059,2.0,0.3333,4.0,0.73333,0.0,0.73333
19.0,Bren & Anja,TARAU6,10.0,10.0,222.0,15.0,4.0,10.0,221.0,14.0,5.0,1.0,1.0,-0.8722,-0.3263,0.0,0.0,0.0,0.0,0.0,0.0,0.0,0.0,0.0,0.0,0.0,0.0,0.0,0.0,0.0,0.0,0.0,,10.0,10.0,0.0,612.0,1.0,0.0,,,,,,,,,0.5,1.0,,,,,Female,,0.0,0.0,231.0,19.0,0.0,0.0,228.0,19.0,0.0,-1.0,-1.0,0.0,0.0,0.0,0.0,1.0,0.0,0.0,0.0
1.0,Emma & Hayley,TARAU7,3.08,3.08333,16.0,3.0,-2.0,3.0,15.0,3.0,-2.0,12.0,12.0,0.2852,0.4577,4.0,0.3333,7.0,0.5833,1.80085,3.0,0.0,0.0,3.0,0.25,0.0,0.0,0.0,0.0,0.0,0.0,0.0,1.0,1.0,7.0,6.0,615.0,5.0,2.0,,,,33.0,34.0,,,,3.5,3.0,,,,,Female,,0.63,0.63274,22.0,3.0,-2.0,0.625,32.0,3.0,-2.0,0.2203,0.5564,0.30696,0.66667,7.0,0.5833,5.0,1.0,0.14286,0.85714
1.0,Alli & Angie,TARAU7,2.92,2.91667,12.0,2.0,-1.0,2.0,4.0,2.0,-1.0,12.0,12.0,0.3223,0.4859,3.0,0.25,7.0,0.5833,1.75396,2.25,4.0,0.3333,1.0,0.0833,1.0,0.0833,0.0,0.0,0.0,0.0,0.0,2.0,1.0,6.0,5.0,616.0,4.0,3.0,,,,25.0,52.0,,,,3.5,1.0,,,,,Female,,0.66,0.66435,14.0,2.0,-1.0,0.775,10.0,2.0,-1.0,0.2812,0.6342,0.31943,0.54167,8.0,0.6667,4.0,1.0,0.0,1.0
6.0,Bec & Kate,TARAU7,5.29,5.28571,108.0,6.0,0.0,5.0,84.0,6.0,0.0,7.0,7.0,-0.2278,0.0687,0.0,0.0,3.0,0.4286,2.71052,4.0,1.0,0.1429,1.0,0.1429,0.0,0.0,0.0,0.0,0.0,0.0,0.0,3.0,2.0,10.0,8.0,619.0,2.0,2.0,,,,40.0,38.0,,,,2.0,0.0,,,,,Female,,0.44,0.44229,75.0,6.0,0.0,0.5,54.0,5.0,1.0,-0.147,0.088,0.31206,0.54722,4.0,0.5714,3.0,0.85714,0.0,0.85714
4.0,Lisa & Karen,TARCR1,4.82,4.81818,88.0,6.0,-2.0,5.0,84.0,6.0,-2.0,11.0,11.0,-0.1745,0.0749,0.0,0.0,2.0,0.1818,1.74867,1.0,1.0,0.0909,2.0,0.1818,1.0,0.0909,0.0,0.0,1.0,0.0,1.0,5.0,2.0,8.0,6.0,628.0,5.0,6.0,,,,36.0,45.0,,,,5.5,1.0,,40.5,9.0,,Female,,0.32,0.32406,139.0,6.0,-2.0,0.33333,113.0,6.0,-2.0,-0.3519,-0.2081,0.22325,0.29067,3.0,0.2727,8.0,0.75,0.0,0.75
5.0,Sarah & Molly,TARCR1,3.4,3.4,29.0,4.0,1.0,3.5,39.0,4.0,1.0,10.0,10.0,0.1715,0.3474,1.0,0.1,5.0,0.5,1.42829,1.75,2.0,0.2,0.0,0.0,0.0,0.0,0.0,0.0,0.0,0.0,0.0,4.0,1.0,6.0,5.0,629.0,5.0,5.0,,,,24.0,34.0,,,,5.0,0.0,,29.0,10.0,,Female,,0.6,0.59607,28.0,4.0,1.0,0.66667,23.0,4.0,1.0,0.1921,0.4567,0.26553,0.19792,8.0,0.8,2.0,1.0,0.0,1.0
7.0,Bonnie & Mel,TARCR1,6.6,6.6,151.0,7.0,0.0,7.0,146.0,7.0,0.0,5.0,5.0,-0.6082,-0.2668,0.0,0.0,0.0,0.0,0.4899,1.0,0.0,0.0,1.0,0.2,0.0,0.0,0.0,0.0,0.0,0.0,0.0,7.0,6.0,7.0,1.0,631.0,2.0,3.0,,,,54.0,54.0,,,,2.5,1.0,,54.0,0.0,,Female,,0.26,0.25913,174.0,7.0,0.0,0.33333,113.0,6.0,1.0,-0.4817,-0.3667,0.16367,0.23214,0.0,0.0,5.0,0.44444,0.0,0.44444
5.0,Mary & Cecilia,TARCR2,4.2,4.2,63.0,4.0,1.0,4.5,79.0,6.0,-1.0,10.0,9.0,0.0168,0.2179,3.0,0.3,3.0,0.3,2.4,4.0,0.0,0.0,3.0,0.3,1.0,0.1,0.0,0.0,1.0,2.0,0.0,1.0,1.0,8.0,7.0,639.0,5.0,4.0,,,,22.0,20.0,,,,4.5,1.0,,21.0,2.0,,Female,,0.43,0.43345,84.0,7.0,-2.0,0.28333,145.0,9.0,-4.0,-0.1331,0.0254,0.39937,0.74554,4.0,0.4,6.0,1.0,0.0,1.0
6.0,Elena & Tameka,TARCR2,4.0,4.0,53.0,3.0,3.0,3.0,15.0,3.0,3.0,8.0,8.0,0.0636,0.2551,0.0,0.0,5.0,0.625,1.87083,3.25,2.0,0.25,0.0,0.0,1.0,0.125,0.0,1.0,0.0,0.0,0.0,3.0,2.0,7.0,5.0,640.0,3.0,4.0,,,,28.0,28.0,,,,3.5,1.0,,28.0,0.0,,Female,,0.53,0.52867,45.0,4.0,2.0,0.66667,23.0,4.0,2.0,0.0573,0.2507,0.33546,0.47679,5.0,0.625,3.0,0.88889,0.0,0.88889
5.0,Janelle & Karin,TARCR3,4.9,4.9,92.0,7.0,-2.0,5.0,84.0,7.0,-2.0,10.0,10.0,-0.1154,0.1155,1.0,0.1,2.0,0.2,2.11896,1.75,1.0,0.1,2.0,0.2,1.0,0.1,1.0,0.0,0.0,0.0,0.0,6.0,1.0,9.0,8.0,650.0,5.0,4.0,,,,21.0,23.0,,,,4.5,1.0,,22.0,2.0,,Female,,0.38,0.37873,109.0,7.0,-2.0,0.28571,139.0,7.0,-2.0,-0.2425,-0.082,0.32438,0.42024,4.0,0.4,6.0,1.0,0.0,1.0
1.0,Patrícia & Sane,TARBR1,3.08,3.07692,15.0,3.0,-2.0,3.0,15.0,3.0,-2.0,13.0,13.0,0.2867,0.4529,2.0,0.1538,8.0,0.6154,1.26865,2.0,2.0,0.1538,1.0,0.0769,0.0,0.0,0.0,0.0,0.0,0.0,0.0,3.0,1.0,5.0,4.0,657.0,6.0,6.0,,,,,,,,,6.0,0.0,,,,,Female,,0.65,0.64844,21.0,2.0,-1.0,0.66667,23.0,2.0,-1.0,0.2969,0.623,0.22064,0.3,11.0,0.8462,2.0,1.0,0.25,0.75
5.0,Débora & Daniela,TARBR1,4.7,4.7,82.0,5.0,0.0,5.0,84.0,5.0,0.0,10.0,10.0,-0.0884,0.1652,1.0,0.1,3.0,0.3,2.14709,3.25,1.0,0.1,1.0,0.1,1.0,0.1,0.0,0.0,0.0,0.0,0.0,5.0,1.0,8.0,7.0,661.0,6.0,3.0,,,,,,,,,4.5,3.0,,,,,Female,,0.43,0.43317,86.0,5.0,0.0,0.4,93.0,5.0,0.0,-0.1337,0.0842,0.33348,0.53175,5.0,0.5,5.0,1.0,0.0,1.0
6.0,Andréa & Luciana,TARBR1,6.13,6.125,138.0,8.0,-2.0,6.0,117.0,6.0,0.0,8.0,8.0,-0.4196,-0.0888,1.0,0.125,1.0,0.125,2.2044,1.25,0.0,0.0,1.0,0.125,1.0,0.125,0.0,0.0,0.0,0.0,0.0,6.0,1.0,9.0,8.0,662.0,5.0,2.0,,,,,,,,,3.5,3.0,,,,,Female,,0.29,0.29236,157.0,9.0,-3.0,0.21111,169.0,8.0,-2.0,-0.4153,-0.2682,0.29888,0.25,1.0,0.125,7.0,1.0,0.0,1.0
7.0,Milene & Jaqueline,TARBR1,6.0,6.0,134.0,7.0,0.0,6.0,117.0,6.0,1.0,7.0,7.0,-0.3895,-0.0657,0.0,0.0,1.0,0.1429,1.92725,2.0,1.0,0.1429,3.0,0.4286,0.0,0.0,0.0,0.0,0.0,0.0,0.0,8.0,2.0,8.0,6.0,663.0,3.0,3.0,,,,,,,,,3.0,0.0,,,,,Female,,0.31,0.31304,143.0,8.0,-1.0,0.16667,181.0,9.0,-2.0,-0.3739,-0.2165,0.29395,0.31786,2.0,0.2857,5.0,0.88889,0.0,0.88889
8.0,Mari Lice & Tâmisa,TARBR1,5.0,5.0,94.0,6.0,2.0,6.0,117.0,6.0,2.0,5.0,5.0,-0.1579,0.1119,0.0,0.0,2.0,0.4,2.19089,3.0,1.0,0.2,0.0,0.0,0.0,0.0,0.0,0.0,0.0,0.0,0.0,6.0,2.0,8.0,6.0,664.0,2.0,2.0,,,,,,,,,2.0,0.0,,,,,Female,,0.51,0.51389,50.0,4.0,4.0,0.5,54.0,3.0,5.0,0.0278,0.2863,0.30174,0.30556,3.0,0.6,2.0,0.875,0.0,0.875
5.0,Hadas & Inbal,TARIL1,4.88,4.875,91.0,5.0,0.0,4.5,79.0,5.0,0.0,8.0,8.0,-0.1432,0.0633,0.0,0.0,2.0,0.25,1.69097,1.75,0.0,0.0,0.0,0.0,1.0,0.125,0.0,1.0,0.0,0.0,0.0,4.0,3.0,8.0,5.0,672.0,3.0,5.0,,,,25.0,24.0,,,,4.0,2.0,,24.5,1.0,,Female,,0.36,0.36498,119.0,6.0,-1.0,0.325,129.0,6.0,-1.0,-0.27,-0.1239,0.27507,0.5,3.0,0.375,5.0,0.71429,0.0,0.71429
6.0,Yael & Eliana,TARIL1,5.17,5.16667,105.0,6.0,0.0,6.0,117.0,6.0,0.0,6.0,6.0,-0.2112,0.0077,0.0,0.0,1.0,0.1667,1.46249,0.75,1.0,0.1667,0.0,0.0,0.0,0.0,0.0,0.0,0.0,0.0,0.0,6.0,2.0,6.0,4.0,673.0,2.0,4.0,,,,32.0,33.0,,,,3.0,2.0,,32.5,1.0,,Female,,0.39,0.3879,106.0,5.0,1.0,0.35417,106.0,5.0,1.0,-0.2242,-0.0689,0.26402,0.12946,1.0,0.1667,5.0,0.88889,0.0,0.88889
7.0,Hannah & Margalit,TARIL1,6.6,6.6,151.0,7.0,0.0,7.0,146.0,7.0,0.0,5.0,5.0,-0.5462,-0.2668,1.0,0.2,1.0,0.2,2.93939,2.0,0.0,0.0,3.0,0.6,0.0,0.0,1.0,0.0,0.0,0.0,1.0,,1.0,9.0,8.0,674.0,2.0,1.0,,,,55.0,62.0,,,,1.5,1.0,,58.5,7.0,,Female,,0.27,0.27302,165.0,7.0,0.0,0.11111,200.0,9.0,-2.0,-0.454,-0.3447,0.36672,0.03175,1.0,0.2,4.0,1.0,0.0,1.0
10.0,Liran & Elena,TARIL1,8.0,8.0,192.0,9.0,1.0,8.0,177.0,8.0,2.0,2.0,2.0,-0.8741,-0.5355,0.0,0.0,0.0,0.0,2.0,2.0,0.0,0.0,0.0,0.0,0.0,0.0,0.0,0.0,0.0,0.0,0.0,,6.0,10.0,4.0,677.0,1.0,1.0,,,,20.0,24.0,,,,1.0,0.0,,22.0,4.0,,Female,,0.22,0.22222,186.0,9.0,1.0,0.22222,164.0,7.0,3.0,-0.5556,-0.4666,0.22222,0.22222,0.0,0.0,2.0,0.44444,0.0,0.44444
1.0,Bar & Inna,TARIL2,4.0,4.0,53.0,4.0,-3.0,4.0,47.0,4.0,-3.0,13.0,13.0,-0.0127,0.297,4.0,0.3077,6.0,0.4615,2.48069,5.0,0.0,0.0,3.0,0.2308,2.0,0.1538,1.0,2.0,0.0,1.0,0.0,1.0,1.0,8.0,7.0,678.0,4.0,5.0,,,,22.0,23.0,,,,4.5,1.0,,22.5,1.0,,Female,,0.48,0.47775,64.0,5.0,-4.0,0.33333,113.0,6.0,-5.0,-0.0445,0.2737,0.38018,0.83333,5.0,0.3846,8.0,1.0,0.0,1.0
5.0,Osnat & Carmit,TARIL2,4.7,4.7,82.0,7.0,-2.0,4.5,79.0,7.0,-2.0,10.0,10.0,-0.1899,0.174,0.0,0.0,2.0,0.2,1.26886,1.75,0.0,0.0,3.0,0.3,1.0,0.1,1.0,0.0,0.0,0.0,0.0,4.0,3.0,7.0,4.0,682.0,5.0,5.0,,,,45.0,50.0,,,,5.0,0.0,,47.5,5.0,,Female,,0.34,0.33845,130.0,7.0,-2.0,0.375,104.0,5.0,0.0,-0.3231,-0.0977,0.23717,0.34286,5.0,0.5,5.0,0.66667,0.0,0.66667
10.0,Tal & Mor,TARIL2,10.0,10.0,222.0,10.0,0.0,10.0,221.0,10.0,0.0,1.0,1.0,-1.5316,-0.7575,0.0,0.0,0.0,0.0,0.0,0.0,0.0,0.0,0.0,0.0,0.0,0.0,0.0,0.0,0.0,0.0,0.0,,10.0,10.0,0.0,687.0,1.0,0.0,,,,54.0,29.0,,,,0.5,1.0,,41.5,25.0,,Female,,0.1,0.1,214.0,9.0,1.0,0.1,209.0,9.0,1.0,-0.8,-0.7334,0.0,0.0,0.0,0.0,1.0,0.1,0.1,0.0
2.0,Romi & Coral,TARIL3,3.15,3.15385,19.0,1.0,1.0,3.0,15.0,2.0,0.0,13.0,13.0,0.2983,0.4231,2.0,0.1538,9.0,0.6923,1.45951,1.0,1.0,0.0769,1.0,0.0769,1.0,0.0769,0.0,0.0,0.0,0.0,0.0,3.0,1.0,7.0,6.0,690.0,4.0,3.0,,,,18.0,20.0,,,,3.5,1.0,,19.0,2.0,,Female,,0.62,0.61587,25.0,4.0,-2.0,0.66667,23.0,4.0,-2.0,0.2317,0.441,0.26458,0.27778,10.0,0.7692,3.0,1.0,0.0,1.0
3.0,Ma'Ayan & Bat-El,TARIL3,4.31,4.30769,70.0,6.0,-3.0,4.0,47.0,5.0,-2.0,13.0,13.0,0.04,0.2106,2.0,0.1538,5.0,0.3846,2.43009,2.0,1.0,0.0769,2.0,0.1538,0.0,0.0,0.0,2.0,0.0,0.0,0.0,5.0,1.0,9.0,8.0,691.0,4.0,3.0,,,,20.0,20.0,,,,3.5,1.0,,20.0,0.0,,Female,,0.48,0.48196,60.0,6.0,-3.0,0.42857,85.0,6.0,-3.0,-0.0361,0.1277,0.29894,0.41667,6.0,0.4615,7.0,1.0,0.0,1.0
5.0,Debbie & Dana,TARIL3,5.09,5.09091,102.0,7.0,-2.0,5.0,84.0,7.0,-2.0,11.0,11.0,-0.1338,0.0678,1.0,0.0909,2.0,0.1818,2.1513,2.0,0.0,0.0,1.0,0.0909,1.0,0.0909,0.0,2.0,2.0,2.0,0.0,6.0,1.0,10.0,9.0,693.0,4.0,3.0,,,,46.0,24.0,,,,3.5,1.0,,35.0,22.0,,Female,,0.37,0.37392,112.0,7.0,-2.0,0.33333,113.0,7.0,-2.0,-0.2522,-0.1251,0.29169,0.34048,3.0,0.2727,8.0,1.0,0.0,1.0
11.0,Herut & Yoftut,TARIL3,11.0,11.0,235.0,11.0,0.0,11.0,233.0,11.0,0.0,1.0,1.0,-1.4502,-1.0147,0.0,0.0,0.0,0.0,0.0,0.0,0.0,0.0,0.0,0.0,0.0,0.0,0.0,0.0,0.0,0.0,0.0,,11.0,11.0,0.0,699.0,0.0,0.0,,,,21.0,20.0,,,,0.0,0.0,,20.5,1.0,,Female,,0.0,0.0,231.0,11.0,0.0,0.0,228.0,10.0,1.0,-1.0,-1.0,0.0,0.0,0.0,0.0,1.0,0.0,0.0,0.0
3.0,Yochi & Linor,TARIL4,4.46,4.46154,76.0,6.0,-3.0,4.0,47.0,4.0,-1.0,13.0,13.0,0.0488,0.1964,1.0,0.0769,5.0,0.3846,2.09818,3.0,1.0,0.0769,1.0,0.0769,1.0,0.0769,0.0,0.0,0.0,0.0,0.0,3.0,1.0,9.0,8.0,702.0,4.0,3.0,,,,24.0,24.0,,,,3.5,1.0,,24.0,0.0,,Female,,0.45,0.45234,72.0,7.0,-4.0,0.5,54.0,5.0,-2.0,-0.0953,0.142,0.27825,0.26984,7.0,0.5385,6.0,1.0,0.0,1.0
9.0,Roni & Yael,TARIL4,6.83,6.83333,160.0,10.0,-1.0,7.0,146.0,8.0,1.0,6.0,6.0,-0.4567,-0.2306,0.0,0.0,0.0,0.0,2.33928,4.25,0.0,0.0,1.0,0.1667,0.0,0.0,0.0,0.0,0.0,0.0,0.0,4.0,4.0,10.0,6.0,708.0,2.0,1.0,,,,28.0,32.0,,,,1.5,1.0,,30.0,4.0,,Female,,0.33,0.33211,137.0,9.0,0.0,0.36111,105.0,8.0,1.0,-0.3358,-0.1616,0.23655,0.40354,3.0,0.5,3.0,0.625,0.0,0.625
12.0,Irit & Sinai,TARIL4,7.5,7.5,182.0,13.0,-1.0,7.5,173.0,12.0,0.0,2.0,2.0,-0.5996,-0.3514,0.0,0.0,1.0,0.5,4.5,4.5,0.0,0.0,0.0,0.0,0.0,0.0,0.0,0.0,0.0,0.0,0.0,,3.0,12.0,9.0,711.0,1.0,0.0,,,,54.0,31.0,,,,0.5,1.0,,42.5,23.0,,Female,,0.33,0.33333,134.0,8.0,4.0,0.33333,113.0,9.0,3.0,-0.3333,-0.1585,0.33333,0.33333,1.0,0.5,1.0,0.66667,0.0,0.66667
13.0,Tzuki & Huti,TARIL4,7.0,7.0,163.0,11.0,2.0,7.0,146.0,8.0,5.0,1.0,1.0,-0.493,-0.2613,0.0,0.0,0.0,0.0,0.0,0.0,0.0,0.0,0.0,0.0,0.0,0.0,0.0,0.0,0.0,0.0,0.0,,7.0,7.0,0.0,712.0,0.0,0.0,,,,29.0,29.0,,,,0.0,0.0,,29.0,0.0,,Female,,0.0,0.0,231.0,13.0,0.0,0.0,228.0,13.0,0.0,-1.0,-1.0,0.0,0.0,0.0,0.0,1.0,0.0,0.0,0.0
14.0,Pnina & Hen,TARIL4,7.0,7.0,163.0,11.0,3.0,7.0,146.0,8.0,6.0,1.0,1.0,-0.493,-0.2613,0.0,0.0,0.0,0.0,0.0,0.0,0.0,0.0,0.0,0.0,0.0,0.0,0.0,0.0,0.0,0.0,0.0,,7.0,7.0,0.0,713.0,0.0,0.0,,,,59.0,21.0,,,,0.0,0.0,,40.0,38.0,,Female,,0.0,0.0,231.0,13.0,1.0,0.0,228.0,13.0,1.0,-1.0,-1.0,0.0,0.0,0.0,0.0,1.0,0.0,0.0,0.0
2.0,Lee & Tal,TARIL5,4.23,4.23077,65.0,5.0,-3.0,4.0,47.0,4.0,-2.0,13.0,13.0,0.0873,0.2365,2.0,0.1538,5.0,0.3846,2.25845,2.0,1.0,0.0769,1.0,0.0769,0.0,0.0,0.0,0.0,0.0,2.0,0.0,4.0,1.0,8.0,7.0,715.0,3.0,1.0,,,,26.0,27.0,,,,2.0,2.0,,26.5,1.0,,Female,,0.51,0.51032,54.0,6.0,-4.0,0.5,54.0,7.0,-5.0,0.0206,0.3111,0.24728,0.2,7.0,0.5385,6.0,1.0,0.125,0.875
9.0,Naomi & Hen,TARIL5,6.83,6.83333,160.0,10.0,-1.0,7.0,146.0,10.0,-1.0,6.0,6.0,-0.4737,-0.2329,0.0,0.0,1.0,0.1667,2.40947,3.5,0.0,0.0,2.0,0.3333,0.0,0.0,0.0,0.0,0.0,1.0,0.0,,3.0,10.0,7.0,722.0,2.0,1.0,,,,30.0,25.0,,,,1.5,1.0,,27.5,5.0,,Female,,0.33,0.32875,138.0,9.0,0.0,0.28472,144.0,9.0,0.0,-0.3425,-0.1554,0.26587,0.48213,2.0,0.3333,4.0,0.66667,0.0,0.66667
12.0,Shira & Bar,TARIL5,9.0,9.0,206.0,13.0,-1.0,9.0,202.0,13.0,-1.0,2.0,2.0,-0.9419,-0.6245,0.0,0.0,0.0,0.0,3.0,3.0,0.0,0.0,1.0,0.5,0.0,0.0,0.0,0.0,0.0,0.0,0.0,,6.0,12.0,6.0,725.0,0.0,0.0,,,,22.0,22.0,,,,0.0,0.0,,22.0,0.0,,Female,,0.08,0.08333,220.0,12.0,0.0,0.08333,218.0,12.0,0.0,-0.8333,-0.7859,0.08333,0.08333,0.0,0.0,2.0,0.16667,0.0,0.16667
5.0,Ann & Yarden,TARIL6,4.7,4.7,82.0,6.0,-1.0,5.0,84.0,6.0,-1.0,10.0,10.0,-0.0207,0.2088,0.0,0.0,2.0,0.2,1.73494,1.0,1.0,0.1,1.0,0.1,0.0,0.0,0.0,0.0,0.0,1.0,0.0,5.0,2.0,9.0,7.0,732.0,3.0,3.0,,,,23.0,23.0,,,,3.0,0.0,,23.0,0.0,,Female,,0.43,0.43447,82.0,7.0,-2.0,0.46429,71.0,7.0,-2.0,-0.1311,0.0513,0.23833,0.29167,5.0,0.5,5.0,0.83333,0.0,0.83333
7.0,Mor & Mor,TARIL6,5.83,5.83333,132.0,7.0,0.0,6.5,141.0,8.0,-1.0,6.0,6.0,-0.2661,0.0185,0.0,0.0,1.0,0.1667,1.95078,1.75,1.0,0.1667,1.0,0.1667,0.0,0.0,0.0,0.0,0.0,0.0,0.0,7.0,2.0,8.0,6.0,734.0,3.0,1.0,,,,32.0,21.0,,,,2.0,2.0,,26.5,11.0,,Female,,0.41,0.41016,97.0,8.0,-1.0,0.43939,79.0,8.0,-1.0,-0.1797,-0.0075,0.29143,0.40928,3.0,0.5,3.0,0.85714,0.0,0.85714
9.0,Hany & Avivit,TARIL6,7.5,7.5,182.0,10.0,-1.0,7.5,173.0,9.0,0.0,4.0,4.0,-0.6288,-0.2626,0.0,0.0,0.0,0.0,1.11803,1.5,0.0,0.0,0.0,0.0,0.0,0.0,0.0,0.0,0.0,0.0,0.0,,6.0,9.0,3.0,736.0,1.0,1.0,,,,29.0,31.0,,,,1.0,0.0,,30.0,2.0,,Female,,0.29,0.29419,156.0,10.0,-1.0,0.33838,112.0,10.0,-1.0,-0.4116,-0.2882,0.19987,0.29924,1.0,0.25,3.0,0.5,0.0,0.5
12.0,Noa & Ma'ayan,TARIL6,12.0,12.0,247.0,12.0,0.0,12.0,245.0,12.0,0.0,1.0,1.0,-1.6061,-1.0202,0.0,0.0,0.0,0.0,0.0,0.0,0.0,0.0,0.0,0.0,0.0,0.0,0.0,0.0,0.0,0.0,0.0,,12.0,12.0,0.0,739.0,0.0,0.0,,,,28.0,25.0,,,,0.0,0.0,,26.5,3.0,,Female,,0.0,0.0,231.0,12.0,0.0,0.0,228.0,12.0,0.0,-1.0,-1.0,0.0,0.0,0.0,0.0,1.0,0.0,0.0,0.0
1.0,Tia & Fay,TARIL7,3.67,3.66667,38.0,3.0,-2.0,3.0,15.0,2.0,-1.0,12.0,12.0,0.2645,0.3853,4.0,0.3333,6.0,0.5,2.52763,5.0,2.0,0.1667,0.0,0.0,1.0,0.0833,0.0,1.0,0.0,3.0,0.0,1.0,1.0,8.0,7.0,740.0,3.0,3.0,,,,23.0,23.0,,,,3.0,0.0,,23.0,0.0,,Female,,0.65,0.65455,20.0,2.0,-1.0,0.60606,39.0,4.0,-3.0,0.3091,0.5099,0.31601,0.525,9.0,0.75,3.0,1.0,0.0,1.0
6.0,Tali & Gili,TARIL7,5.56,5.55556,121.0,6.0,0.0,6.0,117.0,6.0,0.0,9.0,9.0,-0.1143,0.0687,0.0,0.0,3.0,0.3333,2.45452,4.0,1.0,0.1111,1.0,0.1111,0.0,0.0,0.0,0.0,0.0,1.0,0.0,3.0,2.0,10.0,8.0,745.0,3.0,3.0,,,,58.0,54.0,,,,3.0,0.0,,56.0,4.0,,Female,,0.43,0.43429,83.0,6.0,0.0,0.33333,113.0,7.0,-1.0,-0.1314,0.0018,0.27644,0.42857,3.0,0.3333,6.0,0.88889,0.0,0.88889
8.0,Michal & Omer,TARIL7,7.71,7.71429,186.0,9.0,-1.0,8.0,177.0,8.0,0.0,7.0,7.0,-0.5453,-0.2915,0.0,0.0,1.0,0.1429,2.11891,1.5,0.0,0.0,1.0,0.1429,0.0,0.0,0.0,0.0,0.0,0.0,0.0,8.0,3.0,10.0,7.0,747.0,2.0,1.0,,,,19.0,21.0,,,,1.5,1.0,,20.0,2.0,,Female,,0.26,0.26012,173.0,11.0,-3.0,0.2,171.0,11.0,-3.0,-0.4798,-0.4,0.2127,0.16035,1.0,0.1429,6.0,0.71429,0.0,0.71429
10.0,Yehudit & Zohar,TARIL7,7.5,7.5,182.0,8.0,2.0,9.0,202.0,10.0,0.0,4.0,4.0,-0.5032,-0.2563,0.0,0.0,1.0,0.25,3.27872,3.5,1.0,0.25,1.0,0.25,0.0,0.0,0.0,0.0,0.0,0.0,0.0,10.0,2.0,10.0,8.0,749.0,1.0,0.0,,,,51.0,24.0,,,,0.5,1.0,,37.5,27.0,,Female,,0.34,0.34318,127.0,7.0,3.0,0.23182,159.0,10.0,0.0,-0.3136,-0.2084,0.3527,0.425,1.0,0.25,3.0,0.90909,0.0,0.90909
11.0,Kamle & Bahira,TARIL7,11.0,11.0,235.0,12.0,-1.0,11.0,233.0,12.0,-1.0,3.0,3.0,-1.2046,-0.8425,0.0,0.0,0.0,0.0,0.0,0.0,0.0,0.0,2.0,0.6667,0.0,0.0,0.0,0.0,0.0,0.0,0.0,11.0,11.0,11.0,0.0,750.0,0.0,0.0,,,,23.0,24.0,,,,0.0,0.0,,23.5,1.0,,Female,,0.06,0.06061,221.0,12.0,-1.0,0.09091,217.0,12.0,-1.0,-0.8788,-0.8602,0.04285,0.04545,0.0,0.0,3.0,0.09091,0.0,0.09091
12.0,Noy & Hadar,TARIL7,8.5,8.5,199.0,11.0,1.0,8.5,195.0,9.0,3.0,2.0,2.0,-0.7036,-0.4238,0.0,0.0,0.0,0.0,3.5,3.5,0.0,0.0,0.0,0.0,0.0,0.0,0.0,0.0,0.0,0.0,0.0,,5.0,12.0,7.0,751.0,0.0,0.0,,,,20.0,20.0,,,,0.0,0.0,,20.0,0.0,,Female,,0.32,0.31818,141.0,8.0,4.0,0.31818,131.0,8.0,4.0,-0.3636,-0.266,0.31818,0.31818,1.0,0.5,1.0,0.63636,0.0,0.63636
9.0,Ann & Yarden,TARIL8,8.75,8.75,205.0,10.0,-1.0,9.0,202.0,10.0,-1.0,4.0,4.0,-0.8735,-0.4321,0.0,0.0,0.0,0.0,1.08972,0.75,0.0,0.0,2.0,0.5,0.0,0.0,0.0,0.0,0.0,0.0,0.0,9.0,7.0,10.0,3.0,760.0,0.0,0.0,,,,24.0,24.0,,,,0.0,0.0,,24.0,0.0,,Female,,0.17,0.16641,202.0,10.0,-1.0,0.10556,206.0,10.0,-1.0,-0.6672,-0.5803,0.17189,0.12197,0.0,0.0,4.0,0.45455,0.0,0.45455
11.0,Shiri & Noga,TARIL8,8.5,8.5,199.0,9.0,2.0,8.5,195.0,9.0,2.0,2.0,2.0,-0.82,-0.3912,0.0,0.0,0.0,0.0,2.5,2.5,0.0,0.0,0.0,0.0,0.0,0.0,0.0,0.0,0.0,0.0,0.0,,6.0,11.0,5.0,762.0,0.0,0.0,,,,,,,,,0.0,0.0,,,,,Female,,0.27,0.27273,167.0,9.0,2.0,0.27273,147.0,9.0,2.0,-0.4545,-0.3122,0.27273,0.27273,1.0,0.5,1.0,0.54545,0.0,0.54545
12.0,Michal & Ruthi,TARIL8,12.0,12.0,247.0,12.0,0.0,12.0,245.0,12.0,0.0,1.0,1.0,-1.5693,-0.964,0.0,0.0,0.0,0.0,0.0,0.0,0.0,0.0,0.0,0.0,0.0,0.0,0.0,0.0,0.0,0.0,0.0,,12.0,12.0,0.0,763.0,0.0,0.0,,,,53.0,57.0,,,,0.0,0.0,,55.0,4.0,,Female,,0.0,0.0,231.0,12.0,0.0,0.0,228.0,12.0,0.0,-1.0,-1.0,0.0,0.0,0.0,0.0,1.0,0.0,0.0,0.0
3.0,Ferna & Fran,TARLA1,3.38,3.38462,28.0,3.0,0.0,2.0,4.0,1.0,2.0,13.0,12.0,0.2393,0.4007,4.0,0.3077,9.0,0.6923,2.76067,4.0,3.0,0.2308,1.0,0.0769,0.0,0.0,0.0,0.0,1.0,1.0,0.0,1.0,1.0,10.0,9.0,766.0,6.0,6.0,,,,28.0,28.0,,,,6.0,0.0,,28.0,0.0,,Female,,0.63,0.6257,23.0,2.0,1.0,0.75,11.0,2.0,1.0,0.242,0.5259,0.34535,0.57143,9.0,0.6923,4.0,1.0,0.0,1.0
6.0,Casilda & Casilda,TARLA1,4.75,4.75,86.0,6.0,0.0,6.0,117.0,6.0,0.0,8.0,8.0,-0.0691,0.1578,1.0,0.125,3.0,0.375,1.98431,3.0,0.0,0.0,1.0,0.125,1.0,0.125,0.0,0.0,0.0,0.0,0.0,6.0,1.0,7.0,6.0,769.0,3.0,4.0,,,,55.0,30.0,,,,3.5,1.0,,42.5,25.0,,Female,,0.44,0.4378,78.0,6.0,0.0,0.39286,101.0,6.0,0.0,-0.131,0.0677,0.35857,0.6375,4.0,0.5,4.0,1.0,0.0,1.0
3.0,Aleandra & Marlene,TARLA2,5.23,5.23077,106.0,6.0,-3.0,5.0,84.0,6.0,-3.0,13.0,12.0,-0.1511,0.0508,0.0,0.0,5.0,0.3846,1.92769,4.0,0.0,0.0,1.0,0.0769,2.0,0.1538,0.0,0.0,1.0,0.0,0.0,7.0,3.0,8.0,5.0,777.0,6.0,6.0,,,,,,,,,6.0,0.0,,,,,Female,,0.27,0.27198,169.0,8.0,-5.0,0.3,134.0,7.0,-4.0,-0.456,-0.365,0.20287,0.19048,3.0,0.2308,10.0,0.6,0.0,0.6
11.0,Susy & Stefany,TARLA2,10.5,10.5,233.0,11.0,0.0,10.5,232.0,11.0,0.0,2.0,2.0,-1.311,-0.9056,0.0,0.0,0.0,0.0,0.5,0.5,0.0,0.0,0.0,0.0,0.0,0.0,0.0,0.0,0.0,0.0,0.0,,10.0,11.0,1.0,785.0,1.0,0.0,,,,,,,,,0.5,1.0,,,,,Female,,0.05,0.05,223.0,10.0,1.0,0.05,220.0,10.0,1.0,-0.9,-0.8833,0.05,0.05,0.0,0.0,2.0,0.1,0.0,0.1
9.0,Mónica & Rosy,TARLA3,8.5,8.5,199.0,9.0,0.0,8.5,195.0,9.0,0.0,4.0,4.0,-0.8889,-0.4757,0.0,0.0,0.0,0.0,0.5,1.0,0.0,0.0,1.0,0.25,0.0,0.0,0.0,0.0,0.0,0.0,0.0,8.0,8.0,9.0,1.0,794.0,1.0,3.0,,,,45.0,47.0,,,,2.0,2.0,,46.0,2.0,,Female,,0.18,0.17778,200.0,9.0,0.0,0.20556,170.0,9.0,0.0,-0.6444,-0.5528,0.12838,0.21667,0.0,0.0,4.0,0.3,0.0,0.3
10.0,Vero & Gaba,TARLA3,10.33,10.33333,232.0,10.0,0.0,10.0,221.0,10.0,0.0,3.0,3.0,-1.2956,-0.7934,0.0,0.0,0.0,0.0,0.4714,0.5,0.0,0.0,1.0,0.3333,1.0,0.3333,0.0,0.0,0.0,0.0,0.0,10.0,10.0,11.0,1.0,795.0,2.0,1.0,,,,24.0,24.0,,,,1.5,1.0,,24.0,0.0,,Female,,0.03,0.03333,230.0,11.0,-1.0,0.0,228.0,11.0,-1.0,-0.9333,-0.9162,0.04714,0.05,0.0,0.0,3.0,0.1,0.0,0.1
5.0,Renata & Ana Paula,TARLA4,2.4,2.4,6.0,1.0,4.0,1.0,1.0,1.0,4.0,10.0,10.0,0.4543,0.573,6.0,0.6,6.0,0.6,1.74356,3.0,0.0,0.0,0.0,0.0,1.0,0.1,0.0,0.0,0.0,0.0,0.0,1.0,1.0,5.0,4.0,801.0,5.0,5.0,,,,35.0,33.0,,,,5.0,0.0,,34.0,2.0,,Female,,0.72,0.71964,6.0,1.0,4.0,1.0,1.0,1.0,4.0,0.4393,0.76,0.39221,0.41518,8.0,0.8,2.0,1.0,0.0,1.0
11.0,Ci & Lu,TARLA4,9.0,9.0,206.0,10.0,1.0,9.0,202.0,10.0,1.0,2.0,2.0,-1.0465,-0.6014,0.0,0.0,0.0,0.0,2.0,2.0,0.0,0.0,0.0,0.0,0.0,0.0,0.0,0.0,0.0,0.0,0.0,,7.0,11.0,4.0,807.0,1.0,1.0,,,,25.0,25.0,,,,1.0,0.0,,25.0,0.0,,Female,,0.2,0.2,193.0,9.0,2.0,0.2,171.0,9.0,2.0,-0.6,-0.5109,0.2,0.2,0.0,0.0,2.0,0.4,0.0,0.4
5.0,Jessica & Michelle,TARLA5,5.0,5.0,94.0,6.0,-1.0,5.0,84.0,6.0,-1.0,9.0,9.0,-0.1528,0.0975,0.0,0.0,1.0,0.1111,1.1547,2.0,0.0,0.0,1.0,0.1111,0.0,0.0,0.0,1.0,0.0,0.0,0.0,5.0,3.0,7.0,4.0,812.0,6.0,6.0,,,,27.0,30.0,,,,6.0,0.0,,28.5,3.0,,Female,,0.4,0.39907,101.0,7.0,-2.0,0.5,54.0,4.0,1.0,-0.2019,-0.0289,0.20117,0.25,5.0,0.5556,4.0,0.66667,0.0,0.66667
7.0,Astrid & Aleja,TARLA5,7.0,7.0,163.0,9.0,-2.0,7.0,146.0,7.0,0.0,6.0,6.0,-0.6139,-0.2635,0.0,0.0,0.0,0.0,1.52753,0.75,0.0,0.0,2.0,0.3333,0.0,0.0,0.0,0.0,0.0,0.0,0.0,7.0,5.0,10.0,5.0,814.0,4.0,5.0,,,,34.0,28.0,,,,4.5,1.0,,31.0,6.0,,Female,,0.26,0.25509,175.0,9.0,-2.0,0.25,149.0,8.0,-1.0,-0.4898,-0.3793,0.17974,0.20625,1.0,0.1667,5.0,0.55556,0.0,0.55556
9.0,Débora & Renata,TARLA5,5.8,5.8,127.0,7.0,2.0,7.0,146.0,7.0,2.0,5.0,5.0,-0.3373,-0.0469,1.0,0.2,2.0,0.4,3.24962,6.0,0.0,0.0,0.0,0.0,1.0,0.2,0.0,0.0,0.0,0.0,0.0,9.0,1.0,9.0,8.0,816.0,5.0,2.0,,,,30.0,26.0,,,,3.5,3.0,,28.0,4.0,,Female,,0.44,0.43556,81.0,6.0,3.0,0.4,93.0,7.0,2.0,-0.1289,0.0599,0.40408,0.77778,2.0,0.4,3.0,1.0,0.0,1.0
8.0,Clara & Delfina,TARLA6,5.5,5.5,119.0,7.0,1.0,6.0,117.0,7.0,1.0,4.0,4.0,-0.3125,-0.0166,0.0,0.0,1.0,0.25,2.17945,1.5,1.0,0.25,0.0,0.0,0.0,0.0,0.0,0.0,0.0,0.0,0.0,6.0,2.0,8.0,6.0,826.0,3.0,2.0,,,,25.0,28.0,,,,2.5,1.0,,26.5,3.0,,Female,,0.44,0.44097,77.0,5.0,3.0,0.4375,80.0,5.0,3.0,-0.1181,0.0629,0.31738,0.31597,2.0,0.5,2.0,0.88889,0.0,0.88889
3.0,Cathrine & Michelle,TARNO1,3.69,3.69231,41.0,3.0,0.0,3.0,15.0,3.0,0.0,13.0,13.0,0.13,0.3411,1.0,0.0769,7.0,0.5385,1.81382,3.0,3.0,0.2308,4.0,0.3077,0.0,0.0,0.0,0.0,0.0,0.0,0.0,2.0,1.0,7.0,6.0,832.0,6.0,7.0,,,,29.0,29.0,,,,6.5,1.0,,29.0,0.0,,Female,,0.47,0.47405,67.0,4.0,-1.0,0.4,93.0,5.0,-2.0,-0.0519,0.2031,0.29987,0.5,5.0,0.3846,8.0,1.0,0.0,1.0
7.0,Julie & Vichy,TARNO1,5.0,5.0,94.0,5.0,2.0,5.0,84.0,5.0,2.0,6.0,6.0,-0.1789,0.1071,0.0,0.0,2.0,0.3333,2.16025,3.5,1.0,0.1667,1.0,0.1667,0.0,0.0,0.0,0.0,0.0,0.0,0.0,,2.0,8.0,6.0,836.0,3.0,3.0,,,,28.0,30.0,,,,3.0,0.0,,29.0,2.0,,Female,,0.44,0.44332,74.0,5.0,2.0,0.42857,85.0,4.0,3.0,-0.1134,0.1251,0.33154,0.56101,3.0,0.5,3.0,0.9,0.0,0.9
9.0,Martha & Elise,TARNO1,9.0,9.0,206.0,10.0,-1.0,9.0,202.0,10.0,-1.0,3.0,3.0,-1.122,-0.6071,0.0,0.0,0.0,0.0,0.8165,1.0,0.0,0.0,0.0,0.0,1.0,0.3333,0.0,0.0,0.0,0.0,0.0,,8.0,10.0,2.0,838.0,2.0,1.0,,,,22.0,25.0,,,,1.5,1.0,,23.5,3.0,,Female,,0.11,0.10741,212.0,10.0,-1.0,0.1,209.0,10.0,-1.0,-0.7852,-0.7274,0.09087,0.11111,0.0,0.0,3.0,0.22222,0.0,0.22222
3.0,Cecilie & Camilla,TARNO2,3.92,3.91667,51.0,4.0,-1.0,4.0,47.0,4.0,-1.0,12.0,12.0,0.0101,0.2604,0.0,0.0,5.0,0.4167,1.25554,1.25,1.0,0.0833,3.0,0.25,1.0,0.0833,0.0,1.0,0.0,0.0,0.0,4.0,2.0,7.0,5.0,843.0,6.0,6.0,,,,41.0,43.0,,,,6.0,0.0,,42.0,2.0,,Female,,0.39,0.39067,104.0,4.0,-1.0,0.41667,90.0,4.0,-1.0,-0.2187,0.035,0.24301,0.28036,6.0,0.5,6.0,0.83333,0.0,0.83333
6.0,Eva & Wenche,TARNO2,5.0,5.0,94.0,5.0,1.0,6.0,117.0,7.0,-1.0,7.0,7.0,-0.2626,0.0566,1.0,0.1429,1.0,0.1429,1.85164,1.5,0.0,0.0,3.0,0.4286,0.0,0.0,0.0,0.0,0.0,0.0,0.0,6.0,1.0,7.0,6.0,846.0,3.0,4.0,,,,49.0,50.0,,,,3.5,1.0,,49.5,1.0,,Female,,0.35,0.35374,122.0,6.0,0.0,0.16667,181.0,7.0,-1.0,-0.2925,-0.0628,0.32854,0.34524,2.0,0.2857,5.0,1.0,0.0,1.0
8.0,Priscila & Lindsy,TARNO2,7.33,7.33333,178.0,8.0,0.0,8.0,177.0,8.0,0.0,3.0,3.0,-0.851,-0.383,0.0,0.0,0.0,0.0,0.94281,1.0,0.0,0.0,0.0,0.0,0.0,0.0,0.0,0.0,0.0,0.0,0.0,8.0,6.0,8.0,2.0,848.0,1.0,2.0,,,,23.0,21.0,,,,1.5,1.0,,22.0,2.0,,Female,,0.2,0.19907,195.0,8.0,0.0,0.22222,164.0,6.0,2.0,-0.6019,-0.4726,0.15397,0.1875,0.0,0.0,3.0,0.375,0.0,0.375
7.0,Gia Bình & Bảo Châu,TARVN1,7.0,7.0,163.0,9.0,-2.0,7.0,146.0,9.0,-2.0,7.0,7.0,-0.6253,-0.4583,0.0,0.0,1.0,0.1429,2.39046,2.0,1.0,0.1429,2.0,0.2857,1.0,0.1429,0.0,0.0,0.0,0.0,0.0,7.0,2.0,10.0,8.0,857.0,3.0,4.0,,,,33.0,34.0,,,,3.5,1.0,,33.5,1.0,,Female,,0.24,0.24121,180.0,9.0,-2.0,0.125,196.0,9.0,-2.0,-0.5176,-0.4869,0.26936,0.25397,1.0,0.1429,6.0,0.83333,0.0,0.83333
10.0,Thanh Thủy & Minh Thoa,TARVN1,5.33,5.33333,110.0,8.0,2.0,5.0,84.0,8.0,2.0,3.0,3.0,-0.2376,-0.1104,1.0,0.3333,1.0,0.3333,3.68179,4.5,0.0,0.0,0.0,0.0,0.0,0.0,0.0,0.0,0.0,0.0,0.0,,1.0,10.0,9.0,860.0,1.0,1.0,,,,25.0,25.0,,,,1.0,0.0,,25.0,0.0,,Female,,0.52,0.51852,48.0,5.0,5.0,0.55556,49.0,5.0,5.0,0.037,0.103,0.40909,0.5,2.0,0.6667,1.0,1.0,0.0,1.0
1.0,Diệp Lâm Anh & Thu Hiền,TARVN2,2.5,2.5,7.0,2.0,-1.0,2.0,4.0,1.0,0.0,12.0,12.0,0.3401,0.4658,4.0,0.3333,10.0,0.8333,1.70783,2.0,4.0,0.3333,1.0,0.0833,0.0,0.0,0.0,0.0,0.0,0.0,0.0,1.0,1.0,6.0,5.0,861.0,7.0,6.0,,,,24.0,24.0,,,,6.5,1.0,,24.0,0.0,,Female,,0.73,0.73403,4.0,1.0,0.0,0.75,11.0,2.0,-1.0,0.4681,0.7773,0.2535,0.35,10.0,0.8333,2.0,1.0,0.16667,0.83333
3.0,Trang Khiếu & An Đinh,TARVN3,4.82,4.81818,88.0,7.0,-4.0,6.0,117.0,7.0,-4.0,11.0,11.0,-0.2368,-0.0807,0.0,0.0,3.0,0.2727,1.58505,2.5,1.0,0.0909,4.0,0.3636,2.0,0.1818,1.0,0.0,0.0,0.0,0.0,6.0,2.0,7.0,5.0,872.0,6.0,4.0,,,,,,,,,5.0,2.0,,,,,Female,,0.25,0.24935,178.0,7.0,-4.0,0.16667,181.0,7.0,-4.0,-0.5013,-0.4493,0.22161,0.30357,2.0,0.1818,9.0,0.66667,0.0,0.66667
3.0,Băng Di & Trang Pháp,TARVN4,4.73,4.72727,85.0,6.0,-3.0,4.0,47.0,3.0,0.0,11.0,11.0,-0.2128,-0.1509,0.0,0.0,4.0,0.3636,2.00413,3.0,1.0,0.0909,4.0,0.3636,2.0,0.1818,0.0,0.0,0.0,0.0,0.0,3.0,2.0,8.0,6.0,881.0,5.0,4.0,,,,,,,,,4.5,1.0,,,,,Female,,0.3,0.30195,150.0,8.0,-5.0,0.25,149.0,8.0,-5.0,-0.3961,-0.3711,0.26098,0.39286,3.0,0.2727,8.0,0.8,0.0,0.8
6.0,Phương Ly & Joo Young,TARVN4,4.5,4.5,77.0,5.0,1.0,4.0,47.0,3.0,3.0,8.0,8.0,-0.1538,-0.0949,0.0,0.0,3.0,0.375,1.5,3.0,0.0,0.0,2.0,0.25,0.0,0.0,0.0,0.0,0.0,0.0,0.0,3.0,3.0,7.0,4.0,884.0,2.0,4.0,,,,,,,,,3.0,2.0,,,,,Female,,0.43,0.42917,87.0,5.0,1.0,0.57143,48.0,2.0,4.0,-0.1417,-0.1061,0.26039,0.45595,5.0,0.625,3.0,0.71429,0.0,0.71429
7.0,Song Ngư & Trúc Như,TARVN4,5.33,5.33333,110.0,8.0,-1.0,6.0,117.0,7.0,0.0,6.0,6.0,-0.3667,-0.2968,0.0,0.0,2.0,0.3333,1.69967,3.0,0.0,0.0,0.0,0.0,1.0,0.1667,0.0,0.0,0.0,0.0,0.0,6.0,3.0,7.0,4.0,885.0,2.0,3.0,,,,,,,,,2.5,1.0,,,,,Female,,0.33,0.33333,134.0,7.0,0.0,0.28571,139.0,6.0,1.0,-0.3333,-0.3057,0.29354,0.53571,2.0,0.3333,4.0,0.71429,0.0,0.71429
6.0,Song Ngư & Trúc Như,TARVN5,7.0,7.0,163.0,9.0,-3.0,8.0,177.0,9.0,-3.0,7.0,7.0,-0.6104,-0.378,0.0,0.0,1.0,0.1429,2.44949,2.5,1.0,0.1429,4.0,0.5714,1.0,0.1429,0.0,0.0,0.0,0.0,0.0,8.0,2.0,10.0,8.0,892.0,2.0,3.0,,,,,,,,,2.5,1.0,,,,,Female,,0.2,0.19785,196.0,9.0,-3.0,0.125,196.0,10.0,-4.0,-0.6043,-0.5472,0.2757,0.09028,1.0,0.1429,6.0,0.85714,0.0,0.85714
1.0,Lệ Hằng & H'Hen Niê,TARVN6,3.2,3.2,23.0,4.0,-3.0,2.5,12.0,3.0,-2.0,10.0,10.0,0.2623,0.3822,2.0,0.2,6.0,0.6,1.8868,2.75,3.0,0.3,0.0,0.0,0.0,0.0,0.0,0.0,0.0,0.0,0.0,2.0,1.0,7.0,6.0,897.0,3.0,5.0,,,,,,,,,4.0,2.0,,,,,Female,,0.69,0.68579,10.0,2.0,-1.0,0.66667,23.0,3.0,-2.0,0.3555,0.6026,0.23016,0.28452,8.0,0.8,2.0,1.0,0.25,0.75
4.0,Minh Triệu & Kỳ Duyên,TARVN6,5.1,5.1,103.0,5.0,-1.0,4.0,47.0,5.0,-1.0,10.0,10.0,-0.1756,0.0154,0.0,0.0,1.0,0.1,1.75784,2.5,0.0,0.0,2.0,0.2,1.0,0.1,0.0,0.0,0.0,0.0,0.0,4.0,3.0,8.0,5.0,900.0,4.0,4.0,,,,,,,,,4.0,0.0,,,,,Female,,0.29,0.29099,159.0,7.0,-3.0,0.23611,158.0,7.0,-3.0,-0.4248,-0.32,0.22513,0.22063,2.0,0.2,8.0,0.71429,0.0,0.71429
3.0,Alice & Stéphanie,TARFR1,3.3,3.3,25.0,3.0,0.0,3.0,15.0,2.0,1.0,10.0,10.0,0.1056,0.2918,1.0,0.1,6.0,0.6,1.18743,1.0,1.0,0.1,3.0,0.3,0.0,0.0,0.0,0.0,0.0,0.0,0.0,3.0,1.0,5.0,4.0,909.0,5.0,4.0,,,,31.0,29.0,,,,4.5,1.0,,30.0,2.0,,Female,,0.48,0.48071,62.0,6.0,-3.0,0.5,54.0,4.0,-1.0,-0.0386,0.1699,0.28842,0.35417,6.0,0.6,4.0,1.0,0.0,1.0
7.0,Mathilde & Séverine,TARFR1,5.75,5.75,124.0,7.0,0.0,6.0,117.0,7.0,0.0,4.0,4.0,-0.5584,-0.2339,0.0,0.0,0.0,0.0,1.29904,2.25,0.0,0.0,1.0,0.25,0.0,0.0,0.0,0.0,0.0,0.0,0.0,7.0,4.0,7.0,3.0,913.0,2.0,2.0,,,,22.0,21.0,,,,2.0,0.0,,21.5,1.0,,Female,,0.28,0.2753,163.0,7.0,0.0,0.2381,157.0,7.0,0.0,-0.4494,-0.33,0.23398,0.29911,1.0,0.25,3.0,0.625,0.0,0.625
1.0,LJ & CJ,TARPH1,3.62,3.61538,37.0,3.0,-2.0,3.0,15.0,3.0,-2.0,13.0,13.0,0.1785,0.3604,1.0,0.0769,7.0,0.5385,1.77757,3.0,4.0,0.3077,1.0,0.0769,0.0,0.0,0.0,0.0,0.0,1.0,1.0,2.0,1.0,7.0,6.0,916.0,7.0,7.0,,,,31.0,29.0,,,,7.0,0.0,,30.0,2.0,,Female,,0.58,0.57845,35.0,4.0,-3.0,0.6,40.0,4.0,-3.0,0.1569,0.4499,0.23568,0.41667,7.0,0.5385,6.0,1.0,0.28571,0.71429
4.0,Sheena & Gee,TARPH1,5.0,5.0,94.0,6.0,-2.0,5.0,84.0,6.0,-2.0,12.0,12.0,-0.1347,0.1166,0.0,0.0,0.0,0.0,1.0,2.0,0.0,0.0,4.0,0.3333,1.0,0.0833,0.0,0.0,0.0,1.0,0.0,4.0,4.0,7.0,3.0,919.0,7.0,4.0,,,,27.0,24.0,,,,5.5,3.0,,25.5,3.0,,Female,,0.31,0.31253,144.0,7.0,-3.0,0.3125,133.0,7.0,-3.0,-0.3749,-0.2166,0.20479,0.33929,4.0,0.3333,8.0,0.6,0.0,0.6
5.0,Saida & Jervi,TARPH1,4.3,4.3,68.0,5.0,0.0,4.0,47.0,5.0,0.0,10.0,10.0,0.0242,0.2403,0.0,0.0,2.0,0.2,1.18743,1.0,1.0,0.1,1.0,0.1,0.0,0.0,0.0,0.0,0.0,0.0,0.0,4.0,2.0,6.0,4.0,920.0,6.0,4.0,,,,24.0,22.0,,,,5.0,2.0,,23.0,2.0,,Female,,0.48,0.47587,65.0,5.0,0.0,0.46429,71.0,5.0,0.0,-0.0483,0.1928,0.26263,0.36696,5.0,0.5,5.0,0.875,0.0,0.875
8.0,Dani & Mish,TARPH1,6.17,6.16667,140.0,7.0,1.0,6.5,141.0,7.0,1.0,6.0,6.0,-0.4002,-0.0901,0.0,0.0,1.0,0.1667,1.77169,2.5,0.0,0.0,0.0,0.0,1.0,0.1667,0.0,1.0,0.0,1.0,0.0,8.0,3.0,8.0,5.0,923.0,2.0,4.0,,,,22.0,23.0,,,,3.0,2.0,,22.5,1.0,,Female,,0.33,0.33472,133.0,6.0,2.0,0.35417,106.0,6.0,2.0,-0.3306,-0.161,0.27973,0.38542,2.0,0.3333,4.0,0.8,0.0,0.8
9.0,Pamela & Vanessa,TARPH1,9.25,9.25,216.0,10.0,-1.0,9.0,202.0,10.0,-1.0,4.0,4.0,-1.0991,-0.6343,0.0,0.0,0.0,0.0,0.43301,0.25,0.0,0.0,2.0,0.5,1.0,0.25,0.0,0.0,0.0,0.0,0.0,9.0,9.0,10.0,1.0,924.0,2.0,2.0,,,,41.0,35.0,,,,2.0,0.0,,38.0,6.0,,Female,,0.05,0.05278,222.0,10.0,-1.0,0.05,220.0,10.0,-1.0,-0.8944,-0.8677,0.05292,0.10278,0.0,0.0,4.0,0.11111,0.0,0.11111
7.0,RR & Jeck,TARPH2,7.33,7.33333,178.0,8.0,-1.0,7.0,146.0,7.0,0.0,6.0,6.0,-0.6469,-0.286,0.0,0.0,0.0,0.0,1.37437,1.5,0.0,0.0,1.0,0.1667,1.0,0.1667,0.0,0.0,0.0,0.0,0.0,6.0,6.0,10.0,4.0,933.0,4.0,2.0,,,,30.0,28.0,,,,3.0,2.0,,29.0,2.0,,Female,,0.16,0.16382,204.0,9.0,-2.0,0.16111,187.0,9.0,-2.0,-0.6724,-0.588,0.14178,0.24484,0.0,0.0,6.0,0.375,0.0,0.375
8.0,Avy & Tina,TARPH2,7.5,7.5,182.0,9.0,-1.0,8.0,177.0,9.0,-1.0,4.0,4.0,-0.6851,-0.3158,0.0,0.0,0.0,0.0,0.86603,0.5,0.0,0.0,1.0,0.25,0.0,0.0,0.0,0.0,0.0,0.0,0.0,8.0,6.0,8.0,2.0,934.0,2.0,2.0,,,,22.0,26.0,,,,2.0,0.0,,24.0,4.0,,Female,,0.22,0.21736,187.0,8.0,0.0,0.2125,168.0,8.0,0.0,-0.5653,-0.4533,0.16895,0.24236,0.0,0.0,4.0,0.44444,0.0,0.44444
10.0,Chen & Luz,TARPH2,7.0,7.0,163.0,7.0,3.0,7.0,146.0,7.0,3.0,2.0,2.0,-0.5728,-0.2281,0.0,0.0,0.0,0.0,3.0,3.0,0.0,0.0,0.0,0.0,0.0,0.0,0.0,0.0,0.0,0.0,0.0,,4.0,10.0,6.0,936.0,1.0,1.0,,,,28.0,36.0,,,,1.0,0.0,,32.0,8.0,,Female,,0.35,0.35,124.0,7.0,3.0,0.35,109.0,7.0,3.0,-0.3,-0.1197,0.35,0.35,1.0,0.5,1.0,0.7,0.0,0.7
11.0,Zarah & Osang,TARPH2,11.0,11.0,235.0,11.0,0.0,11.0,233.0,11.0,0.0,1.0,1.0,-1.4715,-0.9298,0.0,0.0,0.0,0.0,0.0,0.0,0.0,0.0,0.0,0.0,0.0,0.0,0.0,0.0,0.0,0.0,0.0,,11.0,11.0,0.0,937.0,1.0,0.0,,,,24.0,25.0,,,,0.5,1.0,,24.5,1.0,,Female,,0.0,0.0,231.0,11.0,0.0,0.0,228.0,11.0,0.0,-1.0,-1.0,0.0,0.0,0.0,0.0,1.0,0.0,0.0,0.0
1.0,Valeria & Bohdana,TARUA1,2.08,2.08333,3.0,1.0,0.0,1.5,3.0,1.0,0.0,12.0,12.0,0.4901,0.5832,6.0,0.5,10.0,0.8333,1.32025,2.0,2.0,0.1667,0.0,0.0,0.0,0.0,0.0,0.0,0.0,0.0,0.0,1.0,1.0,5.0,4.0,938.0,7.0,6.0,,,,,,,,,6.5,1.0,,,,,Female,,0.84,0.83568,2.0,1.0,0.0,0.94444,3.0,1.0,0.0,0.6714,0.9657,0.20538,0.29762,11.0,0.9167,1.0,1.0,0.33333,0.66667
6.0,Natalia & Tatiana,TARUA1,5.43,5.42857,117.0,7.0,-1.0,6.0,117.0,7.0,-1.0,7.0,7.0,-0.3312,-0.0882,0.0,0.0,0.0,0.0,0.72843,1.0,0.0,0.0,1.0,0.1429,0.0,0.0,0.0,0.0,0.0,0.0,0.0,6.0,4.0,6.0,2.0,943.0,5.0,3.0,,,,,,,,,4.0,2.0,,,,,Female,,0.34,0.34495,126.0,7.0,-1.0,0.42857,85.0,5.0,1.0,-0.3101,-0.1886,0.17593,0.20139,2.0,0.2857,5.0,0.5,0.0,0.5
9.0,Alla & Alexandra,TARUA1,6.67,6.66667,153.0,9.0,0.0,8.0,177.0,9.0,0.0,3.0,3.0,-0.6352,-0.3367,0.0,0.0,1.0,0.3333,2.62467,3.0,0.0,0.0,1.0,0.3333,0.0,0.0,0.0,0.0,0.0,0.0,0.0,,3.0,9.0,6.0,946.0,2.0,1.0,,,,,,,,,1.5,1.0,,,,,Female,,0.3,0.30093,151.0,8.0,1.0,0.125,196.0,9.0,0.0,-0.3981,-0.2922,0.34102,0.38889,1.0,0.3333,2.0,0.77778,0.0,0.77778
8.0,Ying Cai'er & Liu Yun,TARCN1,7.0,7.0,163.0,8.0,0.0,7.0,146.0,8.0,0.0,3.0,3.0,-0.9687,-0.7157,0.0,0.0,0.0,0.0,0.0,0.0,0.0,0.0,2.0,0.6667,0.0,0.0,0.0,0.0,0.0,0.0,0.0,7.0,7.0,7.0,0.0,955.0,3.0,2.0,,,,31.0,,,,,2.5,1.0,,,,,Female,,0.1,0.09524,219.0,8.0,0.0,0.14286,192.0,7.0,1.0,-0.8095,-0.7746,0.06734,0.07143,0.0,0.0,3.0,0.14286,0.0,0.14286
6.0,Deng Ziqi & Zhang Yunjing,TARCN2,3.83,3.83333,48.0,7.0,-1.0,4.0,47.0,7.0,-1.0,6.0,6.0,-0.3571,-0.2983,1.0,0.1667,2.0,0.3333,1.57233,1.5,0.0,0.0,0.0,0.0,3.0,0.5,0.0,0.0,0.0,0.0,0.0,4.0,1.0,6.0,5.0,961.0,3.0,2.0,,,,,,,,,2.5,1.0,,,,,Female,,0.27,0.26667,171.0,8.0,-2.0,0.0,228.0,8.0,-2.0,-0.4744,-0.4551,0.39441,0.45,2.0,0.3333,4.0,1.0,0.0,1.0
7.0,Huang Tingting & Sun Rui,TARCN3,4.6,4.6,79.0,6.0,1.0,6.0,117.0,7.0,0.0,5.0,5.0,-0.245,-0.0798,1.0,0.2,2.0,0.4,2.57682,5.0,1.0,0.2,2.0,0.4,0.0,0.0,0.0,0.0,0.0,0.0,0.0,7.0,1.0,7.0,6.0,970.0,2.0,4.0,,,,,,,,,3.0,2.0,,,,,Female,,0.43,0.43333,85.0,6.0,1.0,0.16667,181.0,7.0,0.0,-0.1333,-0.0062,0.41085,0.71429,2.0,0.4,3.0,1.0,0.0,1.0
8.0,Zhang Meixi & Zang Yafei,TARCN3,8.0,8.0,192.0,8.0,0.0,8.0,177.0,8.0,0.0,2.0,2.0,-1.1651,-0.8779,0.0,0.0,0.0,0.0,0.0,0.0,0.0,0.0,0.0,0.0,1.0,0.5,0.0,0.0,0.0,0.0,0.0,8.0,8.0,8.0,0.0,971.0,2.0,1.0,,,,,,,,,1.5,1.0,,,,,Female,,0.0,0.0,231.0,8.0,0.0,0.0,228.0,8.0,0.0,-1.0,-1.0,0.0,0.0,0.0,0.0,2.0,0.0,0.0,0.0
6.0,Lu Ting & Xuyang Yuzhuo,TARCN4,4.6,4.6,79.0,6.0,0.0,5.0,84.0,6.0,0.0,5.0,5.0,-0.279,-0.1275,0.0,0.0,1.0,0.2,1.0198,1.0,0.0,0.0,0.0,0.0,0.0,0.0,0.0,0.0,0.0,0.0,0.0,5.0,3.0,6.0,3.0,977.0,3.0,3.0,,,,,,,,,3.0,0.0,,,,,Female,,0.4,0.4,100.0,6.0,0.0,0.42857,85.0,6.0,0.0,-0.2,-0.0992,0.23055,0.2381,2.0,0.4,3.0,0.66667,0.0,0.66667
7.0,Fan Bingbing & Xie Yilin,TARCN4,3.5,3.5,32.0,4.0,3.0,3.0,15.0,3.0,4.0,4.0,4.0,0.0268,0.1422,1.0,0.25,3.0,0.75,2.17945,1.5,0.0,0.0,0.0,0.0,0.0,0.0,0.0,0.0,0.0,1.0,0.0,3.0,1.0,7.0,6.0,978.0,2.0,2.0,,,,,,,,,2.0,0.0,,,,,Female,,0.61,0.60714,26.0,2.0,5.0,0.71429,17.0,2.0,5.0,0.2143,0.3673,0.36943,0.25,3.0,0.75,1.0,1.0,0.0,1.0
1.0,Kaisa & Mari,TARFN1,2.83,2.83333,10.0,1.0,0.0,3.0,15.0,1.0,0.0,12.0,12.0,0.3777,0.5421,1.0,0.0833,9.0,0.75,0.89753,1.25,3.0,0.25,0.0,0.0,1.0,0.0833,0.0,0.0,0.0,0.0,0.0,3.0,1.0,4.0,3.0,980.0,6.0,6.0,,,,40.0,35.0,,,,6.0,0.0,,37.5,5.0,,Female,,0.66,0.65866,16.0,1.0,0.0,0.66667,23.0,1.0,0.0,0.3173,0.719,0.2404,0.21169,11.0,0.9167,1.0,1.0,0.0,1.0
10.0,Lotta & Noora,TARFN1,6.67,6.66667,153.0,11.0,-1.0,5.0,84.0,11.0,-1.0,3.0,3.0,-0.4667,-0.0793,0.0,0.0,0.0,0.0,2.35702,2.5,0.0,0.0,0.0,0.0,0.0,0.0,0.0,0.0,0.0,0.0,0.0,5.0,5.0,10.0,5.0,989.0,2.0,0.0,,,,34.0,32.0,,,,1.0,2.0,,33.0,2.0,,Female,,0.41,0.41212,93.0,11.0,-1.0,0.6,40.0,11.0,-1.0,-0.1758,0.0756,0.29179,0.31818,2.0,0.6667,1.0,0.63636,0.0,0.63636
11.0,Aino-Kaisa & Silvia,TARFN1,9.0,9.0,206.0,9.0,2.0,9.0,202.0,9.0,2.0,2.0,2.0,-0.9791,-0.4563,0.0,0.0,0.0,0.0,2.0,2.0,0.0,0.0,0.0,0.0,0.0,0.0,0.0,0.0,0.0,0.0,0.0,,7.0,11.0,4.0,990.0,2.0,0.0,,,,44.0,46.0,,,,1.0,2.0,,45.0,2.0,,Female,,0.23,0.22727,183.0,9.0,2.0,0.22727,161.0,9.0,2.0,-0.5455,-0.4069,0.22727,0.22727,0.0,0.0,2.0,0.45455,0.0,0.45455
