place,team,leg_1,leg_2,leg_3,leg_4,leg_5,leg_6,leg_7,leg_8,leg_9,leg_10,leg_11,leg_12,average,average_round_to_five_nearest,averages_rank,final_rank__averages_rank,median,median_rank,final_rank__median_rank,of_ranks,racing_average__theoretical_season_average,racing_average__experimental_season_average,leg_wins,leg_win_rate,podium_finishes,podium_finish_rate,standard_deviation,interquartile_range,season_average,second_place_finshes,2nd_place_rate,secondtolast_place_finishes_not_final_3,2ndtolast_rate,nonelimination_legs,nonelimination_rate,uturned,used_uturn,yielded,used_yield,mode,minimum,maximum,range,unnamed_45,roadblock_split,unnamed_47,age,unnamed_49,gender,unnamed_51,leg_11,leg_21,leg_31,leg_41,leg_51,leg_61,leg_71,leg_81,leg_91,leg_101,leg_111,leg_121,di_average,di_average_round_to_five_nearest,di_averages_rank,final_rank__di_averages_rank,di_median,di_median_rank,final_rank__di_median_rank,di_racing_average__di_theoretical_season_average,di_racing_average__di_experimental_season_average,di_standard_deviation,di_interquartile_range,di_season_average,equal_or_above_05,05_rate,less_than_05,maximum_di,minimum_di,range_di
Averages,,,,,,,,,,,,,,5.21,5.20682,5.4,0.1,5.1,5.3,0.2,7.7,-0.269,0.0004,1.2,0.1017,3.6,0.3515,1.06795,1.175,,1.2,0.1374,1.1,0.1298,0.4,0.0758,,,,,5.1,3.9,7.3,3.4,,3.85,,32.5,,,,,,,,,,,,,,,,0.41,0.4092,5.5,0.0,0.46577,5.4,0.1,-0.1816,0.0,0.20584,0.23348,,4.2,0.4073,3.5,0.64167,0.02,0.62167
Standard Deviation,,,,,,,,,,,,,,2.61,2.61266,3.01,1.37,2.87,2.9,1.6,3.87,0.6366,0.5014,2.18,0.1817,3.77,0.3544,0.57572,0.73357,,1.25,0.1914,1.22,0.127,0.49,0.1465,,,,,3.01,3.14,1.68,2.2,,2.06,,8.88,,,,,,,,,,,,,,,,0.26,0.25749,2.87,1.34,0.30201,2.84,1.64,0.515,0.6293,0.09765,0.14147,,3.97,0.3727,2.11,0.33528,0.06,0.31888
1,Charlie & Rachel,1.0,3.0,2.0,1.0,4.0,1.0,2.0,1.0,5.0,4.0,1.0,1.0,2.17,2.16667,1.0,0.0,1.5,1.0,0.0,12.0,0.4712,0.5835,6.0,0.5,9.0,0.75,1.40436,2.25,4.1039,2.0,0.1667,1.0,0.0833,1.0,0.0833,0.0,0.0,0.0,0.0,1.0,1.0,5.0,4.0,,6.0,6.0,26.0,25.0,Co-Ed,,1.0,0.77777778,0.875,1.0,0.5,1.0,0.75,1.0,0.0,0.25,1.0,1.0,0.76,0.76273,1.0,0.0,0.9375,1.0,0.0,0.5255,0.864,0.32461,0.3125,0.5,10.0,0.8333,2.0,1.0,0.0,1.0
2,Rick & Josh,3.0,1.0,1.0,3.0,1.0,5.0,1.0,3.0,2.0,1.0,3.0,2.0,2.17,2.16667,1.0,1.0,2.0,2.0,0.0,12.0,0.4712,0.5835,5.0,0.4167,11.0,0.9167,1.21335,2.0,,2.0,0.1667,2.0,0.1667,0.0,0.0,0.0,0.0,0.0,0.0,1.0,1.0,5.0,4.0,,6.0,6.0,25.0,29.0,Male,,0.77777778,1.0,1.0,0.71428571,1.0,0.2,1.0,0.5,0.75,1.0,0.33333333,0.5,0.73,0.73128,2.0,0.0,0.76389,3.0,-1.0,0.4626,0.7871,0.2756,0.5,,10.0,0.8333,2.0,1.0,0.2,0.8
3,Deepak & Naresh,9.0,5.0,5.0,4.0,6.0,3.0,4.0,5.0,4.0,3.0,2.0,3.0,4.42,4.41667,5.0,-2.0,4.0,5.0,-2.0,12.0,-0.077,0.1516,0.0,0.0,4.0,0.3333,1.75396,2.0,,1.0,0.0833,4.0,0.3333,1.0,0.0833,1.0,0.0,0.0,0.0,5.0,2.0,9.0,7.0,,6.0,6.0,29.0,30.0,Male,,0.11111111,0.55555556,0.5,0.57142857,0.16666667,0.6,0.25,0.0,0.25,0.5,0.66666667,0.0,0.35,0.34762,5.0,-2.0,0.375,5.0,-2.0,-0.3048,-0.1505,0.23357,0.40675,,6.0,0.5,6.0,0.66667,0.0,0.66667
4,Lisa & Karen,5.0,8.0,8.0,5.0,5.0,4.0,5.0,4.0,3.0,2.0,4.0,,4.82,4.81818,6.0,-2.0,5.0,6.0,-2.0,11.0,-0.1745,0.0749,0.0,0.0,2.0,0.1818,1.74867,1.0,,1.0,0.0909,2.0,0.1818,1.0,0.0909,0.0,1.0,0.0,1.0,5.0,2.0,8.0,6.0,,5.0,6.0,36.0,45.0,Female,,0.55555556,0.22222222,0.125,0.42857143,0.33333333,0.4,0.0,0.25,0.5,0.75,0.0,,0.32,0.32406,6.0,-2.0,0.33333,6.0,-2.0,-0.3519,-0.2081,0.22325,0.29067,,3.0,0.2727,8.0,0.75,0.0,0.75
5,Sarah & Molly,4.0,4.0,4.0,6.0,3.0,2.0,3.0,2.0,1.0,5.0,,,3.4,3.4,4.0,1.0,3.5,4.0,1.0,10.0,0.1715,0.3474,1.0,0.1,5.0,0.5,1.42829,1.75,,2.0,0.2,0.0,0.0,0.0,0.0,0.0,0.0,0.0,0.0,4.0,1.0,6.0,5.0,,5.0,5.0,24.0,34.0,Female,,0.66666667,0.66666667,0.625,0.28571429,0.66666667,0.8,0.5,0.75,1.0,0.0,,,0.6,0.59607,4.0,1.0,0.66667,4.0,1.0,0.1921,0.4567,0.26553,0.19792,,8.0,0.8,2.0,1.0,0.0,1.0
6,Sean & Amy,2.0,2.0,3.0,2.0,2.0,6.0,,,,,,,2.83,2.83333,3.0,3.0,2.0,2.0,4.0,6.0,0.3104,0.4568,0.0,0.0,5.0,0.8333,1.46249,0.75,,4.0,0.6667,0.0,0.0,0.0,0.0,0.0,0.0,0.0,0.0,2.0,2.0,6.0,4.0,,3.0,3.0,32.0,27.0,Co-Ed,,0.88888889,0.88888889,0.75,0.85714286,0.83333333,0.0,,,,,,,0.7,0.70304,3.0,3.0,0.84524,2.0,4.0,0.4061,0.7181,0.31788,0.11012,,5.0,0.8333,1.0,0.88889,0.0,0.88889
7,Bonnie & Mel,7.0,6.0,6.0,7.0,7.0,,,,,,,,6.6,6.6,7.0,0.0,7.0,7.0,0.0,5.0,-0.6082,-0.2668,0.0,0.0,0.0,0.0,0.4899,1.0,,0.0,0.0,1.0,0.2,0.0,0.0,0.0,0.0,0.0,0.0,7.0,6.0,7.0,1.0,,2.0,3.0,54.0,54.0,Female,,0.33333333,0.44444444,0.375,0.14285714,0.0,,,,,,,,0.26,0.25913,7.0,0.0,0.33333,6.0,1.0,-0.4817,-0.3667,0.16367,0.23214,,0.0,0.0,5.0,0.44444,0.0,0.44444
8,Janis & Aleksandra,6.0,7.0,7.0,8.0,,,,,,,,,7.0,7.0,8.0,0.0,7.0,7.0,1.0,4.0,-0.7057,-0.3436,0.0,0.0,0.0,0.0,0.70711,0.5,,0.0,0.0,0.0,0.0,0.0,0.0,0.0,0.0,1.0,0.0,7.0,6.0,8.0,2.0,,4.0,0.0,40.0,24.0,Co-Ed,,0.44444444,0.33333333,0.25,0.0,,,,,,,,,0.26,0.25694,8.0,0.0,0.29167,8.0,0.0,-0.4861,-0.3721,0.1636,0.17361,,0.0,0.0,4.0,0.44444,0.0,0.44444
9,Miguel & Hector,8.0,9.0,9.0,,,,,,,,,,8.67,8.66667,9.0,0.0,9.0,9.0,0.0,3.0,-1.1126,-0.6641,0.0,0.0,0.0,0.0,0.4714,0.5,,0.0,0.0,1.0,0.3333,0.0,0.0,0.0,0.0,0.0,0.0,9.0,8.0,9.0,1.0,,1.0,2.0,27.0,31.0,Male,,0.22222222,0.11111111,0.0,,,,,,,,,,0.11,0.11111,9.0,0.0,0.11111,9.0,0.0,-0.7778,-0.7285,0.09072,0.11111,,0.0,0.0,3.0,0.22222,0.0,0.22222
10,Paul & Francis,10.0,10.0,,,,,,,,,,,10.0,10.0,10.0,0.0,10.0,10.0,0.0,2.0,-1.4367,-0.9194,0.0,0.0,0.0,0.0,0.0,0.0,,0.0,0.0,0.0,0.0,1.0,0.5,0.0,0.0,0.0,0.0,10.0,10.0,10.0,0.0,,1.0,1.0,27.0,31.0,Male,,0.0,0.0,,,,,,,,,,,0.0,0.0,10.0,0.0,0.0,10.0,0.0,-1.0,-1.0,0.0,0.0,,0.0,0.0,2.0,0.0,0.0,0.0
