place_1,place_2,place_3,team,"1st
season",2nd_season,"3rd
season",unnamed_7,rank_1,2,3,4,5,6,7,8,9,10,11,12,13,14,15,16,17,18,19,20,21,22,23,24,25,26,27,28,29,30,31,32,33,34,average,average_round_to_five_nearest,all_returning_racers_averages_rank,"median
all",all_returning_racers_averages_rank1,"of_ranks
all",of_ranks_rank_all,"racing_average__theoretical_returning_average
all","racing_average__theoretical_returning_average
all1","leg_wins
all","leg_win_rate
all","podium_finishes
all","podium_finish_rate
all",standard_deviation,interquartile_range,unnamed_57,season_1_placement_average,season_2_placement_average,season_3_placement_average,average_season_placement_average,average_season_placement_average_rank,unnamed_63,"average_rank
all_teams_placements","second_place_finshes
all","2nd_place_rate
all","secondtolast_place_finishes_not_final_3
all","2ndtolast_rate
all","nonelimination_legs
all","nonelimination_rate
all",uturned,used_uturn,yielded,used_yield,fastforward,"mode
all","minimum
all","2nd_minimum
all","2nd_maximum
all","maximum
all","range
all",unnamed_82,average_final_place,final_place_mode,of_seasons,unnamed_86,"roadblock_split
all",unnamed_88,unnamed_89,"age
initial",unnamed_91,unnamed_92,average_roadblocks,roadblock_split_range,unnamed_95,average_age,age_gap,unnamed_98,gender,returning_team,unnamed_101,rank_11,21,31,41,51,61,71,81,91,101,111,121,131,141,151,161,171,181,191,201,211,221,231,241,251,261,271,281,291,301,311,321,331,341,di_average,di_average_round_to_five_nearest,di_all_returning_racers_averages_rank,di_median,di_all_returning_racers_median_rank,di_racing_average__di_theoretical_returning_average,di_racing_average__di_experimental_returning_average,unnamed_143,season_1_di_average,season_2_di_average,season_3_di_average,average_season_di_average,average_season_di_average_rank,unnamed_149,di_sum,di_sum_rank,di_sum_season_average,di_sum_season_average_rank,"di_average
all",di_standard_deviation,di_interquartile_range,equal_or_above_05,05_rate,less_than_05,maximum_di,2nd_maximum_di,2nd_minimum_di,minimum_di,range_di,2nds_range,of_times_placed_last
4.4407,5.6441,6.5,Average,Pairs: 45,People: 102,Triple: 4 Pairs + 2 Singles,,4.7966,5.14,4.14,4.07,4.02,3.85,4.1,3.88,3.41,3.89,4.02,4.54,4.7,3.93,4.26,4.11,4.06,3.67,2.9,3.0,2.88,3.04,2.94,2.78,3.29,3.6,5.5,6.0,5.0,5.25,5.25,5.0,1.0,3.0,4.2627119,4.2633886,28.59322,3.9576271,24.25424,18.3389831,28.5423729,-0.0611881,0.0,2.9830508,0.1490864,8.8474576,0.4489881,2.2026524,2.8389831,,4.0855393,5.394441,5.3416667,4.7949354,29.5762712,,,3.0169492,0.1499847,2.3728814,0.126978,0.7118644,0.0400408,0.5254,0.339,0.3729,0.0678,0.322,3.6271186,1.220339,1.7288136,7.5084746,8.8305085,7.6101695,,5.1269492,4.375,2.1016949,,7.5728155,,,30.122549,,,7.43,1.73,,29.81,5.01,,,,,0.598,0.54,0.62,0.58,0.56,0.56,0.47,0.49,0.56,0.44,0.39,0.4,0.54,0.62,0.54,0.54,0.54,0.55,0.64,0.49,0.59,0.51,0.43,0.49,0.65,0.67,0.38,0.3,0.37,0.31,0.13,0.25,1.0,0.0,0.5074576,0.50739,28.83051,0.5085536,27.71186,-0.0360017,0.0,,0.5119878,0.4288783,0.429874,0.4667376,29.6101695,,9.563319,29.440678,4.5242883,29.440678,0.52634,0.3054436,0.4607653,10.3559322,0.5403366,7.8135593,0.9691012,0.9010381,0.0552932,0.0097467,0.9626563,0.8549523,2.3333333
2.2115,3.3434,2.2174,Standard Deviation,Singles: 14,,,,2.7419,2.73,2.49,2.48,2.15,2.15,2.12,2.26,2.37,2.51,2.38,3.11,3.26,2.1,2.25,2.0,2.25,2.08,1.71,1.44,1.68,2.03,1.87,1.69,2.37,1.74,2.06,1.41,2.24,1.92,0.43,2.0,0.0,0.0,1.2120564,1.2115621,16.27426,1.4000246,16.58731,6.3848607,17.3716329,0.3015673,0.2841823,2.6004662,0.1195392,5.5167344,0.2088039,0.4353573,0.9110465,,1.4830602,2.5504402,1.6193277,1.5535692,16.5183036,,,2.4390296,0.1036283,1.774569,0.0941893,0.824433,0.053558,0.8705,0.7037,1.1918,0.3116,0.5949,2.0075983,0.4894756,1.1619754,1.5445133,1.531063,1.4499205,,2.0871018,1.57619,0.3022467,,3.6353228,,,9.1183494,,,3.37,2.07,,6.91,8.44,,,,,0.2802,0.3,0.29,0.33,0.31,0.31,0.31,0.35,0.34,0.38,0.34,0.36,0.35,0.29,0.32,0.29,0.31,0.33,0.32,0.36,0.35,0.33,0.41,0.37,0.28,0.22,0.27,0.13,0.31,0.26,0.14,0.25,0.0,0.0,0.1360283,0.137097,16.196,0.1861444,16.11931,0.2604691,0.2701947,,0.1580228,0.2252196,0.1555269,0.1542487,16.4955227,,4.7416562,16.3409345,2.1585787,16.3409345,,0.0385961,0.1412207,5.6260975,0.1933847,3.8332823,0.0689265,0.1497754,0.1109956,0.0417857,0.0724969,0.1505968,1.2042809
4.0,5.0,6.5,Median,,,,,5.0,5.0,4.0,4.0,4.0,4.0,4.0,4.0,3.0,4.0,4.0,3.0,4.0,4.0,4.0,4.0,4.0,3.0,3.0,3.0,3.0,3.0,3.0,3.0,2.0,3.0,6.5,6.0,5.0,6.0,5.0,5.0,1.0,3.0,4.13,4.13043,28.0,4.0,26.0,18.0,30.0,-0.0281,0.0312,3.0,0.125,10.0,0.4516,2.21666,2.75,,3.81818,4.33333,5.4375,4.6859,30.0,,,2.0,0.1538,2.0,0.1176,0.0,0.0,0.0,0.0,0.0,0.0,0.0,3.0,1.0,1.0,8.0,9.0,8.0,,5.0,4.0,2.0,,7.0,,,27.0,,,7.25,1.0,,27.5,3.0,,,,,0.625,0.55555556,0.625,0.625,0.625,0.55,0.5,0.4,0.5,0.33333333,0.33333333,0.3,0.5,0.6,0.563492065,0.57142857,0.57142857,0.583333335,0.7,0.5,0.625,0.5,0.388888885,0.4,0.66666667,0.71428571,0.267857145,0.28571429,0.333333335,0.16666667,0.1,0.25,1.0,0.0,0.51,0.50516,28.0,0.5,24.0,-0.0402,-0.0044,,0.52309,0.48155,0.44127,0.48751,30.0,,9.37976,30.0,4.40417,30.0,,0.30268,0.45714,10.0,0.54839,7.0,1.0,1.0,0.0,0.0,1.0,0.875,2.0
3.0,6.0,,Joe & Bill,TARUS1,TARUS11,,1.0,2.0,2.0,4.0,1.0,2.0,2.0,2.0,4.0,4.0,4.0,3.0,3.0,3.0,5.0,3.0,7.0,4.0,5.0,6.0,6.0,6.0,,,,,,,,,,,,,,3.71,3.71429,21.0,4.0,26.0,21.0,24.0,0.0755,0.1288,1.0,0.0476,10.0,0.4762,1.6078,3.0,,2.76923,5.25,,4.00962,22.0,,4.01756,5.0,0.2381,4.0,0.1905,3.0,0.14286,0.0,0.0,0.0,0.0,1.0,2.0,1.0,2.0,6.0,7.0,6.0,1.0,4.5,,2.0,,9.0,8.0,,50.0,47.0,,8.5,1.0,,48.5,3.0,,Male,YES,,0.9,0.88888889,0.625,1.0,0.83333333,0.8,0.8,0.25,0.25,0.0,0.33333333,0.0,0.0,0.6,0.77777778,0.25,0.57142857,0.33333333,0.16666667,0.0,0.0,,,,,,,,,,,,,,0.45,0.44666,39.0,0.33333,47.0,-0.1514,-0.1197,,0.51389,0.3374,,0.42565,35.0,,9.37976,30.0,4.68988,28.0,0.52634,0.34535,0.63333,10.0,0.47619,11.0,1.0,0.9,0.0,0.0,1.0,0.9,5.0
4.0,10.0,,Kevin & Drew,TARUS1,TARUS11,,2.0,9.0,5.0,1.0,2.0,1.0,4.0,4.0,1.0,3.0,3.0,4.0,10.0,10.0,,,,,,,,,,,,,,,,,,,,,,4.38,4.38462,34.0,4.0,26.0,13.0,42.0,-0.0914,-0.0284,3.0,0.2308,6.0,0.4615,3.15103,3.0,,3.36364,10.0,,6.68182,49.0,,,1.0,0.0769,2.0,0.1538,0.0,0.0,0.0,0.0,0.0,0.0,1.0,1.0,1.0,1.0,10.0,10.0,9.0,2.0,7.0,,2.0,,6.0,5.0,,34.0,35.0,,5.5,1.0,,34.5,1.0,,Male,YES,,0.2,0.55555556,1.0,0.85714286,1.0,0.4,0.4,1.0,0.5,0.33333333,0.0,0.1,0.0,,,,,,,,,,,,,,,,,,,,,,0.49,0.48816,34.0,0.4,39.0,-0.0725,-0.0379,,0.56782,0.1037,,0.33576,43.0,,6.34603,40.0,3.17302,40.0,,0.35912,0.65714,6.0,0.46154,7.0,1.0,1.0,0.0,0.0,1.0,1.0,2.0
4.0,4.0,,Oswald & Danny,TARUS2,TARUS11,,3.0,8.0,7.0,1.0,1.0,6.0,4.0,4.0,1.0,4.0,4.0,4.0,2.0,2.0,5.0,1.0,4.0,2.0,2.0,1.0,4.0,1.0,4.0,4.0,,,,,,,,,,,,3.3,3.30435,13.0,4.0,26.0,23.0,10.0,0.1775,0.2249,6.0,0.2609,10.0,0.4348,1.96568,2.5,,4.0,2.66667,,3.33334,12.0,,,4.0,0.1739,3.0,0.1304,2.0,0.08696,0.0,0.0,0.0,1.0,3.0,4.0,1.0,1.0,7.0,8.0,7.0,3.0,4.0,4.0,2.0,,10.0,8.0,,31.0,36.0,,9.0,2.0,,33.5,5.0,,Male,YES,,0.3,0.33333333,1.0,1.0,0.16666667,0.4,0.4,1.0,0.25,0.0,0.0,0.9,0.88888889,0.5,1.0,0.5,0.83333333,0.8,1.0,0.25,1.0,0.0,0.0,,,,,,,,,,,,0.54,0.54444,20.0,0.5,24.0,0.0344,0.073,,0.44091,0.63935,,0.54013,16.0,,12.52222,16.0,6.26111,12.0,,0.37826,0.7,12.0,0.52174,11.0,1.0,1.0,0.0,0.0,1.0,1.0,4.0
2.0,7.0,,Teri & Ian,TARUS3,TARUS11,,4.0,9.0,10.0,9.0,5.0,6.0,1.0,4.0,3.0,4.0,4.0,1.0,1.0,2.0,3.0,7.0,6.0,3.0,3.0,7.0,,,,,,,,,,,,,,,,4.63,4.63158,37.0,4.0,26.0,19.0,29.0,-0.1528,-0.0864,3.0,0.1579,8.0,0.4211,2.71856,3.5,,4.53846,4.83333,,4.6859,30.0,,,1.0,0.0526,4.0,0.2105,0.0,0.0,0.0,0.0,0.0,0.0,1.0,3.0,1.0,1.0,9.0,10.0,9.0,4.0,4.5,,2.0,,4.0,12.0,,49.0,50.0,,8.0,8.0,,49.5,1.0,,Co-Ed,YES,,0.27272727,0.1,0.11111111,0.5,0.28571429,1.0,0.4,0.5,0.25,0.25,1.0,1.0,0.5,0.8,0.33333333,0.375,0.71428571,0.66666667,0.0,,,,,,,,,,,,,,,,0.48,0.47678,35.0,0.4,39.0,-0.0942,-0.0603,,0.47458,0.48155,,0.47807,31.0,,9.05884,31.0,4.52942,29.0,,0.30268,0.42911,9.0,0.47368,10.0,1.0,1.0,0.1,0.0,1.0,0.9,1.0
5.0,11.0,,John Vito & Jill,TARUS3,TARUS11,,5.0,5.0,7.0,7.0,6.0,4.0,5.0,3.0,5.0,1.0,5.0,11.0,,,,,,,,,,,,,,,,,,,,,,,,5.36,5.36364,49.0,5.0,41.0,11.0,51.0,-0.335,-0.2581,1.0,0.0909,2.0,0.1818,2.42235,2.0,,4.8,11.0,,7.9,57.0,,,0.0,0.0,0.0,0.0,1.0,0.09091,0.0,0.0,0.0,0.0,1.0,5.0,1.0,3.0,7.0,11.0,10.0,5.0,8.0,,2.0,,5.0,3.0,,28.0,24.0,,4.0,2.0,,26.0,4.0,,Co-Ed,YES,,0.63636364,0.4,0.33333333,0.375,0.57142857,0.33333333,0.6,0.0,1.0,0.0,0.0,,,,,,,,,,,,,,,,,,,,,,,,0.39,0.38631,48.0,0.375,45.0,-0.266,-0.2386,,0.42495,0.0,,0.21248,56.0,,4.24946,51.0,2.12473,51.0,,0.29737,0.41905,4.0,0.36364,7.0,1.0,0.63636,0.0,0.0,1.0,0.63636,3.0
2.0,1.0,,Colin & Christie,TARUS5,TARUS31,,6.0,7.0,6.0,1.0,2.0,1.0,1.0,2.0,1.0,1.0,1.0,4.0,3.0,2.0,2.0,4.0,3.0,1.0,3.0,2.0,2.0,3.0,4.0,1.0,3.0,1.0,,,,,,,,,,2.44,2.44,4.0,2.0,1.0,25.0,6.0,0.3927,0.4277,9.0,0.36,20.0,0.8,1.57683,2.0,,2.46154,2.41667,,2.43911,2.0,,,6.0,0.24,2.0,0.08,1.0,0.04,1.0,0.0,1.0,0.0,1.0,1.0,1.0,1.0,6.0,7.0,6.0,6.0,1.5,,2.0,,16.0,7.0,,24.0,26.0,,11.5,9.0,,25.0,2.0,,Co-Ed,YES,,0.4,0.44444444,1.0,0.85714286,1.0,1.0,0.8,1.0,1.0,1.0,0.0,0.33333333,0.5,0.9,0.66666667,0.75,1.0,0.71428571,0.85714286,0.83333333,0.66666667,0.4,1.0,0.33333333,1.0,,,,,,,,,,0.74,0.73825,3.0,0.83333,3.0,0.4026,0.455,,0.71807,0.76012,,0.7391,3.0,,18.45635,2.0,9.22817,1.0,,0.27855,0.5,19.0,0.76,6.0,1.0,1.0,0.33333,0.0,1.0,0.66667,1.0
6.0,3.0,,Charla & Mirna,TARUS5,TARUS11,,7.0,5.0,2.0,2.0,4.0,2.0,5.0,6.0,8.0,8.0,8.0,7.0,1.0,1.0,4.0,4.0,2.0,3.0,2.0,3.0,3.0,,,,,,,,,,,,,,,4.0,4.0,27.0,3.5,22.0,20.0,26.0,0.0044,0.0618,2.0,0.1,10.0,0.5,2.28035,3.25,,3.71429,4.15385,,3.93407,20.0,,,5.0,0.25,4.0,0.2,0.0,0.0,0.0,0.0,0.0,0.0,0.0,2.0,1.0,1.0,8.0,8.0,7.0,7.0,4.5,,2.0,,10.0,8.0,,27.0,27.0,,9.0,2.0,,27.0,0.0,,Female,YES,,0.6,0.88888889,0.875,0.57142857,0.83333333,0.33333333,0.0,0.3,0.22222222,0.125,0.14285714,1.0,1.0,0.4,0.4,0.75,0.33333333,0.66666667,0.33333333,0.0,,,,,,,,,,,,,,,0.49,0.48877,33.0,0.4,39.0,-0.0714,-0.0367,,0.586,0.43642,,0.51121,22.0,,9.7754,27.0,4.8877,24.0,,0.31579,0.49028,9.0,0.45,11.0,1.0,1.0,0.0,0.0,1.0,1.0,2.0
1.0,5.0,,Uchenna & Joyce,TARUS7,TARUS11,,8.0,8.0,4.0,2.0,3.0,6.0,3.0,3.0,3.0,1.0,1.0,3.0,3.0,1.0,7.0,5.0,2.0,6.0,7.0,3.0,3.0,1.0,5.0,,,,,,,,,,,,,3.64,3.63636,17.0,3.0,11.0,22.0,19.0,0.0949,0.1471,4.0,0.1818,14.0,0.6364,2.05704,2.75,,3.15385,4.33333,,3.74359,17.0,,,2.0,0.0909,2.0,0.0909,2.0,0.09091,0.0,0.0,0.0,0.0,2.0,3.0,1.0,1.0,7.0,8.0,7.0,8.0,3.0,,2.0,,9.0,8.0,,40.0,44.0,,8.5,1.0,,42.0,4.0,,Co-Ed,YES,,0.3,0.66666667,0.875,0.71428571,0.16666667,0.66666667,0.6,0.5,1.0,1.0,0.33333333,0.0,1.0,0.4,0.55555556,0.875,0.28571429,0.0,0.66666667,0.6,1.0,0.0,,,,,,,,,,,,,0.55,0.5548,18.0,0.6,18.0,0.0541,0.0934,,0.60174,0.48699,,0.54437,15.0,,12.20556,20.0,6.10278,16.0,,0.32699,0.52649,14.0,0.63636,8.0,1.0,1.0,0.0,0.0,1.0,1.0,3.0
2.0,8.0,,Rob & Amber,TARUS7,TARUS11,,9.0,3.0,1.0,5.0,1.0,5.0,2.0,1.0,1.0,3.0,3.0,1.0,2.0,2.0,1.0,1.0,1.0,8.0,,,,,,,,,,,,,,,,,,2.41,2.41176,2.0,2.0,1.0,17.0,34.0,0.3997,0.4343,8.0,0.4706,14.0,0.8235,1.91154,2.0,,2.30769,2.75,,2.52885,4.0,,,3.0,0.1765,1.0,0.0588,0.0,0.0,0.0,0.0,0.0,1.0,0.0,1.0,1.0,1.0,5.0,8.0,7.0,9.0,5.0,,2.0,,7.0,8.0,,29.0,26.0,,6.0,0.0,,27.0,2.0,,Co-Ed,YES,,0.8,1.0,0.5,1.0,0.33333333,0.83333333,1.0,1.0,0.5,0.33333333,1.0,0.5,0.5,1.0,1.0,1.0,0.0,,,,,,,,,,,,,,,,,,0.72,0.72353,6.0,0.83333,3.0,0.3746,0.426,,0.71538,0.75,,0.73269,5.0,,12.3,18.0,6.15,14.0,,0.31223,0.5,14.0,0.82353,3.0,1.0,1.0,0.33333,0.0,1.0,0.66667,1.0
2.0,1.0,,Eric Sanchez,TARUS9,TARUS11,,10.0,1.0,2.0,1.0,1.0,2.0,1.0,1.0,4.0,1.0,2.0,2.0,2.0,2.0,4.0,4.0,3.0,2.0,6.0,5.0,5.0,5.0,3.0,4.0,3.0,2.0,1.0,,,,,,,,,2.65,2.65385,7.0,2.0,1.0,26.0,5.0,0.3394,0.3775,7.0,0.2692,18.0,0.6923,1.49209,2.75,,1.69231,3.61538,,2.65385,7.0,,,8.0,0.3077,5.0,0.1923,1.0,0.03846,0.0,0.0,2.0,0.0,1.0,2.0,1.0,1.0,5.0,6.0,5.0,10.0,1.5,,2.0,,12.0,,,27.0,26.0,,,,,26.5,1.0,,Male,NO,,1.0,0.88888889,1.0,1.0,0.85714286,1.0,1.0,0.25,1.0,0.66666667,0.66666667,0.5,0.5,0.7,0.66666667,0.75,0.85714286,0.16666667,0.33333333,0.2,0.2,0.5,0.0,0.33333333,0.66666667,1.0,,,,,,,,,0.64,0.64243,12.0,0.66667,12.0,0.2206,0.2661,,0.79457,0.49029,,0.64243,10.0,,16.70317,5.0,8.35159,3.0,,0.31019,0.59722,19.0,0.73077,7.0,1.0,1.0,0.16667,0.0,1.0,0.83333,1.0
8.0,1.0,,Danielle Turner,TARUS9,TARUS11,,11.0,9.0,8.0,6.0,8.0,8.0,4.0,4.0,3.0,2.0,6.0,5.0,5.0,5.0,3.0,4.0,3.0,2.0,1.0,,,,,,,,,,,,,,,,,4.78,4.77778,39.0,4.5,38.0,18.0,30.0,-0.1892,-0.1207,1.0,0.0556,6.0,0.3333,2.27439,3.0,,7.8,3.61538,,5.70769,40.0,,,2.0,0.1111,5.0,0.2778,1.0,0.05556,0.0,0.0,3.0,0.0,0.0,8.0,1.0,2.0,8.0,9.0,8.0,11.0,4.5,,2.0,,7.0,,,22.0,22.0,,,,,22.0,0.0,,Female,NO,,0.2,0.22222222,0.375,0.125,0.0,0.7,0.66666667,0.75,0.85714286,0.16666667,0.33333333,0.2,0.2,0.5,0.0,0.33333333,0.66666667,1.0,,,,,,,,,,,,,,,,,0.41,0.40534,45.0,0.33333,47.0,-0.2299,-0.2011,,0.18444,0.49029,,0.33737,42.0,,7.29603,37.0,3.64802,37.0,,0.29291,0.46667,7.0,0.38889,11.0,1.0,0.85714,0.0,0.0,1.0,0.85714,2.0
4.0,2.0,,Dustin & Kandice,TARUS10,TARUS11,,12.0,4.0,5.0,4.0,7.0,2.0,2.0,1.0,1.0,2.0,2.0,4.0,4.0,6.0,6.0,4.0,5.0,2.0,4.0,1.0,3.0,1.0,2.0,1.0,1.0,2.0,,,,,,,,,,3.04,3.04,11.0,2.0,1.0,25.0,6.0,0.2433,0.287,6.0,0.24,14.0,0.56,1.77719,2.0,,3.16667,2.92308,,3.04488,10.0,,,7.0,0.28,1.0,0.04,1.0,0.04,0.0,0.0,0.0,2.0,0.0,2.0,1.0,1.0,6.0,7.0,6.0,12.0,3.0,,2.0,,12.0,12.0,,24.0,24.0,,12.0,0.0,,24.0,0.0,,Female,YES,,0.72727273,0.55555556,0.625,0.14285714,0.83333333,0.83333333,1.0,1.0,0.75,0.75,0.0,0.0,0.5,0.44444444,0.625,0.42857143,0.83333333,0.5,1.0,0.6,1.0,0.66666667,1.0,1.0,0.5,,,,,,,,,,0.65,0.65261,10.0,0.66667,12.0,0.2399,0.2862,,0.60145,0.69985,,0.65065,8.0,,16.31537,7.0,8.15768,5.0,,0.29227,0.33333,20.0,0.8,5.0,1.0,1.0,0.0,0.0,1.0,1.0,2.0
6.0,9.0,,David & Mary,TARUS10,TARUS11,,13.0,10.0,7.0,7.0,5.0,7.0,1.0,6.0,6.0,9.0,9.0,9.0,,,,,,,,,,,,,,,,,,,,,,,,6.91,6.90909,56.0,7.0,54.0,11.0,51.0,-0.7197,-0.6206,1.0,0.0909,1.0,0.0909,2.39144,3.0,,6.125,9.0,,7.5625,54.0,,,0.0,0.0,2.0,0.1818,2.0,0.18182,0.0,0.0,0.0,0.0,1.0,7.0,1.0,5.0,9.0,10.0,9.0,13.0,7.5,,2.0,,5.0,3.0,,32.0,31.0,,4.0,2.0,,31.5,1.0,,Co-Ed,YES,,0.18181818,0.33333333,0.25,0.42857143,0.0,1.0,0.0,0.0,0.2,0.11111111,0.0,,,,,,,,,,,,,,,,,,,,,,,,0.23,0.22771,56.0,0.18182,55.0,-0.5674,-0.5512,,0.27422,0.05,,0.16211,57.0,,2.50483,56.0,1.25242,56.0,,0.2816,0.29167,1.0,0.09091,10.0,1.0,0.42857,0.0,0.0,1.0,0.42857,4.0
2.0,7.0,,Ron & Christina,TARUS12,TARUS18,,14.0,7.0,9.0,5.0,3.0,3.0,1.0,3.0,3.0,1.0,1.0,2.0,8.0,10.0,3.0,4.0,7.0,3.0,7.0,,,,,,,,,,,,,,,,,4.44,4.44444,35.0,3.0,11.0,18.0,30.0,-0.1063,-0.0425,3.0,0.1667,10.0,0.5556,2.77333,4.0,,3.45455,6.0,,4.72728,31.0,,,1.0,0.0556,2.0,0.1111,0.0,0.0,0.0,0.0,0.0,0.0,0.0,3.0,1.0,1.0,9.0,10.0,9.0,14.0,4.5,,2.0,,8.0,9.0,,58.0,26.0,,8.5,1.0,,42.0,32.0,,Co-Ed,YES,,0.4,0.11111111,0.5,0.71428571,0.66666667,1.0,0.5,0.5,1.0,1.0,0.5,0.3,0.1,0.77777778,0.625,0.25,0.71428571,0.0,,,,,,,,,,,,,,,,,0.54,0.53662,22.0,0.5,24.0,0.0195,0.0576,,0.62655,0.39529,,0.51092,23.0,,9.65913,28.0,4.82956,25.0,,0.29926,0.38929,12.0,0.66667,6.0,1.0,1.0,0.1,0.0,1.0,0.9,1.0
5.0,5.0,,Kynt & Vyxsin,TARUS12,TARUS18,,15.0,2.0,4.0,4.0,5.0,2.0,2.0,5.0,5.0,10.0,7.0,7.0,9.0,5.0,5.0,6.0,3.0,3.0,5.0,,,,,,,,,,,,,,,,,4.94,4.94444,42.0,5.0,41.0,18.0,30.0,-0.2307,-0.1597,0.0,0.0,5.0,0.2778,2.19778,2.5,,3.625,6.0,,4.8125,34.0,,,3.0,0.1667,2.0,0.1111,2.0,0.11111,0.0,1.0,0.0,0.0,0.0,5.0,2.0,2.0,9.0,10.0,8.0,15.0,5.0,5.0,2.0,,8.0,9.0,,21.0,22.0,,8.5,1.0,,21.5,1.0,,Co-Ed,YES,,0.9,0.66666667,0.625,0.42857143,0.83333333,0.8,0.0,0.0,0.1,0.4,0.33333333,0.0,0.5,0.42857143,0.16666667,0.6,0.6,0.0,,,,,,,,,,,,,,,,,0.41,0.41012,43.0,0.42857,33.0,-0.2208,-0.1917,,0.5317,0.31286,,0.42228,36.0,,7.38214,35.0,3.69107,35.0,,0.29797,0.50208,8.0,0.44444,10.0,0.9,0.83333,0.0,0.0,0.9,0.83333,4.0
2.0,9.0,,Jaime & Cara,TARUS14,TARUS18,,16.0,7.0,6.0,7.0,5.0,3.0,5.0,2.0,2.0,4.0,1.0,3.0,2.0,6.0,8.0,9.0,7.0,9.0,,,,,,,,,,,,,,,,,,5.06,5.05882,45.0,5.0,41.0,17.0,34.0,-0.2592,-0.1866,1.0,0.0588,6.0,0.3529,2.50812,4.0,,3.91667,7.8,,5.85834,42.0,,,3.0,0.1765,3.0,0.1765,0.0,0.0,1.0,1.0,0.0,0.0,0.0,7.0,1.0,2.0,9.0,9.0,8.0,16.0,5.5,,2.0,,8.0,7.0,,29.0,26.0,,7.5,1.0,,27.5,3.0,,Female,YES,,0.4,0.44444444,0.25,0.42857143,0.66666667,0.33333333,0.8,0.75,0.25,1.0,0.33333333,0.5,0.5,0.3,0.11111111,0.25,0.0,,,,,,,,,,,,,,,,,,0.43,0.43044,41.0,0.4,39.0,-0.1822,-0.1517,,0.51303,0.23222,,0.37263,39.0,,7.31746,36.0,3.65873,36.0,,0.24858,0.25,6.0,0.35294,11.0,1.0,0.8,0.11111,0.0,1.0,0.68889,1.0
3.0,8.0,8.0,Margie & Luke,TARUS14,TARUS18,TARUS24,17.0,1.0,4.0,4.0,4.0,1.0,4.0,4.0,1.0,3.0,2.0,2.0,3.0,7.0,5.0,8.0,1.0,3.0,8.0,4.0,2.0,4.0,7.0,8.0,,,,,,,,,,,,3.91,3.91304,24.0,4.0,26.0,23.0,10.0,0.026,0.0822,4.0,0.1739,10.0,0.4348,2.26338,2.5,,2.75,5.33333,5.0,4.36111,27.0,,,3.0,0.1304,1.0,0.0435,0.0,0.0,0.0,1.0,0.0,0.0,0.0,4.0,1.0,1.0,8.0,8.0,7.0,17.0,6.33,8.0,3.0,,7.0,9.0,,50.0,22.0,,8.0,2.0,,36.0,28.0,,Co-Ed,YES,,1.0,0.66666667,0.625,0.57142857,1.0,0.5,0.4,1.0,0.5,0.66666667,0.66666667,0.0,0.4,0.6,0.22222222,1.0,0.75,0.0,0.7,0.88888889,0.625,0.14285714,0.0,,,,,,,,,,,,0.56,0.56197,16.0,0.625,16.0,0.0677,0.1076,,0.63304,0.49537,0.47135,0.53325,18.0,,12.9254,15.0,4.30847,32.0,,0.31414,0.325,16.0,0.69565,7.0,1.0,1.0,0.0,0.0,1.0,1.0,3.0
4.0,1.0,,Kisha & Jen,TARUS14,TARUS18,,18.0,8.0,7.0,3.0,2.0,6.0,3.0,5.0,4.0,1.0,4.0,4.0,3.0,4.0,4.0,5.0,4.0,6.0,3.0,4.0,2.0,2.0,2.0,1.0,,,,,,,,,,,,3.78,3.78261,22.0,4.0,26.0,23.0,10.0,0.0585,0.1128,2.0,0.087,10.0,0.4348,1.76823,2.0,,4.27273,3.33333,,3.80303,18.0,,,4.0,0.1739,3.0,0.1304,1.0,0.04348,1.0,0.0,0.0,0.0,0.0,4.0,1.0,1.0,7.0,8.0,7.0,18.0,2.5,,2.0,,11.0,11.0,,28.0,24.0,,11.0,0.0,,26.0,4.0,,Female,YES,,0.3,0.33333333,0.75,0.85714286,0.16666667,0.66666667,0.2,0.25,1.0,0.0,0.0,0.8,0.7,0.66666667,0.5,0.625,0.28571429,0.66666667,0.4,0.8,0.75,0.66666667,1.0,,,,,,,,,,,,0.54,0.53846,21.0,0.66667,12.0,0.023,0.0612,,0.41126,0.65506,,0.53316,19.0,,12.38452,17.0,6.19226,13.0,,0.29137,0.45714,14.0,0.6087,9.0,1.0,1.0,0.0,0.0,1.0,1.0,2.0
6.0,10.0,,Mel & Mike,TARUS14,TARUS18,,19.0,4.0,2.0,1.0,6.0,4.0,2.0,6.0,9.0,6.0,10.0,,,,,,,,,,,,,,,,,,,,,,,,,5.0,5.0,43.0,5.0,41.0,10.0,54.0,-0.2445,-0.1728,1.0,0.1,3.0,0.3,2.82843,3.5,,3.57143,8.33333,,5.95238,43.0,,,2.0,0.2,0.0,0.0,0.0,0.0,0.0,0.0,0.0,0.0,0.0,6.0,1.0,2.0,9.0,10.0,9.0,19.0,8.0,,2.0,,4.0,,,68.0,38.0,,,,,,,,Male,YES,,0.7,0.88888889,1.0,0.28571429,0.5,0.83333333,0.0,0.2,0.5,0.0,,,,,,,,,,,,,,,,,,,,,,,,,0.49,0.49079,32.0,0.5,24.0,-0.0675,-0.0327,,0.60113,0.23333,,0.41723,50.0,,4.90794,45.0,2.45397,45.0,,0.34459,0.57857,6.0,0.6,4.0,1.0,0.88889,0.0,0.0,1.0,0.88889,2.0
8.0,11.0,,Amanda & Kris,TARUS14,TARUS18,,20.0,5.0,3.0,2.0,8.0,2.0,11.0,,,,,,,,,,,,,,,,,,,,,,,,,,,,,5.17,5.16667,46.0,4.0,26.0,6.0,59.0,-0.286,-0.2119,0.0,0.0,3.0,0.5,3.3375,5.0,,4.5,6.5,,5.5,39.0,,,2.0,0.3333,0.0,0.0,0.0,0.0,2.0,0.0,0.0,0.0,0.0,2.0,2.0,2.0,8.0,11.0,9.0,20.0,9.5,,2.0,,2.0,3.0,,23.0,24.0,,2.5,1.0,,23.5,1.0,,Co-Ed,YES,,0.6,0.77777778,0.875,0.0,0.9,0.0,,,,,,,,,,,,,,,,,,,,,,,,,,,,,0.53,0.52546,25.0,0.68889,11.0,-0.0017,0.0356,,0.56319,0.45,,0.5066,24.0,,3.15278,54.0,1.57639,54.0,,0.38382,0.70069,4.0,0.66667,2.0,0.9,0.875,0.0,0.0,0.9,0.875,2.0
4.0,2.0,6.0,Flight Time & Big Easy,TARUS15,TARUS18,TARUS24,21.0,5.0,3.0,1.0,2.0,3.0,6.0,3.0,1.0,3.0,3.0,4.0,5.0,2.0,5.0,6.0,6.0,7.0,1.0,2.0,5.0,1.0,3.0,2.0,7.0,5.0,5.0,6.0,6.0,6.0,6.0,6.0,,,,4.06,4.06452,28.0,5.0,41.0,31.0,3.0,-0.0117,0.0466,4.0,0.129,14.0,0.4516,1.91657,3.5,,3.09091,3.75,5.875,4.23864,26.0,,,4.0,0.129,7.0,0.2258,0.0,0.0,1.0,1.0,0.0,0.0,0.0,6.0,1.0,1.0,7.0,7.0,6.0,21.0,4.0,,3.0,,11.0,12.0,,32.0,28.0,,11.5,1.0,,30.0,4.0,,Male,YES,,0.63636364,0.8,1.0,0.875,0.71428571,0.16666667,0.6,1.0,0.5,0.33333333,0.0,0.6,0.9,0.55555556,0.375,0.375,0.14285714,1.0,0.8,0.2,1.0,0.33333333,0.5,0.4,0.55555556,0.5,0.28571429,0.28571429,0.16666667,0.16666667,0.0,,,,0.51,0.50864,28.0,0.5,24.0,-0.0336,0.0025,,0.60233,0.56515,0.29504,0.48751,30.0,,15.76771,9.0,5.2559,22.0,,0.30099,0.47143,17.0,0.54839,14.0,1.0,1.0,0.0,0.0,1.0,1.0,2.0
9.0,4.0,,Zev & Justin,TARUS15,TARUS18,,22.0,2.0,5.0,8.0,9.0,4.0,1.0,1.0,8.0,8.0,4.0,2.0,1.0,1.0,4.0,4.0,,,,,,,,,,,,,,,,,,,,4.13,4.13333,30.0,4.0,26.0,15.0,37.0,-0.0288,0.0305,4.0,0.2667,6.0,0.4,2.80159,5.0,,6.0,3.45455,,4.72728,31.0,,,2.0,0.1333,3.0,0.2,0.0,0.0,0.0,0.0,0.0,0.0,0.0,4.0,1.0,1.0,8.0,9.0,8.0,22.0,6.5,,2.0,,7.0,7.0,,26.0,30.0,,7.0,0.0,,28.0,4.0,,Male,YES,,0.90909091,0.6,0.22222222,0.0,0.7,1.0,1.0,0.125,0.125,0.57142857,0.83333333,1.0,1.0,0.25,0.0,,,,,,,,,,,,,,,,,,,,0.56,0.55574,17.0,0.6,18.0,0.0559,0.0953,,0.43283,0.60043,,0.51663,21.0,,8.33608,34.0,4.16804,33.0,,0.38366,0.78093,9.0,0.6,6.0,1.0,1.0,0.0,0.0,1.0,1.0,2.0
2.0,6.0,5.0,Jet & Cord,TARUS16,TARUS18,TARUS24,23.0,3.0,1.0,1.0,4.0,3.0,4.0,6.0,1.0,3.0,1.0,2.0,2.0,11.0,3.0,6.0,2.0,1.0,2.0,5.0,5.0,6.0,1.0,6.0,2.0,1.0,3.0,2.0,4.0,2.0,2.0,5.0,,,,3.23,3.22581,12.0,3.0,11.0,31.0,3.0,0.1971,0.2434,7.0,0.2258,20.0,0.6452,2.19545,2.5,,2.58333,4.55556,2.8,3.31296,11.0,,,8.0,0.2581,1.0,0.0323,2.0,0.06452,2.0,0.0,0.0,0.0,0.0,2.0,1.0,1.0,6.0,11.0,10.0,23.0,4.33,,3.0,,10.0,10.0,,30.0,29.0,,10.0,0.0,,29.5,1.0,,Male,YES,,0.8,1.0,1.0,0.57142857,0.71428571,0.5,0.0,1.0,0.5,1.0,0.66666667,0.5,0.0,0.8,0.44444444,0.875,1.0,0.85714286,0.33333333,0.2,0.0,1.0,0.44444444,0.875,1.0,0.71428571,0.83333333,0.5,0.8,0.75,0.0,,,,0.63,0.63482,13.0,0.71429,10.0,0.2061,0.2511,,0.6877,0.5011,0.69171,0.62684,11.0,,19.67937,1.0,6.55979,11.0,,0.32566,0.40278,23.0,0.74194,8.0,1.0,1.0,0.0,0.0,1.0,1.0,4.0
6.0,3.0,,Gary & Mallory,TARUS17,TARUS18,,24.0,6.0,9.0,2.0,2.0,2.0,6.0,4.0,6.0,1.0,9.0,2.0,3.0,2.0,1.0,4.0,6.0,4.0,3.0,1.0,3.0,,,,,,,,,,,,,,,3.8,3.8,23.0,3.0,11.0,20.0,26.0,0.0542,0.1087,3.0,0.15,11.0,0.55,2.4,4.0,,4.625,3.25,,3.9375,21.0,,,5.0,0.25,2.0,0.1,1.0,0.05,0.0,0.0,0.0,0.0,0.0,2.0,1.0,1.0,9.0,9.0,8.0,24.0,4.5,,2.0,,10.0,10.0,,53.0,24.0,,10.0,0.0,,38.5,29.0,,Co-Ed,YES,,0.5,0.11111111,0.875,0.875,0.85714286,0.16666667,0.5,0.0,1.0,0.2,0.88888889,0.75,0.875,1.0,0.5,0.0,0.4,0.5,1.0,0.0,,,,,,,,,,,,,,,0.55,0.54994,19.0,0.5,24.0,0.0448,0.0839,,0.48562,0.59282,,0.53922,17.0,,10.99881,25.0,5.4994,21.0,,0.35886,0.68333,13.0,0.65,7.0,1.0,1.0,0.0,0.0,1.0,1.0,3.0
6.0,3.0,10.0,Mallory Ervin,TARUS17,TARUS18,TARUS24,25.0,6.0,9.0,2.0,2.0,2.0,6.0,4.0,6.0,1.0,9.0,2.0,3.0,2.0,1.0,4.0,6.0,4.0,3.0,1.0,3.0,6.0,10.0,,,,,,,,,,,,,4.18,4.18182,32.0,3.5,22.0,22.0,19.0,-0.0409,0.0191,3.0,0.1364,11.0,0.5,2.65666,4.0,,4.625,3.25,8.0,5.29167,37.0,,,5.0,0.2273,2.0,0.0909,1.0,0.04545,0.0,0.0,0.0,0.0,0.0,6.0,1.0,1.0,9.0,10.0,9.0,25.0,6.33,,3.0,,11.0,,,24.0,,,,,,,,,Female,NO,,0.5,0.11111111,0.875,0.875,0.85714286,0.16666667,0.5,0.0,1.0,0.2,0.88888889,0.75,0.875,1.0,0.5,0.0,0.4,0.5,1.0,0.0,0.5,0.0,,,,,,,,,,,,,0.52,0.52267,26.0,0.5,24.0,-0.007,0.0301,,0.48562,0.59282,0.25,0.44281,34.0,,11.49881,24.0,3.83294,34.0,,0.36082,0.7,14.0,0.63636,8.0,1.0,1.0,0.0,0.0,1.0,1.0,4.0
2.0,11.0,,Art & JJ,TARUS20,TARUS31,,26.0,3.0,2.0,1.0,1.0,1.0,2.0,3.0,3.0,3.0,4.0,2.0,2.0,11.0,,,,,,,,,,,,,,,,,,,,,,2.92,2.92308,10.0,2.0,1.0,13.0,42.0,0.2724,0.3144,3.0,0.2308,11.0,0.8462,2.49497,1.0,,2.25,11.0,,6.625,48.0,,,4.0,0.3077,1.0,0.0769,0.0,0.0,0.0,1.0,0.0,0.0,1.0,3.0,1.0,1.0,4.0,11.0,10.0,26.0,6.5,,2.0,,7.0,6.0,,43.0,42.0,,6.5,1.0,,42.5,1.0,,Male,YES,,0.8,0.88888889,1.0,1.0,1.0,0.83333333,0.6,0.6,0.5,0.25,0.66666667,0.5,0.0,,,,,,,,,,,,,,,,,,,,,,0.66,0.66453,9.0,0.66667,12.0,0.2625,0.3097,,0.71991,0.0,,0.35996,40.0,,8.63889,33.0,4.31944,31.0,,0.2923,0.38889,11.0,0.84615,2.0,1.0,1.0,0.25,0.0,1.0,0.75,1.0
3.0,3.0,,Brendon & Rachel,TARUS20,TARUS24,,27.0,2.0,4.0,2.0,6.0,5.0,4.0,4.0,4.0,2.0,2.0,3.0,3.0,2.0,1.0,8.0,8.0,7.0,5.0,1.0,1.0,4.0,2.0,3.0,3.0,,,,,,,,,,,3.58,3.58333,16.0,3.0,11.0,24.0,8.0,0.1081,0.1595,3.0,0.125,13.0,0.5417,2.01901,2.25,,3.41667,3.75,,3.58334,14.0,,,6.0,0.25,5.0,0.2083,1.0,0.04167,1.0,2.0,0.0,0.0,0.0,2.0,1.0,1.0,8.0,8.0,7.0,27.0,3.0,3.0,2.0,,13.0,12.0,,31.0,27.0,,12.5,1.0,,29.0,4.0,,Co-Ed,YES,,0.9,0.66666667,0.875,0.28571429,0.42857143,0.5,0.4,0.4,0.75,0.75,0.33333333,0.0,0.9,1.0,0.125,0.0,0.14285714,0.33333333,1.0,1.0,0.25,0.75,0.33333333,0.0,,,,,,,,,,,0.51,0.50516,29.0,0.41429,36.0,-0.0402,-0.0044,,0.52411,0.48621,,0.50516,25.0,,12.12381,21.0,6.0619,17.0,,0.33293,0.50446,11.0,0.45833,13.0,1.0,1.0,0.0,0.0,1.0,1.0,3.0
3.0,3.0,7.0,Rachel Reilly,TARUS20,TARUS24,TARUS31,28.0,2.0,4.0,2.0,6.0,5.0,4.0,4.0,4.0,2.0,2.0,3.0,3.0,2.0,1.0,8.0,8.0,7.0,5.0,1.0,1.0,4.0,2.0,3.0,3.0,4.0,3.0,7.0,8.0,8.0,7.0,5.0,7.0,,,4.22,4.21875,33.0,4.0,26.0,32.0,2.0,-0.0501,0.0105,3.0,0.0938,14.0,0.4375,2.24631,4.25,,3.41667,3.75,6.125,4.43056,28.0,,,6.0,0.1875,5.0,0.1563,2.0,0.0625,2.0,3.0,0.0,0.0,0.0,2.0,1.0,1.0,8.0,8.0,7.0,28.0,4.33,3.0,3.0,,16.0,,,27.0,,,,,,,,,Female,NO,,0.9,0.66666667,0.875,0.28571429,0.42857143,0.5,0.4,0.4,0.75,0.75,0.33333333,0.0,0.9,1.0,0.125,0.0,0.14285714,0.33333333,1.0,1.0,0.25,0.75,0.33333333,0.0,0.7,0.7778,0.25,0.125,0.0,0.1429,0.3333,0.0,,,0.45,0.45165,37.0,0.36667,46.0,-0.1419,-0.1099,,0.52411,0.48621,,0.50516,26.0,,14.45281,12.0,4.8176,26.0,,0.33362,0.60711,13.0,0.40625,19.0,1.0,1.0,0.0,0.0,1.0,1.0,5.0
5.0,10.0,,Mark Jackson,TARUS20,TARUS24,,29.0,9.0,3.0,4.0,8.0,6.0,3.0,2.0,1.0,5.0,5.0,6.0,10.0,,,,,,,,,,,,,,,,,,,,,,,5.17,5.16667,46.0,5.0,41.0,12.0,47.0,-0.286,-0.2119,1.0,0.0833,4.0,0.3333,2.67187,3.5,,4.6,8.0,,6.3,45.0,,,1.0,0.0833,0.0,0.0,2.0,0.16667,0.0,0.0,0.0,0.0,1.0,3.0,1.0,2.0,9.0,10.0,9.0,29.0,7.5,,2.0,,4.0,,,41.0,45.0,,,,,43.0,4.0,,Male,NO,,0.2,0.77777778,0.625,0.0,0.28571429,0.66666667,0.8,1.0,0.0,0.0,0.5,0.0,,,,,,,,,,,,,,,,,,,,,,,0.4,0.4046,46.0,0.39286,44.0,-0.2313,-0.2026,,0.43552,0.25,,0.34276,41.0,,4.85516,47.0,2.42758,47.0,,0.35205,0.69444,6.0,0.5,6.0,1.0,0.8,0.0,0.0,1.0,0.8,4.0
4.0,11.0,,Natalie & Nadiya,TARUS21,TARUS24,,30.0,4.0,1.0,6.0,3.0,3.0,4.0,3.0,3.0,1.0,4.0,4.0,11.0,,,,,,,,,,,,,,,,,,,,,,,3.92,3.91667,25.0,3.5,22.0,12.0,47.0,0.0251,0.0813,2.0,0.1667,6.0,0.5,2.49861,1.0,,3.27273,11.0,,7.13637,53.0,,,0.0,0.0,0.0,0.0,1.0,0.08333,0.0,0.0,0.0,0.0,1.0,4.0,1.0,1.0,6.0,11.0,10.0,30.0,7.5,,2.0,,7.0,5.0,,26.0,26.0,,6.0,2.0,,26.0,0.0,,Female,YES,,0.7,1.0,0.375,0.71428571,0.66666667,0.5,0.6,0.6,1.0,0.0,0.0,0.0,,,,,,,,,,,,,,,,,,,,,,,0.51,0.513,27.0,0.6,18.0,-0.0253,0.0111,,0.55963,0.0,,0.27982,49.0,,6.15595,41.0,3.07798,41.0,,0.34123,0.42232,8.0,0.66667,4.0,1.0,1.0,0.0,0.0,1.0,1.0,3.0
4.0,2.0,,Caroline & Jennifer,TARUS22,TARUS24,,31.0,10.0,7.0,6.0,4.0,5.0,5.0,3.0,4.0,3.0,3.0,4.0,9.0,3.0,6.0,4.0,2.0,7.0,2.0,5.0,5.0,4.0,2.0,2.0,,,,,,,,,,,,4.57,4.56522,36.0,4.0,26.0,23.0,10.0,-0.1363,-0.0708,0.0,0.0,8.0,0.3478,2.12288,2.5,,4.90909,4.25,,4.57955,29.0,,,4.0,0.1739,3.0,0.1304,2.0,0.08696,0.0,0.0,0.0,0.0,0.0,4.0,2.0,2.0,9.0,10.0,8.0,31.0,3.0,,2.0,,13.0,12.0,,29.0,30.0,,12.5,1.0,,29.5,1.0,,Female,YES,,0.1,0.33333333,0.375,0.625,0.42857143,0.33333333,0.66666667,0.4,0.5,0.5,0.0,0.2,0.77777778,0.375,0.57142857,0.85714286,0.0,0.83333333,0.2,0.0,0.25,0.66666667,0.5,,,,,,,,,,,,0.41,0.41275,42.0,0.4,39.0,-0.2158,-0.1865,,0.38745,0.43595,,0.4117,37.0,,9.49325,29.0,4.74663,27.0,,0.25293,0.37321,10.0,0.43478,13.0,0.85714,0.83333,0.0,0.0,0.85714,0.83333,3.0
5.0,9.0,,Joey & Meghan,TARUS22,TARUS24,,32.0,6.0,4.0,5.0,5.0,6.0,4.0,5.0,5.0,2.0,5.0,10.0,9.0,9.0,,,,,,,,,,,,,,,,,,,,,,5.77,5.76923,51.0,5.0,41.0,13.0,42.0,-0.436,-0.3532,0.0,0.0,1.0,0.0769,2.18927,1.0,,4.7,9.33333,,7.01667,52.0,,,1.0,0.0769,3.0,0.2308,0.0,0.0,2.0,1.0,0.0,0.0,0.0,5.0,2.0,4.0,9.0,10.0,8.0,32.0,7.0,,2.0,,8.0,6.0,,21.0,25.0,,7.0,2.0,,23.0,4.0,,Co-Ed,YES,,0.5,0.66666667,0.5,0.5,0.28571429,0.5,0.33333333,0.2,0.75,0.0,0.1,0.11111111,0.0,,,,,,,,,,,,,,,,,,,,,,0.34,0.34206,50.0,0.33333,47.0,-0.3501,-0.3258,,0.42357,0.07037,,0.24697,53.0,,4.44683,50.0,2.22341,50.0,,0.23874,0.38889,6.0,0.46154,7.0,0.75,0.66667,0.0,0.0,0.75,0.66667,2.0
8.0,1.0,,Dave & Connor,TARUS22,TARUS24,,33.0,3.0,2.0,1.0,1.0,8.0,3.0,4.0,1.0,2.0,1.0,4.0,3.0,4.0,1.0,1.0,1.0,1.0,,,,,,,,,,,,,,,,,,2.41,2.41176,2.0,2.0,1.0,17.0,34.0,0.3997,0.4343,8.0,0.4706,13.0,0.7647,1.81688,2.0,,3.0,2.16667,,2.58334,5.0,,,2.0,0.1176,0.0,0.0,0.0,0.0,1.0,1.0,0.0,0.0,0.0,1.0,1.0,1.0,4.0,8.0,7.0,33.0,4.5,,2.0,,6.0,12.0,,58.0,21.0,,9.0,6.0,,39.5,37.0,,Male,YES,,0.8,0.88888889,1.0,1.0,0.0,0.8,0.66666667,1.0,0.85714286,1.0,0.5,0.66666667,0.4,1.0,1.0,1.0,1.0,,,,,,,,,,,,,,,,,,0.8,0.79879,1.0,0.88889,1.0,0.5176,0.5743,,0.73778,0.82421,,0.781,1.0,,13.57937,14.0,6.78968,10.0,,0.27189,0.33333,15.0,0.88235,2.0,1.0,1.0,0.4,0.0,1.0,0.6,1.0
9.0,7.0,,Jessica & John,TARUS22,TARUS24,,34.0,1.0,3.0,2.0,9.0,8.0,8.0,7.0,5.0,5.0,3.0,7.0,,,,,,,,,,,,,,,,,,,,,,,,5.27,5.27273,48.0,5.0,41.0,11.0,51.0,-0.3124,-0.2367,1.0,0.0909,4.0,0.3636,2.59688,4.5,,3.75,6.14286,,4.94643,35.0,,,1.0,0.0909,0.0,0.0,0.0,0.0,0.0,0.0,0.0,0.0,0.0,3.0,1.0,2.0,8.0,9.0,8.0,34.0,8.0,,2.0,,5.0,7.0,,26.0,27.0,,6.0,2.0,,26.5,1.0,,Co-Ed,YES,,1.0,0.77777778,0.875,0.0,0.3,0.22222222,0.25,0.42857143,0.42857143,0.66666667,0.0,,,,,,,,,,,,,,,,,,,,,,,,0.45,0.44989,38.0,0.42857,33.0,-0.1452,-0.1133,,0.66319,0.328,,0.4956,28.0,,4.94881,44.0,2.4744,44.0,,0.32443,0.48611,4.0,0.36364,7.0,1.0,0.875,0.0,0.0,1.0,0.875,2.0
4.0,4.0,3.0,Leo & Jamal,TARUS23,TARUS24,TARUS31,35.0,7.0,2.0,6.0,4.0,6.0,3.0,1.0,4.0,1.0,4.0,4.0,5.0,7.0,3.0,3.0,4.0,1.0,5.0,3.0,3.0,3.0,4.0,1.0,1.0,8.0,6.0,7.0,6.0,4.0,6.0,5.0,3.0,1.0,3.0,3.94,3.94118,26.0,4.0,26.0,34.0,1.0,0.019,0.0756,6.0,0.1765,15.0,0.4412,1.96949,2.75,,3.81818,3.72727,4.25,3.93182,19.0,,,1.0,0.0294,4.0,0.1176,1.0,0.02941,3.0,3.0,0.0,0.0,0.0,3.0,1.0,1.0,7.0,8.0,7.0,35.0,3.67,4.0,3.0,,18.0,17.0,,26.0,26.0,,17.5,1.0,,26.0,0.0,,Male,YES,,0.4,0.88888889,0.375,0.57142857,0.28571429,0.66666667,1.0,0.4,1.0,0.0,0.0,0.6,0.33333333,0.75,0.71428571,0.57142857,1.0,0.33333333,0.6,0.5,0.5,0.0,1.0,1.0,0.125,0.375,0.14285714,0.28571429,0.5,0.16666667,0.2,0.5,1.0,0.0,0.49,0.49369,31.0,0.5,24.0,-0.062,-0.027,,0.50797,0.53658,0.44127,0.49527,29.0,,16.78532,4.0,5.59511,20.0,,0.32012,0.41667,18.0,0.52941,16.0,1.0,1.0,0.0,0.0,1.0,1.0,4.0
3.0,2.0,,Tyler & Korey,TARUS28,TARUS31,,36.0,2.0,1.0,2.0,2.0,1.0,6.0,6.0,3.0,1.0,1.0,1.0,3.0,3.0,7.0,4.0,5.0,4.0,1.0,1.0,1.0,1.0,2.0,2.0,2.0,,,,,,,,,,,2.58,2.58333,6.0,2.0,1.0,24.0,8.0,0.357,0.3941,9.0,0.375,18.0,0.75,1.80085,2.25,,2.41667,2.75,,2.58334,5.0,,,6.0,0.25,2.0,0.0833,0.0,0.0,1.0,0.0,0.0,0.0,1.0,1.0,1.0,1.0,6.0,7.0,6.0,36.0,2.5,,2.0,,13.0,13.0,,26.0,30.0,,13.0,0.0,,28.0,4.0,,Male,YES,,0.9,1.0,0.88888889,0.875,1.0,0.16666667,0.16666667,0.6,1.0,1.0,1.0,0.0,0.8,0.33333333,0.625,0.5,0.57142857,1.0,1.0,1.0,1.0,0.75,0.66666667,0.5,,,,,,,,,,,0.72,0.72265,7.0,0.8375,2.0,0.373,0.4242,,0.71644,0.72887,,0.72266,6.0,,17.34365,3.0,8.67183,2.0,,0.30435,0.44643,20.0,0.83333,4.0,1.0,1.0,0.16667,0.0,1.0,0.83333,1.0
5.0,5.0,,Becca & Floyd,TARUS29,TARUS31,,37.0,2.0,5.0,8.0,2.0,3.0,1.0,2.0,5.0,1.0,5.0,5.0,9.0,1.0,4.0,1.0,5.0,3.0,4.0,3.0,5.0,,,,,,,,,,,,,,,3.7,3.7,19.0,3.5,22.0,20.0,26.0,0.079,0.1321,4.0,0.2,10.0,0.5,2.19317,3.0,,3.4,4.0,,3.7,16.0,,,3.0,0.15,3.0,0.15,0.0,0.0,3.0,1.0,0.0,0.0,0.0,5.0,1.0,1.0,8.0,9.0,8.0,37.0,5.0,5.0,2.0,,9.0,9.0,,26.0,21.0,,9.0,0.0,,23.5,5.0,,Co-Ed,YES,,0.9,0.55555556,0.125,0.85714286,0.66666667,1.0,0.8,0.2,1.0,0.0,0.6,0.1111,1.0,0.625,1.0,0.4286,0.6667,0.5,0.6,0.0,,,,,,,,,,,,,,,0.58,0.58179,15.0,0.6125,17.0,0.1054,0.1466,,0.61044,0.55313,,0.58179,13.0,,11.63577,22.0,5.81788,18.0,,0.33354,0.49641,14.0,0.7,6.0,1.0,1.0,0.0,0.0,1.0,1.0,2.0
4.0,10.0,,Jet & Dave,TARCA1,TARCA7,,38.0,4.0,7.0,3.0,1.0,1.0,1.0,3.0,3.0,4.0,10.0,,,,,,,,,,,,,,,,,,,,,,,,,3.7,3.7,19.0,3.0,11.0,10.0,54.0,0.079,0.1321,3.0,0.3,6.0,0.6,2.72213,2.5,,3.0,10.0,,6.5,47.0,,,0.0,0.0,2.0,0.2,0.0,0.0,0.0,0.0,0.0,0.0,0.0,3.0,1.0,1.0,7.0,10.0,9.0,38.0,7.0,,2.0,,6.0,6.0,,32.0,28.0,,6.0,0.0,,30.0,4.0,,Male,YES,,0.625,0.14285714,0.66666667,1.0,1.0,1.0,0.5,0.33333333,0.0,0.0,,,,,,,,,,,,,,,,,,,,,,,,,0.53,0.52679,24.0,0.5625,22.0,0.0009,0.0382,,0.58532,0.0,,0.29266,47.0,,5.26786,42.0,2.63393,42.0,,0.37968,0.72619,6.0,0.6,4.0,1.0,1.0,0.0,0.0,1.0,1.0,2.0
4.0,10.0,,Brendan McDougall,TARCA8,TARCA11,,39.0,1.0,4.0,2.0,1.0,3.0,2.0,4.0,6.0,5.0,1.0,4.0,5.0,10.0,,,,,,,,,,,,,,,,,,,,,,3.69,3.69231,19.0,4.0,11.0,13.0,42.0,0.081,0.1339,3.0,0.2308,6.0,0.4615,2.43009,3.0,,3.0,7.5,,5.25,47.0,,,2.0,0.1538,1.0,0.0769,1.0,0.07692,0.0,0.0,0.0,0.0,0.0,1.0,1.0,1.0,6.0,10.0,9.0,,7.0,,2.0,,8.0,,,29.0,,,,,,,,,Male,NO,,1.0,0.625,0.875,1.0,0.66666667,0.875,0.57142857,0.0,0.2,1.0,0.0,,,,,,,,,,,,,,,,,,,,,,,,0.62,0.61937,24.0,0.66667,22.0,0.1767,0.2207,,0.61937,0.3,,0.45969,47.0,,6.8131,42.0,3.40655,42.0,,0.37087,0.55179,8.0,0.61538,3.0,1.0,1.0,0.0,,,,
8.0,10.0,,"Samantha ""Sam"" May",TARCA10,TARCA11,,40.0,6.0,7.0,5.0,3.0,8.0,5.0,10.0,,,,,,,,,,,,,,,,,,,,,,,,,,,,6.29,6.28571,19.0,6.0,11.0,7.0,58.0,-0.5646,-0.4743,0.0,0.0,1.0,0.1429,2.11891,2.5,,5.8,7.5,,6.65,47.0,,,0.0,0.0,0.0,0.0,0.0,0.0,0.0,0.0,0.0,0.0,0.0,5.0,3.0,5.0,8.0,10.0,7.0,,9.0,,2.0,,4.0,,,24.0,,,,,,,,,Female,NO,,0.5,0.33333333,0.5,0.75,0.0,,,,,,,,,,,,,,,,,,,,,,,,,,,,,,0.42,0.41667,24.0,0.5,22.0,-0.2084,-0.1788,,0.41667,0.3,,0.35834,47.0,,2.08333,42.0,1.04167,42.0,,0.24721,0.16667,3.0,0.42857,2.0,0.75,0.5,0.33333,,,,
1.0,5.0,,Shay & Shani,TARIL4,TARIL8,,41.0,2.0,7.0,5.0,6.0,5.0,6.0,4.0,4.0,5.0,5.0,4.0,2.0,1.0,5.0,2.0,4.0,7.0,8.0,2.0,1.0,3.0,3.0,5.0,,,,,,,,,,,,4.17,4.17391,31.0,4.0,26.0,23.0,10.0,-0.0389,0.021,2.0,0.087,8.0,0.3478,1.90314,2.5,,4.30769,4.0,,4.15385,25.0,,,4.0,0.1739,2.0,0.087,1.0,0.04348,0.0,0.0,0.0,0.0,0.0,5.0,1.0,1.0,7.0,8.0,7.0,39.0,3.0,,2.0,,5.0,3.0,,28.0,27.0,,4.0,2.0,,27.5,1.0,,Co-Ed,YES,,0.83333333,0.45454545,0.6,0.44444444,0.5,0.375,0.57142857,0.57142857,0.33333333,0.2,0.25,0.66666667,1.0,0.63636364,0.9,0.66666667,0.25,0.0,0.85714286,1.0,0.6,0.5,0.0,,,,,,,,,,,,0.53,0.53088,23.0,0.57143,21.0,0.0086,0.0463,,0.52309,0.54102,,0.53206,20.0,,12.21035,19.0,6.10518,15.0,,0.27542,0.3125,14.0,0.6087,9.0,1.0,1.0,0.0,0.0,1.0,1.0,2.0
4.0,10.0,,Vova & Alla,TARIL4,TARIL8,,42.0,1.0,9.0,7.0,9.0,8.0,8.0,7.0,7.0,6.0,4.0,2.0,4.0,11.0,7.0,10.0,,,,,,,,,,,,,,,,,,,,6.67,6.66667,55.0,7.0,54.0,15.0,37.0,-0.6594,-0.5637,1.0,0.0667,2.0,0.1333,2.74874,3.5,,6.0,9.33333,,7.66667,56.0,,,1.0,0.0667,7.0,0.4667,0.0,0.0,3.0,0.0,4.0,0.0,0.0,7.0,1.0,2.0,10.0,11.0,10.0,40.0,7.0,,2.0,,4.0,3.0,,27.0,25.0,,3.5,1.0,,26.0,2.0,,Co-Ed,YES,,1.0,0.27272727,0.4,0.11111111,0.125,0.125,0.14285714,0.14285714,0.16666667,0.4,0.75,0.0,0.09090909,0.4,0.0,,,,,,,,,,,,,,,,,,,,0.28,0.27514,54.0,0.14286,56.0,-0.4773,-0.4577,,0.30302,0.16364,,0.23333,54.0,,4.12713,52.0,2.06356,52.0,,0.27102,0.28194,2.0,0.13333,13.0,1.0,0.75,0.0,0.0,1.0,0.75,2.0
5.0,1.0,,Yael & Yosiel,TARIL5,TARIL8,,43.0,2.0,9.0,9.0,2.0,5.0,7.0,7.0,2.0,4.0,1.0,5.0,2.0,4.0,1.0,3.0,4.0,1.0,3.0,2.0,4.0,1.0,1.0,1.0,,,,,,,,,,,,3.48,3.47826,14.0,3.0,11.0,23.0,10.0,0.1342,0.1842,6.0,0.2609,13.0,0.5652,2.46488,3.0,,4.81818,2.25,,3.53409,13.0,,,5.0,0.2174,2.0,0.087,0.0,0.0,2.0,0.0,6.0,0.0,0.0,1.0,1.0,1.0,9.0,9.0,8.0,41.0,3.0,,2.0,,2.0,3.0,,27.0,23.0,,2.5,1.0,,25.0,4.0,,Co-Ed,YES,,0.83333333,0.27272727,0.2,0.88888889,0.5,0.25,0.14285714,0.83333333,0.4,1.0,0.0,0.90909091,0.7,1.0,0.75,0.57142857,1.0,0.66666667,0.8,0.25,1.0,1.0,1.0,,,,,,,,,,,,0.65,0.6508,11.0,0.75,8.0,0.2365,0.2826,,0.48374,0.80393,,0.64384,9.0,,14.96833,11.0,7.48416,8.0,,0.32285,0.61818,16.0,0.69565,7.0,1.0,1.0,0.14286,0.0,1.0,0.85714,1.0
6.0,4.0,,Ben & Ori,TARIL5,TARIL8,,44.0,3.0,10.0,8.0,9.0,7.0,6.0,2.0,6.0,5.0,6.0,10.0,9.0,5.0,5.0,5.0,3.0,4.0,4.0,5.0,4.0,4.0,,,,,,,,,,,,,,5.71,5.71429,50.0,5.0,41.0,21.0,24.0,-0.4223,-0.3403,0.0,0.0,3.0,0.1429,2.27078,3.0,,6.2,5.27273,,5.73637,41.0,,,1.0,0.0476,4.0,0.1905,1.0,0.04762,0.0,0.0,0.0,0.0,0.0,5.0,2.0,3.0,10.0,10.0,8.0,42.0,5.0,,2.0,,3.0,1.0,,25.0,22.0,,2.0,2.0,,23.5,3.0,,Male,YES,,0.66666667,0.18181818,0.3,0.11111111,0.25,0.375,0.85714286,0.16666667,0.2,0.0,0.18181818,0.2,0.55555556,0.5,0.42857143,0.71428571,0.5,0.4,0.0,0.25,0.0,,,,,,,,,,,,,,0.33,0.32565,51.0,0.25,51.0,-0.3813,-0.3582,,0.31084,0.33911,,0.32498,44.0,,6.83864,38.0,3.41932,38.0,,0.23468,0.31818,6.0,0.28571,15.0,0.85714,0.71429,0.0,0.0,0.85714,0.71429,3.0
4.0,3.0,,Neta & Omer,TARIL6,TARIL8,,45.0,10.0,4.0,6.0,3.0,3.0,5.0,6.0,1.0,1.0,3.0,4.0,9.0,8.0,2.0,2.0,6.0,5.0,2.0,5.0,2.0,2.0,3.0,3.0,,,,,,,,,,,,4.13,4.13043,29.0,3.0,11.0,23.0,10.0,-0.0281,0.0312,2.0,0.087,12.0,0.5217,2.4192,3.5,,4.18182,4.08333,,4.13258,24.0,,,5.0,0.2174,2.0,0.087,1.0,0.04348,0.0,0.0,5.0,0.0,0.0,3.0,1.0,1.0,9.0,10.0,9.0,43.0,3.5,,2.0,,3.0,4.0,,18.5,25.0,,3.5,1.0,,21.75,6.5,,Co-Ed,YES,,0.18181818,0.7,0.44444444,0.75,0.71428571,0.33333333,0.0,1.0,1.0,0.5,0.0,0.27272727,0.3,0.88888889,0.875,0.28571429,0.42857143,0.83333333,0.2,0.75,0.75,0.33333333,0.0,,,,,,,,,,,,0.5,0.5018,30.0,0.44444,32.0,-0.0466,-0.011,,0.51126,0.49313,,0.5022,27.0,,11.54145,23.0,5.77073,19.0,,0.31752,0.47078,11.0,0.47826,12.0,1.0,1.0,0.0,0.0,1.0,1.0,3.0
5.0,9.0,,Ann & Yarden,TARIL6,TARIL8,,46.0,4.0,9.0,5.0,5.0,5.0,2.0,5.0,4.0,3.0,5.0,7.0,10.0,9.0,9.0,,,,,,,,,,,,,,,,,,,,,5.86,5.85714,52.0,5.0,41.0,14.0,40.0,-0.4579,-0.3738,0.0,0.0,2.0,0.1429,2.41593,4.25,,4.7,8.75,,6.725,50.0,,,1.0,0.0714,3.0,0.2143,0.0,0.0,0.0,0.0,1.0,0.0,0.0,5.0,2.0,3.0,9.0,10.0,8.0,44.0,7.0,,2.0,,3.0,3.0,,23.0,23.0,,3.0,0.0,,23.0,0.0,,Female,YES,,0.72727273,0.2,0.55555556,0.5,0.42857143,0.83333333,0.2,0.4,0.5,0.0,0.45454545,0.1,0.11111111,0.0,,,,,,,,,,,,,,,,,,,,,0.36,0.35788,49.0,0.41429,36.0,-0.3201,-0.2947,,0.43447,0.16641,,0.30044,45.0,,5.01039,43.0,2.50519,43.0,,0.25235,0.36667,5.0,0.35714,9.0,0.83333,0.72727,0.0,0.0,0.83333,0.72727,2.0
9.0,8.0,,Richie & Mimi,TARVN1,TARVN5,,47.0,8.0,10.0,8.0,9.0,2.0,6.0,9.0,7.0,8.0,,,,,,,,,,,,,,,,,,,,,,,,,,7.44,7.44444,57.0,8.0,57.0,9.0,56.0,-0.853,-0.7461,0.0,0.0,1.0,0.1111,2.21666,2.0,,8.75,6.4,,7.575,55.0,,,1.0,0.1111,0.0,0.0,2.0,0.22222,0.0,0.0,0.0,0.0,0.0,8.0,2.0,6.0,9.0,10.0,8.0,45.0,8.5,,2.0,,3.0,2.0,,39.0,23.0,,2.5,1.0,,31.0,16.0,,Co-Ed,YES,,0.22222222,0.0,0.22222222,0.0,0.88888889,0.44444444,0.0,0.25,0.0,,,,,,,,,,,,,,,,,,,,,,,,,,0.23,0.22531,57.0,0.22222,53.0,-0.5719,-0.5559,,0.11111,0.31667,,0.21389,55.0,,2.02778,57.0,1.01389,57.0,,0.2773,0.25,1.0,0.11111,8.0,0.88889,0.44444,0.0,0.0,0.88889,0.44444,4.0
1.0,7.0,,Trần Thị Thu Hiền,TARVN2,TARVN5,,48.0,6.0,3.0,1.0,6.0,2.0,3.0,2.0,1.0,1.0,2.0,2.0,1.0,9.0,4.0,4.0,3.0,7.0,7.0,,,,,,,,,,,,,,,,,3.56,3.55556,15.0,3.0,11.0,18.0,30.0,0.115,0.166,4.0,0.2222,11.0,0.6111,2.38566,3.5,,2.5,5.66667,,4.08334,23.0,,,4.0,0.2222,3.0,0.1667,0.0,0.0,0.0,0.0,0.0,0.0,0.0,1.0,1.0,1.0,7.0,9.0,8.0,46.0,4.0,,2.0,,7.0,,,24.0,24.0,,,,,24.0,0.0,,Female,NO,,0.375,0.75,1.0,0.16666667,0.83333333,0.6,0.75,1.0,1.0,0.66666667,0.66666667,1.0,,,,,,,,,,,,,,,,,,,,,,,0.73,0.73403,4.0,0.75,8.0,0.3946,0.4467,,0.73403,0.38261,,0.55832,14.0,,8.80833,32.0,4.40417,30.0,,0.2535,0.35,10.0,0.55556,2.0,1.0,1.0,0.375,0.16667,0.83333,0.625,0.0
2.0,3.0,,Phúc Vinh,TARVN2,TARVN5,,49.0,1.0,2.0,2.0,1.0,4.0,1.0,4.0,3.0,4.0,1.0,1.0,2.0,5.0,5.0,2.0,5.0,5.0,1.0,3.0,3.0,3.0,3.0,3.0,,,,,,,,,,,,2.78,2.78261,8.0,3.0,11.0,23.0,10.0,0.3074,0.3473,6.0,0.2609,16.0,0.6957,1.41288,2.5,,2.16667,3.45455,,2.81061,8.0,,,4.0,0.1739,3.0,0.1304,1.0,0.04348,1.0,0.0,0.0,0.0,1.0,1.0,1.0,1.0,5.0,5.0,4.0,47.0,2.5,,2.0,,13.0,,,30.0,27.0,,,,,28.5,3.0,,Male,NO,,1.0,0.875,0.85714286,1.0,0.5,1.0,0.25,0.5,0.0,1.0,1.0,0.5,0.55555556,0.55555556,0.875,0.5,0.42857143,1.0,0.6,0.5,0.33333333,0.33333333,0.0,,,,,,,,,,,,0.62,0.6158,14.0,0.55556,23.0,0.17,0.2137,,0.70685,0.51649,,0.61167,12.0,,14.16349,13.0,7.08175,9.0,,0.31205,0.47321,17.0,0.73913,6.0,1.0,1.0,0.0,0.0,1.0,1.0,2.0
3.0,3.0,,Thùy Dung,TARVN2,TARVN5,,50.0,7.0,7.0,5.0,3.0,1.0,5.0,3.0,4.0,3.0,3.0,3.0,3.0,5.0,5.0,2.0,5.0,5.0,1.0,3.0,3.0,3.0,3.0,3.0,,,,,,,,,,,,3.7,3.69565,18.0,3.0,11.0,23.0,10.0,0.0801,0.1332,2.0,0.087,14.0,0.6087,1.54455,2.0,,3.91667,3.45455,,3.68561,15.0,,,1.0,0.0435,7.0,0.3043,0.0,0.0,2.0,0.0,0.0,0.0,0.0,3.0,1.0,1.0,7.0,7.0,6.0,48.0,3.0,3.0,2.0,,9.0,,,29.0,26.0,,,,,27.5,3.0,,Female,NO,,0.25,0.25,0.42857143,0.66666667,1.0,0.2,0.5,0.25,0.33333333,0.33333333,0.33333333,0.0,0.55555556,0.55555556,0.875,0.5,0.42857143,1.0,0.6,0.5,0.33333333,0.33333333,0.0,,,,,,,,,,,,0.44,0.44463,40.0,0.42857,33.0,-0.1552,-0.1237,,0.37877,0.51649,,0.44763,32.0,,10.22659,26.0,5.11329,23.0,,0.25882,0.26389,10.0,0.43478,13.0,1.0,1.0,0.0,0.0,1.0,1.0,2.0
4.0,1.0,,Đinh Tiến Đạt,TARVN2,TARVN5,,51.0,4.0,1.0,3.0,2.0,3.0,2.0,1.0,2.0,2.0,4.0,4.0,1.0,1.0,1.0,2.0,3.0,2.0,2.0,2.0,2.0,1.0,1.0,,,,,,,,,,,,,2.09,2.09091,1.0,2.0,1.0,22.0,19.0,0.4796,0.5096,7.0,0.3182,19.0,0.8636,0.99586,1.75,,2.54545,1.63636,,2.09091,1.0,,,9.0,0.4091,0.0,0.0,1.0,0.04545,0.0,1.0,0.0,0.0,0.0,2.0,1.0,1.0,4.0,4.0,3.0,49.0,2.5,,2.0,,11.0,,,29.0,32.0,,,,,30.5,3.0,,Male,NO,,0.625,1.0,0.71428571,0.83333333,0.66666667,0.8,1.0,0.75,0.66666667,0.0,0.0,1.0,1.0,1.0,0.875,0.71428571,0.83333333,0.8,0.75,0.66666667,1.0,1.0,,,,,,,,,,,,,0.76,0.75887,2.0,0.8,5.0,0.4418,0.4956,,0.64145,0.8763,,0.75888,2.0,,16.69524,6.0,8.34762,4.0,,0.27255,0.32143,20.0,0.90909,2.0,1.0,1.0,0.0,0.0,1.0,1.0,2.0
6.0,5.0,,Thanh Hoa & Anh Tuấn,TARVN2,TARVN5,,52.0,5.0,8.0,4.0,4.0,5.0,6.0,6.0,7.0,3.0,4.0,4.0,3.0,1.0,5.0,,,,,,,,,,,,,,,,,,,,,4.64,4.64286,38.0,4.5,38.0,14.0,40.0,-0.1556,-0.089,1.0,0.0714,3.0,0.2143,1.71577,1.75,,5.33333,4.125,,4.72917,33.0,,,0.0,0.0,1.0,0.0714,0.0,0.0,0.0,1.0,0.0,0.0,0.0,4.0,1.0,3.0,7.0,8.0,7.0,50.0,5.5,,2.0,,2.0,9.0,,29.0,32.0,,5.5,7.0,,30.5,3.0,,Co-Ed,YES,,0.5,0.125,0.57142857,0.5,0.33333333,0.0,0.44444444,0.33333333,0.75,0.625,0.57142857,0.66666667,1.0,0.0,,,,,,,,,,,,,,,,,,,,,0.46,0.45862,36.0,0.5,24.0,-0.1287,-0.0961,,0.33829,0.54886,,0.44358,33.0,,6.42063,39.0,3.21032,39.0,,0.27274,0.27827,8.0,0.57143,6.0,1.0,0.75,0.0,0.0,1.0,0.75,2.0
7.0,4.0,,Việt Dũng & Pha Lê,TARVN2,TARVN5,,53.0,8.0,6.0,6.0,7.0,7.0,4.0,2.0,7.0,1.0,6.0,4.0,5.0,4.0,4.0,4.0,,,,,,,,,,,,,,,,,,,,5.0,5.0,43.0,5.0,41.0,15.0,37.0,-0.2445,-0.1728,1.0,0.0667,2.0,0.1333,1.89737,2.5,,6.8,4.1,,5.45,38.0,,,1.0,0.0667,3.0,0.2,2.0,0.13333,0.0,0.0,0.0,0.0,0.0,4.0,1.0,2.0,7.0,8.0,7.0,51.0,5.5,,2.0,,8.0,3.0,,26.0,26.0,,5.5,5.0,,26.0,0.0,,Co-Ed,YES,,0.125,0.375,0.28571429,0.0,0.0,0.66666667,0.88888889,0.25,1.0,0.28571429,0.5,0.2,0.25,0.0,0.0,,,,,,,,,,,,,,,,,,,,0.32,0.3218,52.0,0.25,51.0,-0.3886,-0.3658,,0.15714,0.40413,,0.28064,48.0,,4.82698,48.0,2.41349,48.0,,0.30722,0.375,4.0,0.26667,11.0,1.0,0.88889,0.0,0.0,1.0,0.88889,4.0
1.0,2.0,,Hương Giang & Criss,TARVN3,TARVN5,,54.0,2.0,7.0,1.0,1.0,2.0,2.0,4.0,2.0,3.0,1.0,1.0,3.0,8.0,5.0,6.0,1.0,5.0,4.0,1.0,1.0,2.0,2.0,,,,,,,,,,,,,2.91,2.90909,9.0,2.0,1.0,22.0,19.0,0.2759,0.3177,7.0,0.3182,15.0,0.6818,2.06506,3.0,,2.36364,3.45455,,2.9091,9.0,,,6.0,0.2727,1.0,0.0455,0.0,0.0,1.0,2.0,0.0,0.0,1.0,1.0,1.0,1.0,7.0,8.0,7.0,52.0,1.5,,2.0,,8.0,10.0,,,,,9.0,2.0,,,,,Co-Ed,YES,,0.875,0.25,1.0,1.0,0.83333333,0.8,0.4,0.75,0.33333333,1.0,1.0,0.77777778,0.22222222,0.5,0.375,1.0,0.33333333,0.4,1.0,1.0,0.66666667,0.5,,,,,,,,,,,,,0.68,0.68258,8.0,0.76389,7.0,0.2968,0.3453,,0.74924,0.61591,,0.68258,7.0,,15.01667,10.0,7.50833,7.0,,0.28257,0.6,15.0,0.68182,7.0,1.0,1.0,0.25,0.22222,0.77778,0.75,0.0
5.0,9.0,,Sơn Ngọc Minh,TARVN3,TARVN5,,55.0,1.0,3.0,3.0,5.0,5.0,5.0,5.0,5.0,8.0,3.0,6.0,9.0,,,,,,,,,,,,,,,,,,,,,,,4.83,4.83333,40.0,5.0,41.0,12.0,47.0,-0.2031,-0.1337,1.0,0.0833,4.0,0.3333,2.11476,2.25,,4.0,6.5,,5.25,36.0,,,0.0,0.0,2.0,0.1667,0.0,0.0,1.0,0.0,0.0,0.0,0.0,5.0,1.0,3.0,8.0,9.0,8.0,53.0,7.0,,2.0,,5.0,,,,,,,,,,,,Male,NO,,1.0,0.75,0.71428571,0.33333333,0.33333333,0.2,0.2,0.0,0.22222222,0.77777778,0.375,0.0,,,,,,,,,,,,,,,,,,,,,,,0.41,0.40883,44.0,0.33333,47.0,-0.2233,-0.1942,,0.44137,0.34375,,0.39256,38.0,,4.90595,46.0,2.45298,46.0,,0.31147,0.52321,4.0,0.33333,8.0,1.0,0.77778,0.0,0.0,1.0,0.77778,2.0
9.0,7.0,,Nguyễn Minh Long,TARVN3,TARVN5,,56.0,7.0,9.0,9.0,4.0,4.0,3.0,7.0,7.0,,,,,,,,,,,,,,,,,,,,,,,,,,,6.25,6.25,54.0,7.0,54.0,8.0,57.0,-0.5557,-0.466,0.0,0.0,1.0,0.125,2.16506,3.5,,8.0,5.66667,,6.83334,51.0,,,0.0,0.0,2.0,0.25,0.0,0.0,0.0,0.0,0.0,0.0,0.0,7.0,3.0,4.0,9.0,9.0,6.0,54.0,8.0,,2.0,,4.0,,,,,,,,,,,,Male,NO,,0.25,0.0,0.11111111,0.66666667,0.625,0.75,0.14285714,0.0,,,,,,,,,,,,,,,,,,,,,,,,,,,0.32,0.3182,53.0,0.19643,54.0,-0.3954,-0.3729,,0.125,0.38261,,0.25381,52.0,,2.54563,55.0,1.27282,55.0,,0.29215,0.55208,3.0,0.375,5.0,0.75,0.66667,0.0,0.0,0.75,0.66667,2.0
2.0,1.0,,Dương Hồng Thúc Lĩnh Lincoln,TARVN4,TARVN5,,57.0,3.0,5.0,4.0,2.0,4.0,6.0,5.0,2.0,2.0,1.0,2.0,1.0,1.0,1.0,2.0,3.0,2.0,2.0,2.0,2.0,1.0,1.0,,,,,,,,,,,,,2.45,2.45455,5.0,2.0,1.0,22.0,19.0,0.389,0.4243,6.0,0.2727,17.0,0.7727,1.4374,1.75,,3.27273,1.63636,,2.45455,3.0,,,9.0,0.4091,2.0,0.0909,0.0,0.0,0.0,0.0,0.0,0.0,1.0,2.0,1.0,1.0,5.0,6.0,5.0,55.0,1.5,,2.0,,8.0,,,,,,,,,,,,Male,NO,,0.71428571,0.42857143,0.57142857,0.85714286,0.5,0.16666667,0.2,0.8,0.75,1.0,0.5,1.0,1.0,1.0,0.875,0.71428571,0.83333333,0.8,0.75,0.66666667,1.0,1.0,,,,,,,,,,,,,0.73,0.73306,5.0,0.775,6.0,0.3927,0.4448,,0.58983,0.8763,,0.73307,4.0,,16.12738,8.0,8.06369,6.0,,0.24497,0.37351,19.0,0.86364,3.0,1.0,1.0,0.2,0.16667,0.83333,0.8,0.0
4.0,10.0,,Thùy Anh & Đăng Hoàng,TARVN4,TARVN5,,58.0,5.0,7.0,7.0,5.0,2.0,2.0,4.0,3.0,3.0,4.0,7.0,10.0,,,,,,,,,,,,,,,,,,,,,,,4.92,4.91667,41.0,4.5,38.0,12.0,47.0,-0.2238,-0.1532,0.0,0.0,4.0,0.3333,2.32588,4.0,,4.2,8.5,,6.35,46.0,,,2.0,0.1667,2.0,0.1667,0.0,0.0,0.0,0.0,0.0,0.0,0.0,7.0,2.0,2.0,7.0,10.0,8.0,56.0,7.0,,2.0,,6.0,5.0,,,,,5.5,1.0,,,,,Co-Ed,YES,,0.42857143,0.14285714,0.14285714,0.42857143,0.83333333,0.83333333,0.4,0.6,0.5,0.0,0.33333333,0.0,,,,,,,,,,,,,,,,,,,,,,,0.39,0.3869,47.0,0.41429,36.0,-0.2649,-0.2375,,0.43095,0.16667,,0.29881,46.0,,4.64286,49.0,2.32143,49.0,,0.27108,0.38214,4.0,0.33333,8.0,0.83333,0.83333,0.0,0.0,0.83333,0.83333,2.0
7.0,6.0,,Song Ngư & Trúc Như,TARVN4,TARVN5,,59.0,6.0,3.0,6.0,3.0,7.0,7.0,10.0,9.0,8.0,8.0,2.0,6.0,6.0,,,,,,,,,,,,,,,,,,,,,,6.23,6.23077,53.0,6.0,53.0,13.0,42.0,-0.5509,-0.4615,0.0,0.0,3.0,0.2308,2.29226,2.0,,5.33333,7.0,,6.16667,44.0,,,1.0,0.0769,4.0,0.3077,2.0,0.15385,0.0,0.0,0.0,0.0,0.0,6.0,2.0,3.0,9.0,10.0,8.0,57.0,6.5,,2.0,,4.0,6.0,,,,,5.0,2.0,,,,,Female,YES,,0.28571429,0.71428571,0.28571429,0.71428571,0.0,0.0,0.0,0.11111111,0.125,0.125,0.85714286,0.16666667,0.0,,,,,,,,,,,,,,,,,,,,,,0.26,0.26038,55.0,0.125,57.0,-0.5053,-0.4868,,0.33333,0.19785,,0.26559,51.0,,3.38492,53.0,1.69246,53.0,,0.29199,0.28571,3.0,0.23077,10.0,0.85714,0.71429,0.0,0.0,0.85714,0.71429,4.0
