place,team,leg_1,leg_2,leg_3,leg_4,leg_5,leg_6,leg_7,leg_8,unnamed_10,leg_9,leg_10,leg_11,average,average_round_to_five_nearest,averages_rank,final_rank__averages_rank,median,median_rank,final_rank__median_rank,of_ranks,racing_average__theoretical_season_average,racing_average__experimental_season_average,leg_wins,leg_win_rate,podium_finishes,podium_finish_rate,standard_deviation,interquartile_range,season_average,second_place_finshes,2nd_place_rate,secondtolast_place_finishes_not_final_3,2ndtolast_rate,nonelimination_legs,nonelimination_rate,uturned,used_uturn,yielded,used_yield,mode,minimum,maximum,range,unnamed_45,roadblock_split,unnamed_47,age,unnamed_49,gender,unnamed_51,leg_11,leg_21,leg_31,leg_41,leg_51,leg_61,leg_71,leg_81,unnamed_60,leg_91,leg_101,leg_111,di_average,di_average_round_to_five_nearest,di_averages_rank,final_rank__di_averages_rank,di_median,di_median_rank,final_rank__di_median_rank,di_racing_average__di_theoretical_season_average,di_racing_average__di_experimental_season_average,di_standard_deviation,di_interquartile_range,di_season_average,equal_or_above_05,05_rate,less_than_05,maximum_di,minimum_di,range_di
Averages,,,,,,,,,,,,,,5.67,5.67104,6.0,0.0,5.77,5.82,0.18,7.64,-0.2978,0.0,1.09,0.0916,3.27,0.31,1.41114,1.97727,,1.09,0.1135,1.0,0.126,0.27,0.0303,,,,,4.33,3.73,7.91,4.18,,3.41,,33.5,,,,,,,,,,,,,,,,0.39,0.39555,6.0,0.0,0.38128,6.0,0.0,-0.2089,0.0,0.21985,0.32681,,4.09,0.4199,3.55,0.71191,0.06638,0.64553
Standard Deviation,,,,,,,,,,,,,,2.7,2.70178,3.16,1.35,2.92,3.3,1.27,4.05,0.6185,0.4766,1.73,0.1441,3.72,0.306,0.73067,1.29006,,1.24,0.1362,1.13,0.1354,0.86,0.0958,,,,,2.75,3.25,1.98,2.33,,1.92,,7.32,,,,,,,,,,,,,,,,0.25,0.24697,3.16,1.86,0.2645,3.16,1.71,0.4939,0.6244,0.09483,0.17434,,4.03,0.3248,2.68,0.32365,0.14482,0.29576
1,Will & James,4.0,6.0,1.0,1.0,4.0,4.0,1.0,3.0,2.0,2.0,2.0,1.0,2.58,2.58333,2.0,-1.0,2.0,1.0,0.0,12.0,0.4095,0.545,4.0,0.3333,8.0,0.6667,1.55233,3.0,4.36905,3.0,0.25,0.0,0.0,0.0,0.0,0.0,1.0,0.0,1.0,1.0,1.0,6.0,5.0,,6.0,5.0,30.0,31.0,Male,,0.7,0.44444444,1.0,1.0,0.57142857,0.5,1.0,0.6,0.8,0.75,0.66666667,1.0,0.75,0.75271,2.0,-1.0,0.725,2.0,-1.0,0.5054,0.9029,0.19835,0.40714,0.5,11.0,0.9167,1.0,1.0,0.44444,0.55556
2,Hung & Chee,1.0,1.0,2.0,6.0,2.0,3.0,3.0,4.0,4.0,3.0,3.0,2.0,2.83,2.83333,3.0,-1.0,3.0,3.0,-1.0,12.0,0.3523,0.5009,2.0,0.1667,9.0,0.75,1.34371,1.25,,3.0,0.25,1.0,0.0833,0.0,0.0,0.0,0.0,0.0,0.0,3.0,1.0,6.0,5.0,,5.0,6.0,39.0,38.0,Co-Ed,,1.0,1.0,0.875,0.28571429,0.85714286,0.66666667,0.66666667,0.4,0.4,0.5,0.33333333,0.5,0.62,0.62371,3.0,-1.0,0.58333,3.0,-1.0,0.2474,0.5768,0.24728,0.46161,,8.0,0.6667,4.0,1.0,0.28571,0.71429
3,Riley & Maddison,3.0,3.0,4.0,4.0,1.0,2.0,2.0,1.0,1.0,1.0,1.0,3.0,2.17,2.16667,1.0,2.0,2.0,1.0,2.0,12.0,0.5033,0.6173,5.0,0.4167,10.0,0.8333,1.14261,2.0,,2.0,0.1667,0.0,0.0,0.0,0.0,0.0,0.0,0.0,1.0,1.0,1.0,4.0,3.0,,6.0,5.0,31.0,29.0,Male,,0.8,0.77777778,0.625,0.57142857,1.0,0.83333333,0.83333333,1.0,1.0,1.0,1.0,0.0,0.79,0.78674,1.0,2.0,0.83333,1.0,2.0,0.5735,0.989,0.27741,0.26042,,11.0,0.9167,1.0,1.0,0.0,1.0
4,Gary & DeAngelo,10.0,2.0,5.0,7.0,5.0,1.0,4.0,2.0,3.0,4.0,4.0,,4.27,4.27273,4.0,0.0,4.0,4.0,0.0,11.0,0.0227,0.2469,1.0,0.0909,4.0,0.3636,2.41551,2.5,,2.0,0.1818,3.0,0.2727,0.0,0.0,0.0,1.0,0.0,0.0,4.0,1.0,10.0,9.0,,5.0,4.0,37.0,34.0,Male,,0.1,0.88888889,0.5,0.14285714,0.42857143,1.0,0.5,0.8,0.6,0.25,0.0,,0.47,0.47367,5.0,-1.0,0.5,5.0,-1.0,-0.0527,0.1975,0.31605,0.50357,,6.0,0.5455,5.0,1.0,0.0,1.0
5,Eswar & Aparna,7.0,4.0,6.0,5.0,6.0,5.0,6.0,5.0,5.0,5.0,,,5.4,5.4,6.0,-1.0,5.0,5.0,0.0,10.0,-0.236,0.0476,0.0,0.0,0.0,0.0,0.8,1.0,,0.0,0.0,3.0,0.3,0.0,0.0,1.0,0.0,0.0,0.0,5.0,4.0,7.0,3.0,,5.0,4.0,24.0,26.0,Co-Ed,,0.4,0.66666667,0.375,0.42857143,0.28571429,0.33333333,0.16666667,0.2,0.2,0.0,,,0.31,0.3056,7.0,-2.0,0.30952,7.0,-2.0,-0.3888,-0.2274,0.17187,0.19375,,1.0,0.1,9.0,0.66667,0.0,0.66667
6,Kaylynn & Haley,8.0,8.0,3.0,8.0,7.0,7.0,5.0,6.0,6.0,,,,6.44,6.44444,8.0,-2.0,7.0,8.0,-2.0,9.0,-0.474,-0.1358,0.0,0.0,1.0,0.1111,1.57135,2.0,,0.0,0.0,1.0,0.1111,3.0,0.3333,0.0,1.0,2.0,1.0,8.0,3.0,8.0,5.0,,4.0,4.0,30.0,31.0,Female,,0.3,0.22222222,0.75,0.0,0.14285714,0.0,0.33333333,0.0,0.0,,,,0.19,0.19427,9.0,-3.0,0.14286,8.0,-2.0,-0.6115,-0.5089,0.23422,0.3,,1.0,0.1111,8.0,0.75,0.0,0.75
7,Leo & Alana,6.0,7.0,8.0,3.0,3.0,6.0,7.0,,,,,,5.71,5.71429,7.0,0.0,6.0,7.0,0.0,7.0,-0.3069,-0.0071,0.0,0.0,2.0,0.2857,1.82946,2.5,,0.0,0.0,2.0,0.2857,0.0,0.0,1.0,0.0,1.0,0.0,6.0,3.0,8.0,5.0,,4.0,2.0,31.0,29.0,Co-Ed,,0.5,0.33333333,0.125,0.71428571,0.71428571,0.16666667,0.0,,,,,,0.36,0.3648,6.0,1.0,0.33333,6.0,1.0,-0.2704,-0.0777,0.26549,0.46131,,3.0,0.4286,4.0,0.71429,0.0,0.71429
8,Michelle & Victoria,2.0,5.0,7.0,2.0,8.0,,,,,,,,4.8,4.8,5.0,3.0,5.0,5.0,3.0,5.0,-0.0986,0.1534,0.0,0.0,2.0,0.4,2.48193,5.0,,2.0,0.4,0.0,0.0,0.0,0.0,0.0,0.0,0.0,0.0,2.0,2.0,8.0,6.0,,3.0,2.0,34.0,33.0,Female,,0.9,0.55555556,0.25,0.85714286,0.0,,,,,,,,0.51,0.51254,4.0,4.0,0.55556,4.0,4.0,0.0251,0.2958,0.34709,0.60714,,3.0,0.6,2.0,0.9,0.0,0.9
9,Jerry & Frank,5.0,9.0,9.0,,,,,,,,,,7.67,7.66667,9.0,0.0,9.0,9.0,0.0,3.0,-0.7555,-0.3527,0.0,0.0,0.0,0.0,1.88562,2.0,,0.0,0.0,1.0,0.3333,0.0,0.0,1.0,0.0,0.0,0.0,9.0,5.0,9.0,4.0,,0.0,2.0,61.0,25.0,Male,,0.6,0.11111111,0.0,,,,,,,,,,0.24,0.23704,8.0,1.0,0.11111,9.0,0.0,-0.5259,-0.4007,0.26063,0.3,,1.0,0.3333,2.0,0.6,0.0,0.6
10,Kellie & LaVonne,9.0,10.0,,,,,,,,,,,9.5,9.5,10.0,0.0,9.5,10.0,0.0,2.0,-1.1744,-0.6755,0.0,0.0,0.0,0.0,0.5,0.5,,0.0,0.0,0.0,0.0,0.0,0.0,0.0,0.0,0.0,0.0,,9.0,10.0,1.0,,1.0,1.0,38.0,34.0,Female,,0.2,0.0,,,,,,,,,,,0.1,0.1,10.0,0.0,0.1,10.0,0.0,-0.8,-0.7472,0.1,0.1,,0.0,0.0,2.0,0.2,0.0,0.2
11,Nathan & Cody,11.0,,,,,,,,,,,,11.0,11.0,11.0,0.0,11.0,11.0,0.0,1.0,-1.5177,-0.94,0.0,0.0,0.0,0.0,0.0,0.0,,0.0,0.0,0.0,0.0,0.0,0.0,0.0,0.0,0.0,0.0,,11.0,11.0,0.0,,0.0,1.0,39.0,33.0,Male,,0.0,,,,,,,,,,,,0.0,0.0,11.0,0.0,0.0,11.0,0.0,-1.0,-1.0,0.0,0.0,,0.0,0.0,1.0,0.0,0.0,0.0
