place,team,leg_1,leg_2,leg_3,leg_4,leg_5,leg_6,leg_7,leg_8,leg_9,leg_10,leg_11,average,average_round_to_five_nearest,averages_rank,final_rank__averages_rank,median,median_rank,final_rank__median_rank,of_ranks,racing_average__theoretical_season_average,racing_average__experimental_season_average,leg_wins,leg_win_rate,podium_finishes,podium_finish_rate,standard_deviation,interquartile_range,season_average,second_place_finshes,2nd_place_rate,secondtolast_place_finishes_not_final_3,2ndtolast_rate,nonelimination_legs,nonelimination_rate,uturned,used_uturn,yielded,used_yield,mode,minimum,maximum,range,unnamed_44,roadblock_split,unnamed_46,age,unnamed_48,gender,unnamed_50,leg_11,leg_21,leg_31,leg_41,leg_51,leg_61,leg_71,leg_81,leg_91,leg_101,leg_111,di_average,di_average_round_to_five_nearest,di_averages_rank,final_rank__di_averages_rank,di_median,di_median_rank,final_rank__di_median_rank,di_racing_average__di_theoretical_season_average,di_racing_average__di_experimental_season_average,di_standard_deviation,di_interquartile_range,di_season_average,equal_or_above_05,05_rate,less_than_05,maximum_di,minimum_di,range_di
Averages,,,,,,,,,,,,,4.46,4.46369,5.0,0.0,4.5,4.89,0.11,7.56,-0.1453,-0.0007,1.22,0.1257,3.67,0.4119,1.70845,2.16667,,1.22,0.1496,1.11,0.1217,0.44,0.0535,,,,,3.17,2.22,7.11,4.89,,3.72,,27.78,,,,,,,,,,,,,,,0.45,0.4528,5.0,0.0,0.47553,4.89,0.11,-0.0944,0.0,0.26826,0.38224,,4.11,0.486,3.44,0.80648,0.06481,0.74167
Standard Deviation,,,,,,,,,,,,,1.71,1.71207,2.58,2.05,2.0,2.64,2.13,3.34,0.4396,0.3841,1.81,0.1751,2.79,0.2334,0.55661,0.84984,,1.4,0.1514,1.2,0.1192,0.68,0.0798,,,,,1.77,1.81,1.45,1.52,,1.76,,4.05,,,,,,,,,,,,,,,0.2,0.20007,2.58,2.31,0.27317,2.69,2.64,0.4001,0.4418,0.09706,0.1933,,3.18,0.2902,2.36,0.23648,0.12284,0.24646
1,Hương Giang & Criss,2.0,7.0,1.0,1.0,2.0,2.0,4.0,2.0,3.0,1.0,1.0,2.36,2.36364,1.0,0.0,2.0,1.0,0.0,11.0,0.3944,0.4709,4.0,0.3636,9.0,0.8182,1.72008,1.5,3.89706,4.0,0.3636,1.0,0.0909,0.0,0.0,0.0,1.0,0.0,0.0,2.0,1.0,7.0,6.0,,5.0,6.0,23.0,32.0,Co-Ed,,0.875,0.25,1.0,1.0,0.83333333,0.8,0.4,0.75,0.33333333,1.0,1.0,0.75,0.74924,1.0,0.0,0.83333,1.0,0.0,0.4985,0.6547,0.27323,0.425,0.5,8.0,0.7273,3.0,1.0,0.25,0.75
2,Trang Trần & Hiếu Nguyễn,5.0,4.0,4.0,4.0,3.0,3.0,2.0,3.0,2.0,3.0,2.0,3.18,3.18182,3.0,-1.0,3.0,3.0,-1.0,11.0,0.184,0.287,0.0,0.0,7.0,0.6364,0.93597,1.5,,3.0,0.2727,1.0,0.0909,0.0,0.0,0.0,0.0,0.0,0.0,3.0,2.0,5.0,3.0,,5.0,6.0,29.0,24.0,Co-Ed,,0.5,0.625,0.57142857,0.5,0.66666667,0.6,0.8,0.5,0.66666667,0.33333333,0.5,0.57,0.56937,4.0,-2.0,0.57143,5.0,-3.0,0.1387,0.2574,0.11721,0.14583,,10.0,0.9091,1.0,0.8,0.33333,0.46667
3,Trang Khiếu & An Đinh,6.0,6.0,7.0,6.0,6.0,6.0,3.0,4.0,4.0,2.0,3.0,4.82,4.81818,7.0,-4.0,6.0,7.0,-4.0,11.0,-0.2368,-0.0807,0.0,0.0,3.0,0.2727,1.58505,2.5,,1.0,0.0909,4.0,0.3636,2.0,0.1818,0.0,0.0,0.0,0.0,6.0,2.0,7.0,5.0,,6.0,4.0,23.0,25.0,Female,,0.375,0.375,0.14285714,0.16666667,0.16666667,0.0,0.6,0.25,0.0,0.66666667,0.0,0.25,0.24935,7.0,-4.0,0.16667,7.0,-4.0,-0.5013,-0.4493,0.22161,0.30357,,2.0,0.1818,9.0,0.66667,0.0,0.66667
4,Kiwi Ngô Mai Trang & Đỗ Hoàng Dương,8.0,5.0,5.0,7.0,1.0,1.0,1.0,1.0,1.0,4.0,,3.4,3.4,4.0,0.0,2.5,2.0,2.0,10.0,0.1275,0.2377,5.0,0.5,5.0,0.5,2.61534,4.0,,0.0,0.0,1.0,0.1,1.0,0.1,0.0,0.0,0.0,0.0,1.0,1.0,8.0,7.0,,4.0,6.0,32.0,39.0,Co-Ed,,0.125,0.5,0.42857143,0.0,1.0,1.0,1.0,1.0,1.0,0.0,,0.61,0.60536,3.0,1.0,0.75,2.0,2.0,0.2107,0.3369,0.42246,0.79911,,6.0,0.6,4.0,1.0,0.0,1.0
5,Sơn Ngọc Minh & Mint,1.0,3.0,3.0,5.0,5.0,5.0,5.0,5.0,,,,4.0,4.0,5.0,0.0,5.0,6.0,-1.0,8.0,-0.0264,0.1031,1.0,0.125,3.0,0.375,1.41421,2.0,,0.0,0.0,2.0,0.25,0.0,0.0,1.0,0.0,0.0,0.0,5.0,1.0,5.0,4.0,,4.0,4.0,24.0,32.0,Co-Ed,,1.0,0.75,0.71428571,0.33333333,0.33333333,0.2,0.2,0.0,,,,0.44,0.44137,6.0,-1.0,0.33333,6.0,-1.0,-0.1173,-0.0252,0.31947,0.52321,,3.0,0.375,5.0,1.0,0.0,1.0
6,Long Điền & Kim Dung,3.0,1.0,2.0,2.0,4.0,4.0,6.0,,,,,3.14,3.14286,2.0,4.0,3.0,3.0,3.0,7.0,0.1943,0.296,1.0,0.1429,4.0,0.5714,1.55183,2.0,,2.0,0.2857,0.0,0.0,0.0,0.0,0.0,0.0,0.0,0.0,2.0,1.0,6.0,5.0,,4.0,3.0,30.0,26.0,Co-Ed,,0.75,1.0,0.85714286,0.83333333,0.5,0.4,0.0,,,,,0.62,0.62007,2.0,4.0,0.75,2.0,4.0,0.2401,0.3694,0.31853,0.39524,,5.0,0.7143,2.0,1.0,0.0,1.0
7,Kim Thanh & Khải Anh,9.0,8.0,6.0,3.0,7.0,,,,,,,6.6,6.6,8.0,-1.0,7.0,8.0,-1.0,5.0,-0.6936,-0.4798,0.0,0.0,1.0,0.2,2.05913,2.0,,0.0,0.0,1.0,0.2,1.0,0.2,0.0,0.0,0.0,0.0,,3.0,9.0,6.0,,2.0,3.0,26.0,24.0,Co-Ed,,0.0,0.125,0.28571429,0.66666667,0.0,,,,,,,0.22,0.21548,8.0,-1.0,0.125,8.0,-1.0,-0.569,-0.5241,0.24882,0.28571,,1.0,0.2,4.0,0.66667,0.0,0.66667
8,Miko Lan Trinh & Hoàng Nam,4.0,2.0,8.0,,,,,,,,,4.67,4.66667,6.0,2.0,4.0,5.0,3.0,3.0,-0.1983,-0.0471,0.0,0.0,1.0,0.3333,2.49444,3.0,,1.0,0.3333,0.0,0.0,0.0,0.0,0.0,0.0,0.0,0.0,,2.0,8.0,6.0,,1.0,2.0,27.0,29.0,Co-Ed,,0.625,0.875,0.0,,,,,,,,,0.5,0.5,5.0,3.0,0.625,4.0,4.0,0.0,0.1042,0.36799,0.4375,,2.0,0.6667,1.0,0.875,0.0,0.875
9,Minh Long & Sơn Việt,7.0,9.0,,,,,,,,,,8.0,8.0,9.0,0.0,8.0,9.0,0.0,2.0,-1.0528,-0.7937,0.0,0.0,0.0,0.0,1.0,1.0,,0.0,0.0,0.0,0.0,0.0,0.0,0.0,0.0,0.0,0.0,,7.0,9.0,2.0,,2.0,0.0,26.0,29.0,Male,,0.25,0.0,,,,,,,,,,0.13,0.125,9.0,0.0,0.125,9.0,0.0,-0.75,-0.7239,0.125,0.125,,0.0,0.0,2.0,0.25,0.0,0.25
