place,team,season,unnamed_3,simulated_1st_place_probability_raw_placements,unnamed_5,simulated_2nd_place_probability_raw_placements,unnamed_7,simulated_3rd_place_probability_raw_placements,unnamed_9,probability_of_observed_placement,standard_deviation_of_simulated_probabilities,unnamed_12,simulated_1st_place_probability_relative_placements,unnamed_14,simulated_2nd_place_probability_relative_placements,unnamed_16,simulated_3rd_place_probability_relative_placements,unnamed_18,probability_of_observed_placement1,standard_deviation_of_simulated_probabilities1,unnamed_21,place1,team1,season1,simulated_1st_place_probability_raw_placements1,simulated_2nd_place_probability_raw_placements1,simulated_3rd_place_probability_raw_placements1,simulated_4th_place_probability_raw_placements,probability_of_observed_placement2,standard_deviation_of_simulated_probabilities2,unnamed_31,simulated_1st_place_probability_relative_placements1,simulated_2nd_place_probability_relative_placements1,simulated_3rd_place_probability_relative_placements1,simulated_4th_place_probability_relative_placements,probability_of_observed_placement3,standard_deviation_of_simulated_probabilities3
2.0,Average,,,0.33333,,0.33333,,0.33333,,0.37437,0.12668,,0.33333,,0.33333,,0.33333,,0.37867,0.14595,,2.5,Average,,0.25,0.25,0.25,0.25,0.25633,0.10468,,0.25,0.25,0.25,0.25,0.2676,0.11227
1.0,Rob & Brennan,TARUS1,1.0,0.3550575,127.0,0.293507,213.0,0.3514355,126.0,0.3550575,0.0282,,0.36231,127.0,0.36194,96.0,0.27575,160.0,0.36231,0.04072,,1.0,Amy & Maya,TARUS25,0.065476,0.161893,0.294702,0.47793,0.065476,0.15473,,0.044828,0.129418,0.286354,0.539401,0.044828,0.18822
2.0,Frank & Margarita,TARUS1,2.0,0.393833,105.0,0.3273875,150.0,0.2787795,172.0,0.3273875,0.04716,,0.418517,103.0,0.333942,143.0,0.247541,178.0,0.333942,0.0698,,2.0,Misti & Jim,TARUS25,0.43121,0.268083,0.175443,0.125266,0.268083,0.11649,,0.408403,0.299121,0.193191,0.099286,0.299121,0.11559
3.0,Joe & Bill,TARUS1,3.0,0.2511095,203.0,0.3791055,79.0,0.369785,116.0,0.369785,0.05827,,0.219173,212.0,0.304118,202.0,0.476709,63.0,0.476709,0.10715,,3.0,Adam & Bethany,TARUS25,0.370107,0.321105,0.196246,0.112544,0.196246,0.10157,,0.361402,0.319911,0.212286,0.106403,0.212286,0.09917
1.0,Chris & Alex,TARUS2,4.0,0.27654,181.0,0.312592,182.0,0.410868,99.0,0.27654,0.05677,,0.263086,183.0,0.280423,232.0,0.456491,76.0,0.263086,0.08737,,4.0,Brooke & Robbie,TARUS25,0.133208,0.24892,0.333611,0.284262,0.284262,0.07383,,0.185368,0.251551,0.308171,0.254911,0.254911,0.04355
2.0,Tara & Wil,TARUS2,5.0,0.48019,53.0,0.379655,78.0,0.140155,251.0,0.379655,0.14263,,0.489658,63.0,0.351334,112.0,0.159008,232.0,0.351334,0.13559,,1.0,Laura & Tyler,TARUS26,0.278944,0.318729,0.262797,0.139531,0.278944,0.06695,,0.257454,0.258752,0.258145,0.22565,0.257454,0.01407
3.0,Blake & Paige,TARUS2,6.0,0.24327,207.0,0.307753,188.0,0.448977,76.0,0.448977,0.08591,,0.247256,191.0,0.368243,92.0,0.384501,114.0,0.384501,0.06123,,2.0,Jelani & Jenny,TARUS26,0.282242,0.312294,0.260514,0.144951,0.312294,0.06338,,0.257319,0.304507,0.269687,0.168488,0.304507,0.05014
1.0,Flo & Zach,TARUS3,7.0,0.365766,122.0,0.454083,19.0,0.180151,226.0,0.365766,0.11416,,0.348671,133.0,0.399256,50.0,0.252073,172.0,0.348671,0.06106,,3.0,Hayley & Blair,TARUS26,0.340955,0.205798,0.211223,0.242025,0.211223,0.0543,,0.418667,0.28455,0.19148,0.105305,0.19148,0.11619
2.0,Teri & Ian,TARUS3,8.0,0.197885,237.0,0.157564,295.0,0.644551,22.0,0.157564,0.22068,,0.219993,211.0,0.300979,206.0,0.479028,62.0,0.300979,0.1082,,4.0,Mike & Rochelle,TARUS26,0.097859,0.16318,0.265468,0.473494,0.473494,0.14219,,0.066562,0.152192,0.280689,0.500558,0.500558,0.16351
3.0,Ken & Gerard,TARUS3,9.0,0.436349,80.0,0.388353,70.0,0.175298,231.0,0.175298,0.11345,,0.431336,96.0,0.299765,207.0,0.268899,164.0,0.268899,0.07043,,1.0,Catherine & Craig,TARCAN8,0.195875,0.217685,0.257278,0.329163,0.195875,0.05073,,0.211118,0.238268,0.261831,0.288784,0.211118,0.0287
1.0,Reichen & Chip,TARUS4,10.0,0.41558,90.0,0.345921,122.0,0.238499,196.0,0.41558,0.07284,,0.461859,79.0,0.340985,128.0,0.197156,205.0,0.461859,0.1082,,2.0,Jesse & Marika,TARCAN8,0.264101,0.216671,0.228544,0.290684,0.216671,0.02926,,0.228897,0.26946,0.272045,0.229598,0.26946,0.02077
2.0,Kelly & Jon,TARUS4,11.0,0.273263,184.0,0.37217,89.0,0.354567,123.0,0.37217,0.04308,,0.21597,214.0,0.308215,192.0,0.475815,64.0,0.308215,0.10756,,3.0,Franca & Nella,TARCAN8,0.270013,0.282823,0.25709,0.190077,0.25709,0.03577,,0.330764,0.26829,0.224639,0.176308,0.224639,0.05686
3.0,David & Jeff,TARUS4,12.0,0.311157,153.0,0.281909,230.0,0.406934,103.0,0.406934,0.0534,,0.322171,147.0,0.3508,114.0,0.327029,135.0,0.327029,0.01251,,4.0,Brendan & Conor,TARCAN8,0.270013,0.282823,0.25709,0.190077,0.190077,0.03577,,0.229221,0.223983,0.241486,0.305311,0.305311,0.03256
1.0,Chip & Kim,TARUS5,13.0,0.284337,177.0,0.267405,245.0,0.448258,78.0,0.284337,0.08156,,0.213306,215.0,0.316529,181.0,0.470165,68.0,0.213306,0.10553,,1.0,Taylor & Katie,TARCAN10,0.229304,0.279409,0.277649,0.21364,0.229304,0.02907,,0.172849,0.338633,0.304958,0.183561,0.172849,0.07287
2.0,Colin & Christie,TARUS5,14.0,0.472701,58.0,0.314457,177.0,0.212842,208.0,0.314457,0.10692,,0.520255,52.0,0.309461,191.0,0.170284,225.0,0.309461,0.14387,,2.0,Colin & Matt,TARCAN10,0.066785,0.182352,0.348217,0.402647,0.182352,0.13332,,0.081787,0.192165,0.326692,0.399357,0.192165,0.1223
3.0,Brandon & Nicole,TARUS5,15.0,0.242962,208.0,0.418138,41.0,0.3389,133.0,0.3389,0.07162,,0.266439,178.0,0.37401,78.0,0.359551,123.0,0.359551,0.04767,,3.0,Michael & Tyson,TARCAN10,0.133549,0.195103,0.294902,0.376448,0.294902,0.09298,,0.099617,0.190051,0.301458,0.408875,0.301458,0.1163
1.0,Freddy & Kendra,TARUS6,16.0,0.290278,176.0,0.399845,62.0,0.309877,157.0,0.290278,0.04771,,0.250976,188.0,0.497872,15.0,0.251152,174.0,0.250976,0.11635,,4.0,Lauren & Nicole,TARCAN10,0.570363,0.343137,0.079234,0.007267,0.007267,0.22326,,0.645747,0.279153,0.066893,0.008208,0.008208,0.24973
2.0,Kris & Jon,TARUS6,17.0,0.633888,14.0,0.302984,195.0,0.063128,289.0,0.302984,0.234,,0.690238,12.0,0.250647,258.0,0.059115,283.0,0.250647,0.26421,,1.0,Lệ Hằng & H'Hen Niê,TARVN6,0.158304,0.258415,0.377153,0.206129,0.158304,0.0815,,0.194899,0.272736,0.378287,0.15408,0.194899,0.08546
3.0,Adam & Rebecca,TARUS6,18.0,0.075834,294.0,0.297171,202.0,0.626995,26.0,0.626995,0.22646,,0.058786,279.0,0.251481,257.0,0.689733,22.0,0.689733,0.26401,,2.0,ST Sơn Thạch & Bình An,TARVN6,0.635459,0.29249,0.067245,0.004808,0.29249,0.24693,,0.598228,0.294158,0.100963,0.006651,0.294158,0.22619
1.0,Uchenna & Joyce,TARUS7,19.0,0.229412,217.0,0.332637,142.0,0.437951,84.0,0.229412,0.08514,,0.187105,228.0,0.285465,227.0,0.52743,56.0,0.187105,0.143,,3.0,Lê Xuân Tiền & Đỗ Mỹ Linh,TARVN6,0.181996,0.368317,0.336398,0.11329,0.336398,0.1058,,0.203824,0.401329,0.334047,0.060801,0.334047,0.13028
2.0,Rob & Amber,TARUS7,20.0,0.440786,73.0,0.377869,83.0,0.181345,225.0,0.377869,0.1105,,0.518498,54.0,0.312188,189.0,0.169314,226.0,0.312188,0.14334,,4.0,Minh Triệu & Kỳ Duyên,TARVN6,0.024242,0.080779,0.219206,0.675775,0.675775,0.25585,,0.00305,0.031778,0.186704,0.778469,0.778469,0.31301
3.0,Ron & Kelly,TARUS7,21.0,0.329802,139.0,0.289494,223.0,0.380704,113.0,0.380704,0.03732,,0.294397,166.0,0.402347,48.0,0.303256,144.0,0.303256,0.04893,,,,,,,,,,,,,,,,,
1.0,Linz Family,TARUS8,22.0,0.369144,116.0,0.303567,194.0,0.327289,147.0,0.369144,0.02711,,0.309563,155.0,0.376501,77.0,0.313936,139.0,0.309563,0.03058,,,,,,,,,,,,,,,,,
2.0,Bransen Family,TARUS8,23.0,0.374381,112.0,0.291603,217.0,0.334016,141.0,0.291603,0.0338,,0.421529,100.0,0.327467,158.0,0.251004,175.0,0.327467,0.06974,,,,,,,,,,,,,,,,,
3.0,Weaver Family,TARUS8,24.0,0.256475,198.0,0.40483,53.0,0.338695,134.0,0.338695,0.06068,,0.268908,177.0,0.296032,210.0,0.43506,86.0,0.43506,0.07278,,,,,,,,,,,,,,,,,
1.0,BJ & Tyler,TARUS9,25.0,0.277378,180.0,0.505548,8.0,0.217074,205.0,0.277378,0.12424,,0.276204,171.0,0.421797,31.0,0.301999,146.0,0.276204,0.06343,,,,,,,,,,,,,,,,,
2.0,Eric & Jeremy,TARUS9,26.0,0.644398,11.0,0.312093,183.0,0.043509,295.0,0.312093,0.24577,,0.627694,23.0,0.30736,195.0,0.064946,282.0,0.30736,0.23047,,,,,,,,,,,,,,,,,
3.0,Ray & Yolanda,TARUS9,27.0,0.078224,293.0,0.182359,288.0,0.739417,8.0,0.739417,0.29027,,0.096102,266.0,0.270843,242.0,0.633055,34.0,0.633055,0.22362,,,,,,,,,,,,,,,,,
1.0,Tyler & James,TARUS10,28.0,0.558427,30.0,0.318844,170.0,0.122729,266.0,0.558427,0.17817,,0.564947,37.0,0.302011,203.0,0.133042,245.0,0.564947,0.17771,,,,,,,,,,,,,,,,,
2.0,Rob & Kimberly,TARUS10,29.0,0.326474,143.0,0.48864,11.0,0.184886,221.0,0.48864,0.1241,,0.384142,121.0,0.454824,25.0,0.161034,231.0,0.454824,0.1252,,,,,,,,,,,,,,,,,
3.0,Lyn & Karlyn,TARUS10,30.0,0.115099,278.0,0.192516,287.0,0.692385,11.0,0.692385,0.25585,,0.050911,282.0,0.243165,263.0,0.705924,20.0,0.705924,0.2749,,,,,,,,,,,,,,,,,
1.0,Eric & Danielle,TARUS11,31.0,0.230462,216.0,0.450086,23.0,0.319452,150.0,0.230462,0.0902,,0.207894,217.0,0.32216,171.0,0.469946,69.0,0.207894,0.10727,,,,,,,,,,,,,,,,,
2.0,Dustin & Kandice,TARUS11,32.0,0.490435,47.0,0.312914,181.0,0.196651,217.0,0.312914,0.1208,,0.637629,20.0,0.290757,221.0,0.071614,278.0,0.290757,0.23303,,,,,,,,,,,,,,,,,
3.0,Charla & Mirna,TARUS11,33.0,0.279103,178.0,0.237,273.0,0.483897,58.0,0.483897,0.10784,,0.154477,239.0,0.387083,62.0,0.45844,74.0,0.45844,0.12978,,,,,,,,,,,,,,,,,
1.0,TK & Rachel,TARUS12,34.0,0.394861,104.0,0.364288,104.0,0.240851,195.0,0.394861,0.06658,,0.449921,87.0,0.311449,190.0,0.23863,184.0,0.449921,0.08764,,,,,,,,,,,,,,,,,
2.0,Ron & Christina,TARUS12,35.0,0.382254,110.0,0.295827,206.0,0.321919,149.0,0.295827,0.0362,,0.387337,116.0,0.342578,125.0,0.270085,163.0,0.342578,0.04831,,,,,,,,,,,,,,,,,
3.0,Nicolas & Donald,TARUS12,36.0,0.222885,226.0,0.339885,133.0,0.43723,86.0,0.43723,0.08763,,0.162742,235.0,0.345973,118.0,0.491285,60.0,0.491285,0.13442,,,,,,,,,,,,,,,,,
1.0,Nick & Starr,TARUS13,37.0,0.495683,44.0,0.373461,85.0,0.130856,261.0,0.495683,0.15162,,0.669054,16.0,0.320853,173.0,0.010093,296.0,0.669054,0.26916,,,,,,,,,,,,,,,,,
2.0,Ken & Tina,TARUS13,38.0,0.458652,64.0,0.448882,25.0,0.092466,275.0,0.448882,0.17037,,0.32642,145.0,0.55533,8.0,0.11825,254.0,0.55533,0.1785,,,,,,,,,,,,,,,,,
3.0,Andrew & Dan,TARUS13,39.0,0.045665,298.0,0.177657,289.0,0.776678,4.0,0.776678,0.31809,,0.004526,299.0,0.123817,296.0,0.871657,3.0,0.871657,0.38376,,,,,,,,,,,,,,,,,
1.0,Tammy & Victor,TARUS14,40.0,0.477774,55.0,0.315071,176.0,0.207155,214.0,0.477774,0.11123,,0.467357,76.0,0.34061,131.0,0.192033,212.0,0.467357,0.11252,,,,,,,,,,,,,,,,,
2.0,Jaime & Cara,TARUS14,41.0,0.156045,258.0,0.245824,262.0,0.598131,32.0,0.245824,0.19079,,0.081264,273.0,0.243669,262.0,0.675067,24.0,0.243669,0.25057,,,,,,,,,,,,,,,,,
3.0,Margie & Luke,TARUS14,42.0,0.366181,120.0,0.439105,30.0,0.194714,219.0,0.194714,0.10244,,0.451379,84.0,0.415721,36.0,0.1329,247.0,0.1329,0.14247,,,,,,,,,,,,,,,,,
1.0,Meghan & Cheyne,TARUS15,43.0,0.573674,27.0,0.319087,168.0,0.107239,269.0,0.573674,0.19069,,0.733482,6.0,0.222518,275.0,0.044,287.0,0.733482,0.29218,,,,,,,,,,,,,,,,,
2.0,Sam & Dan,TARUS15,44.0,0.296046,168.0,0.38521,74.0,0.318744,151.0,0.38521,0.03783,,0.226173,204.0,0.471388,20.0,0.302439,145.0,0.471388,0.10246,,,,,,,,,,,,,,,,,
3.0,Brian & Ericka,TARUS15,45.0,0.13028,272.0,0.295703,207.0,0.574017,35.0,0.574017,0.1831,,0.040345,283.0,0.306094,201.0,0.653561,26.0,0.653561,0.25108,,,,,,,,,,,,,,,,,
1.0,Dan & Jordan,TARUS16,46.0,0.180811,245.0,0.34132,129.0,0.477869,61.0,0.180811,0.1214,,0.177726,230.0,0.369204,89.0,0.45307,77.0,0.177726,0.11523,,,,,,,,,,,,,,,,,
2.0,Jet & Cord,TARUS16,47.0,0.617626,18.0,0.290751,220.0,0.091623,276.0,0.290751,0.21684,,0.674076,15.0,0.220939,278.0,0.104985,264.0,0.220939,0.24555,,,,,,,,,,,,,,,,,
3.0,Brent & Caite,TARUS16,48.0,0.201563,235.0,0.367929,100.0,0.430508,90.0,0.430508,0.09661,,0.148198,243.0,0.409857,40.0,0.441945,81.0,0.441945,0.13156,,,,,,,,,,,,,,,,,
1.0,Nat & Kat,TARUS17,49.0,0.344918,129.0,0.275601,235.0,0.379481,114.0,0.344918,0.04319,,0.296682,164.0,0.315856,183.0,0.387462,112.0,0.296682,0.03907,,,,,,,,,,,,,,,,,
2.0,Brook & Claire,TARUS17,50.0,0.274997,183.0,0.406425,50.0,0.318578,152.0,0.406425,0.05466,,0.218509,213.0,0.361138,97.0,0.420353,95.0,0.361138,0.08472,,,,,,,,,,,,,,,,,
3.0,Jill & Thomas,TARUS17,51.0,0.380085,111.0,0.317974,171.0,0.301941,163.0,0.301941,0.0337,,0.484809,65.0,0.323006,168.0,0.192185,211.0,0.192185,0.11969,,,,,,,,,,,,,,,,,
1.0,Kisha & Jen,TARUS18,52.0,0.294126,171.0,0.42943,34.0,0.276444,174.0,0.294126,0.06833,,0.309058,156.0,0.48591,18.0,0.205032,202.0,0.309058,0.11595,,,,,,,,,,,,,,,,,
2.0,Flight Time & Big Easy,TARUS18,53.0,0.279037,179.0,0.302296,196.0,0.418667,95.0,0.302296,0.06108,,0.241521,195.0,0.242369,265.0,0.51611,58.0,0.242369,0.12924,,,,,,,,,,,,,,,,,
3.0,Gary & Mallory,TARUS18,54.0,0.426837,85.0,0.268274,243.0,0.304889,161.0,0.304889,0.06779,,0.449421,88.0,0.271721,240.0,0.278858,158.0,0.278858,0.08214,,,,,,,,,,,,,,,,,
1.0,Ernie & Cindy,TARUS19,55.0,0.48748,48.0,0.3584,112.0,0.15412,245.0,0.48748,0.13724,,0.518983,53.0,0.381491,70.0,0.099526,269.0,0.518983,0.1746,,,,,,,,,,,,,,,,,
2.0,Jeremy & Sandy,TARUS19,56.0,0.304281,157.0,0.380386,77.0,0.315333,154.0,0.380386,0.03358,,0.359392,129.0,0.352517,109.0,0.288091,154.0,0.352517,0.03211,,,,,,,,,,,,,,,,,
3.0,Amani & Marcus,TARUS19,57.0,0.208239,233.0,0.261214,249.0,0.530547,46.0,0.530547,0.14112,,0.121625,256.0,0.265992,245.0,0.612383,38.0,0.612383,0.20593,,,,,,,,,,,,,,,,,
1.0,Rachel & Dave,TARUS20,58.0,0.533089,37.0,0.289505,222.0,0.177406,228.0,0.533089,0.14848,,0.723429,7.0,0.238275,267.0,0.038296,291.0,0.723429,0.28767,,,,,,,,,,,,,,,,,
2.0,Art & JJ,TARUS20,59.0,0.359805,125.0,0.468606,16.0,0.171589,233.0,0.468606,0.12269,,0.249725,189.0,0.523907,12.0,0.226368,191.0,0.523907,0.13509,,,,,,,,,,,,,,,,,
3.0,Brendon & Rachel,TARUS20,60.0,0.107106,281.0,0.241889,270.0,0.651005,19.0,0.651005,0.23127,,0.026846,290.0,0.237818,268.0,0.735336,18.0,0.735336,0.29702,,,,,,,,,,,,,,,,,
1.0,Josh & Brent,TARUS21,61.0,0.11943,276.0,0.378204,80.0,0.502366,52.0,0.11943,0.15952,,0.078082,275.0,0.181515,286.0,0.740403,16.0,0.078082,0.29092,,,,,,,,,,,,,,,,,
2.0,Jaymes & James,TARUS21,62.0,0.386426,107.0,0.324564,155.0,0.28901,168.0,0.324564,0.04025,,0.342252,136.0,0.496081,16.0,0.161667,230.0,0.496081,0.13667,,,,,,,,,,,,,,,,,
3.0,Trey & Lexi,TARUS21,63.0,0.494144,45.0,0.297232,201.0,0.208624,213.0,0.208624,0.11933,,0.579666,33.0,0.322404,170.0,0.09793,270.0,0.09793,0.19682,,,,,,,,,,,,,,,,,
1.0,Bates & Anthony,TARUS22,64.0,0.594266,22.0,0.301821,197.0,0.103913,270.0,0.594266,0.20142,,0.55597,41.0,0.29102,219.0,0.15301,236.0,0.55597,0.16721,,,,,,,,,,,,,,,,,
2.0,Max & Katie,TARUS22,65.0,0.258455,196.0,0.277053,234.0,0.464492,67.0,0.277053,0.09305,,0.315683,150.0,0.294691,214.0,0.389626,111.0,0.294691,0.04072,,,,,,,,,,,,,,,,,
3.0,Mona & Beth,TARUS22,66.0,0.147279,264.0,0.421126,38.0,0.431595,88.0,0.431595,0.13163,,0.128347,253.0,0.414289,37.0,0.457364,75.0,0.457364,0.14601,,,,,,,,,,,,,,,,,
1.0,Jason & Amy,TARUS23,67.0,0.312623,152.0,0.335644,138.0,0.351733,124.0,0.312623,0.01605,,0.360302,128.0,0.377415,75.0,0.262283,167.0,0.360302,0.05072,,,,,,,,,,,,,,,,,
2.0,Tim & Marie,TARUS23,68.0,0.275302,182.0,0.247975,260.0,0.476723,63.0,0.247975,0.102,,0.302493,159.0,0.301371,205.0,0.396136,106.0,0.301371,0.04441,,,,,,,,,,,,,,,,,
3.0,Nicole & Travis,TARUS23,69.0,0.412075,94.0,0.416381,44.0,0.171544,234.0,0.171544,0.11442,,0.337205,142.0,0.321214,172.0,0.341581,129.0,0.341581,0.00875,,,,,,,,,,,,,,,,,
1.0,Dave & Connor,TARUS24,70.0,0.587484,23.0,0.332232,144.0,0.080284,281.0,0.587484,0.20706,,0.60464,25.0,0.279835,233.0,0.115525,258.0,0.60464,0.20323,,,,,,,,,,,,,,,,,
2.0,Caroline & Jennifer,TARUS24,71.0,0.143061,267.0,0.331696,145.0,0.525243,48.0,0.331696,0.15603,,0.078105,274.0,0.329479,155.0,0.592416,45.0,0.329479,0.20998,,,,,,,,,,,,,,,,,
3.0,Brendon & Rachel,TARUS24,72.0,0.269455,189.0,0.336072,137.0,0.394473,109.0,0.394473,0.05108,,0.317255,148.0,0.390686,57.0,0.292059,152.0,0.292059,0.04184,,,,,,,,,,,,,,,,,
1.0,Amy & Maya,TARUS25,73.0,0.086868,289.0,0.260498,251.0,0.652634,18.0,0.086868,0.23665,,0.056807,280.0,0.200633,283.0,0.74256,15.0,0.056807,0.29526,,,,,,,,,,,,,,,,,
2.0,Misti & Jim,TARUS25,74.0,0.484815,50.0,0.338369,136.0,0.176816,229.0,0.338369,0.12579,,0.503673,60.0,0.393193,51.0,0.103134,267.0,0.393193,0.16891,,,,,,,,,,,,,,,,,
3.0,Adam & Bethany,TARUS25,75.0,0.428317,84.0,0.401133,60.0,0.17055,235.0,0.17055,0.11564,,0.43952,93.0,0.406174,45.0,0.154306,233.0,0.154306,0.12732,,,,,,,,,,,,,,,,,
1.0,Laura & Tyler,TARUS26,76.0,0.314942,151.0,0.380804,76.0,0.304254,162.0,0.314942,0.03385,,0.243576,193.0,0.323958,164.0,0.432466,89.0,0.243576,0.0774,,,,,,,,,,,,,,,,,
2.0,Jelani & Jenny,TARUS26,77.0,0.319076,150.0,0.373167,88.0,0.307757,160.0,0.373167,0.02854,,0.27408,174.0,0.352572,108.0,0.373348,118.0,0.352572,0.04275,,,,,,,,,,,,,,,,,
3.0,Hayley & Blair,TARUS26,78.0,0.365982,121.0,0.246029,261.0,0.387989,111.0,0.387989,0.06238,,0.482344,67.0,0.32347,166.0,0.194186,207.0,0.194186,0.11785,,,,,,,,,,,,,,,,,
1.0,Kelsey & Joey,TARUS27,79.0,0.272446,185.0,0.413571,47.0,0.313983,155.0,0.272446,0.05922,,0.143904,246.0,0.607238,3.0,0.248858,176.0,0.143904,0.19836,,,,,,,,,,,,,,,,,
2.0,Justin & Diana,TARUS27,80.0,0.626735,17.0,0.241335,271.0,0.13193,257.0,0.241335,0.21222,,0.751492,5.0,0.167146,288.0,0.081362,275.0,0.167146,0.29775,,,,,,,,,,,,,,,,,
3.0,Logan & Chris,TARUS27,81.0,0.100819,283.0,0.345094,125.0,0.554087,40.0,0.554087,0.18523,,0.104604,265.0,0.225616,274.0,0.66978,25.0,0.66978,0.24298,,,,,,,,,,,,,,,,,
1.0,Dana & Matt,TARUS28,82.0,0.296797,167.0,0.605124,1.0,0.098079,274.0,0.296797,0.20861,,0.295877,165.0,0.63289,2.0,0.071233,279.0,0.295877,0.23082,,,,,,,,,,,,,,,,,
2.0,Sheri & Cole,TARUS28,83.0,0.041944,299.0,0.124158,298.0,0.833898,2.0,0.124158,0.35554,,0.005455,298.0,0.089034,299.0,0.905511,2.0,0.089034,0.40603,,,,,,,,,,,,,,,,,
3.0,Tyler & Korey,TARUS28,84.0,0.661259,7.0,0.270718,241.0,0.068023,287.0,0.068023,0.2462,,0.698668,10.0,0.278076,235.0,0.023256,294.0,0.023256,0.27849,,,,,,,,,,,,,,,,,
1.0,Brooke & Scott,TARUS29,85.0,0.263544,192.0,0.401526,59.0,0.33493,139.0,0.263544,0.05634,,0.356322,130.0,0.392023,55.0,0.251655,173.0,0.356322,0.05957,,,,,,,,,,,,,,,,,
2.0,Tara & Joey,TARUS29,86.0,0.577925,25.0,0.272499,239.0,0.149576,247.0,0.272499,0.18009,,0.536052,48.0,0.316232,182.0,0.147716,239.0,0.316232,0.159,,,,,,,,,,,,,,,,,
3.0,London & Logan,TARUS29,87.0,0.158531,254.0,0.325975,152.0,0.515494,49.0,0.515494,0.14582,,0.107626,261.0,0.291745,218.0,0.600629,43.0,0.600629,0.2034,,,,,,,,,,,,,,,,,
1.0,Cody & Jessica,TARUS30,88.0,0.22581,223.0,0.34869,120.0,0.4255,93.0,0.22581,0.08224,,0.232906,200.0,0.326055,160.0,0.441039,82.0,0.232906,0.08513,,,,,,,,,,,,,,,,,
2.0,Henry & Evan,TARUS30,89.0,0.216572,230.0,0.294724,209.0,0.488704,56.0,0.294724,0.1144,,0.203985,218.0,0.367637,93.0,0.428378,91.0,0.367637,0.09477,,,,,,,,,,,,,,,,,
3.0,Kristi & Jen,TARUS30,90.0,0.557618,31.0,0.356586,114.0,0.085796,280.0,0.085796,0.19332,,0.563109,38.0,0.306308,200.0,0.130583,249.0,0.130583,0.17761,,,,,,,,,,,,,,,,,
1.0,Colin & Christie,TARUS31,91.0,0.438362,76.0,0.430313,33.0,0.131325,258.0,0.438362,0.14288,,0.451676,83.0,0.384576,67.0,0.163748,228.0,0.451676,0.123,,,,,,,,,,,,,,,,,
2.0,Tyler & Korey,TARUS31,92.0,0.388366,106.0,0.365547,101.0,0.246087,190.0,0.365547,0.06239,,0.393043,113.0,0.386126,65.0,0.220831,195.0,0.386126,0.0796,,,,,,,,,,,,,,,,,
3.0,Leo & Jamal,TARUS31,93.0,0.173272,249.0,0.20414,284.0,0.622588,28.0,0.622588,0.20492,,0.155281,238.0,0.229298,273.0,0.615421,37.0,0.615421,0.20174,,,,,,,,,,,,,,,,,
1.0,Will & James,TARUS32,94.0,0.291615,175.0,0.32174,163.0,0.386645,112.0,0.291615,0.03965,,0.251812,187.0,0.392104,53.0,0.356084,125.0,0.251812,0.05949,,,,,,,,,,,,,,,,,
2.0,Hung & Chee,TARUS32,95.0,0.22783,220.0,0.335113,140.0,0.437057,87.0,0.335113,0.08543,,0.148606,242.0,0.315086,184.0,0.536308,52.0,0.315086,0.1588,,,,,,,,,,,,,,,,,
3.0,Riley & Maddison,TARUS32,96.0,0.480555,52.0,0.343147,128.0,0.176298,230.0,0.176298,0.12441,,0.599582,28.0,0.29281,215.0,0.107608,262.0,0.107608,0.20288,,,,,,,,,,,,,,,,,
1.0,Kim & Penn,TARUS33,97.0,0.411329,95.0,0.32287,158.0,0.265801,180.0,0.411329,0.05987,,0.437707,95.0,0.336809,141.0,0.225484,194.0,0.437707,0.08667,,,,,,,,,,,,,,,,,
2.0,Raquel & Cayla,TARUS33,98.0,0.245062,206.0,0.277547,233.0,0.477391,62.0,0.277547,0.10272,,0.256367,185.0,0.372812,79.0,0.370821,120.0,0.372812,0.05443,,,,,,,,,,,,,,,,,
3.0,Ryan & Dusty,TARUS33,99.0,0.343609,131.0,0.399583,63.0,0.256808,183.0,0.256808,0.05874,,0.305926,158.0,0.290379,222.0,0.403695,104.0,0.403695,0.05016,,,,,,,,,,,,,,,,,
1.0,Derek & Claire,TARUS34,100.0,0.413627,92.0,0.340417,132.0,0.245956,191.0,0.413627,0.06863,,0.474421,70.0,0.33228,147.0,0.193299,209.0,0.474421,0.11477,,,,,,,,,,,,,,,,,
2.0,Emily & Molly,TARUS34,101.0,0.225051,224.0,0.368374,98.0,0.406575,104.0,0.368374,0.07814,,0.184725,229.0,0.260962,250.0,0.554313,48.0,0.260962,0.15933,,,,,,,,,,,,,,,,,
3.0,Luis & Michelle,TARUS34,102.0,0.361322,124.0,0.291209,218.0,0.347469,130.0,0.347469,0.03032,,0.340854,138.0,0.406758,43.0,0.252388,171.0,0.252388,0.06325,,,,,,,,,,,,,,,,,
1.0,Greg & John,TARUS35,103.0,0.450045,67.0,0.30702,190.0,0.242935,193.0,0.450045,0.08658,,0.525412,50.0,0.345375,120.0,0.129213,250.0,0.525412,0.16197,,,,,,,,,,,,,,,,,
2.0,Joel & Garrett,TARUS35,104.0,0.209459,232.0,0.243169,268.0,0.547372,43.0,0.243169,0.15197,,0.127938,254.0,0.264538,247.0,0.607524,40.0,0.264538,0.20174,,,,,,,,,,,,,,,,,
3.0,Rob & Corey,TARUS35,105.0,0.340496,132.0,0.449811,24.0,0.209693,212.0,0.209693,0.09816,,0.34665,135.0,0.390087,60.0,0.263263,166.0,0.263263,0.05262,,,,,,,,,,,,,,,,,
1.0,Ricky & Cesar,TARUS36,106.0,0.68349,5.0,0.273692,238.0,0.042818,296.0,0.68349,0.26493,,0.603716,26.0,0.287085,226.0,0.109199,261.0,0.603716,0.20452,,,,,,,,,,,,,,,,,
2.0,Juan & Shane,TARUS36,107.0,0.159719,252.0,0.378056,82.0,0.462225,69.0,0.378056,0.12748,,0.171787,233.0,0.356481,102.0,0.471732,67.0,0.356481,0.12354,,,,,,,,,,,,,,,,,
3.0,Rod & Leticia,TARUS36,108.0,0.156791,256.0,0.348252,121.0,0.494957,55.0,0.494957,0.13846,,0.224497,206.0,0.356434,103.0,0.419069,97.0,0.419069,0.0811,,,,,,,,,,,,,,,,,
1.0,Carson & Jack,TARUS37,109.0,0.552543,32.0,0.360389,110.0,0.087068,279.0,0.552543,0.19099,,0.581405,31.0,0.350099,116.0,0.068496,281.0,0.581405,0.20973,,,,,,,,,,,,,,,,,
2.0,Han & Holden,TARUS37,110.0,0.126853,273.0,0.211207,282.0,0.66194,15.0,0.211207,0.2349,,0.033164,287.0,0.221184,277.0,0.745652,14.0,0.221184,0.30149,,,,,,,,,,,,,,,,,
3.0,Jonathan & Ana,TARUS37,111.0,0.320604,148.0,0.428404,35.0,0.250992,185.0,0.250992,0.07299,,0.385431,117.0,0.428717,28.0,0.185852,215.0,0.185852,0.10577,,,,,,,,,,,,,,,,,
1.0,Jas & Jag,TARUS38,112.0,0.76531,2.0,0.20459,283.0,0.0301,299.0,0.76531,0.31365,,0.897798,1.0,0.097234,298.0,0.004968,298.0,0.897798,0.40091,,,,,,,,,,,,,,,,,
2.0,Kyland & Taylor,TARUS38,113.0,0.13062,271.0,0.31373,178.0,0.55565,39.0,0.31373,0.17407,,0.084107,271.0,0.456969,22.0,0.458924,73.0,0.456969,0.17623,,,,,,,,,,,,,,,,,
3.0,Joseph & Adam,TARUS38,114.0,0.10407,282.0,0.48168,12.0,0.41425,96.0,0.41425,0.16443,,0.018095,293.0,0.445797,26.0,0.536108,53.0,0.536108,0.22594,,,,,,,,,,,,,,,,,
1.0,Joe Jer & Zabrina,TARAS1,115.0,0.237398,212.0,0.439626,29.0,0.322976,148.0,0.237398,0.08288,,0.192877,227.0,0.341663,126.0,0.46546,70.0,0.192877,0.11144,,,,,,,,,,,,,,,,,
2.0,Sandy & Francesca,TARAS1,116.0,0.35631,126.0,0.252197,257.0,0.391493,110.0,0.252197,0.05914,,0.339967,139.0,0.318647,178.0,0.341386,130.0,0.318647,0.0104,,,,,,,,,,,,,,,,,
3.0,Andrew & Syeon,TARAS1,117.0,0.406292,97.0,0.308177,187.0,0.285531,169.0,0.285531,0.05241,,0.467156,77.0,0.33969,133.0,0.193154,210.0,0.193154,0.11195,,,,,,,,,,,,,,,,,
1.0,Adrian & Collin,TARAS2,118.0,0.228332,218.0,0.524934,3.0,0.246734,188.0,0.228332,0.13569,,0.146569,245.0,0.672692,1.0,0.180739,220.0,0.146569,0.24037,,,,,,,,,,,,,,,,,
2.0,Pamela & Vanessa,TARAS2,119.0,0.04706,297.0,0.215279,281.0,0.737661,9.0,0.215279,0.29404,,0.015219,294.0,0.174154,287.0,0.810627,8.0,0.174154,0.34368,,,,,,,,,,,,,,,,,
3.0,Marc & Rovilson,TARAS2,120.0,0.724608,3.0,0.259787,253.0,0.015605,300.0,0.015605,0.29408,,0.838212,2.0,0.153154,294.0,0.008634,297.0,0.008634,0.36185,,,,,,,,,,,,,,,,,
1.0,Vince & Sam,TARAS3,121.0,0.471661,59.0,0.313054,180.0,0.215285,206.0,0.471661,0.10564,,0.450603,86.0,0.301867,204.0,0.247397,179.0,0.450603,0.08588,,,,,,,,,,,,,,,,,
2.0,Geoff & Tisha,TARAS3,122.0,0.301616,162.0,0.364382,103.0,0.334002,142.0,0.364382,0.02563,,0.324153,146.0,0.357936,101.0,0.317911,137.0,0.357936,0.01758,,,,,,,,,,,,,,,,,
3.0,Ida & Tania,TARAS3,123.0,0.226723,222.0,0.322564,160.0,0.450713,75.0,0.450713,0.09176,,0.225244,205.0,0.340064,132.0,0.434692,88.0,0.434692,0.08564,,,,,,,,,,,,,,,,,
1.0,Richard & Richard,TARAS4,124.0,0.633574,15.0,0.28645,227.0,0.079976,282.0,0.633574,0.22842,,0.646588,18.0,0.234618,269.0,0.118794,253.0,0.646588,0.2265,,,,,,,,,,,,,,,,,
2.0,Claire & Michelle,TARAS4,125.0,0.173308,248.0,0.475134,14.0,0.351558,125.0,0.475134,0.12389,,0.114357,258.0,0.42451,30.0,0.461133,72.0,0.42451,0.15556,,,,,,,,,,,,,,,,,
3.0,Hussein & Natasha,TARAS4,126.0,0.193118,241.0,0.238416,272.0,0.568466,36.0,0.568466,0.16729,,0.239055,196.0,0.340872,130.0,0.420073,96.0,0.420073,0.07409,,,,,,,,,,,,,,,,,
1.0,Parul & Maggie,TARAS5,127.0,0.231545,214.0,0.355575,115.0,0.41288,97.0,0.231545,0.07568,,0.23737,198.0,0.403777,47.0,0.358853,124.0,0.23737,0.07029,,,,,,,,,,,,,,,,,
2.0,Yvonne & Chloe,TARAS5,128.0,0.438436,75.0,0.25253,256.0,0.309034,158.0,0.25253,0.07782,,0.423005,99.0,0.26589,246.0,0.311105,140.0,0.26589,0.06604,,,,,,,,,,,,,,,,,
3.0,Eric & Rona,TARAS5,129.0,0.330019,138.0,0.391895,69.0,0.278086,173.0,0.278086,0.04652,,0.339625,140.0,0.330333,152.0,0.330042,134.0,0.330042,0.00445,,,,,,,,,,,,,,,,,
1.0,Tim & Tim,TARCAN1,130.0,0.260967,194.0,0.292171,214.0,0.446862,79.0,0.260967,0.08128,,0.15547,237.0,0.327387,159.0,0.517143,57.0,0.15547,0.14771,,,,,,,,,,,,,,,,,
2.0,Jody & Cory,TARCAN1,131.0,0.485451,49.0,0.244177,264.0,0.270372,177.0,0.244177,0.10809,,0.464864,78.0,0.295524,213.0,0.239612,182.0,0.295524,0.09577,,,,,,,,,,,,,,,,,
3.0,Vanessa & Celina,TARCAN1,132.0,0.253582,200.0,0.463652,17.0,0.282766,171.0,0.282766,0.09292,,0.379666,123.0,0.377089,76.0,0.243245,181.0,0.243245,0.06371,,,,,,,,,,,,,,,,,
1.0,Mickey & Pete,TARCAN2,133.0,0.143131,266.0,0.508062,7.0,0.348807,128.0,0.143131,0.14938,,0.148859,241.0,0.578758,6.0,0.272383,162.0,0.148859,0.18072,,,,,,,,,,,,,,,,,
2.0,Natalie & Meaghan,TARCAN2,134.0,0.767905,1.0,0.198027,285.0,0.034068,297.0,0.198027,0.31449,,0.819734,3.0,0.165735,290.0,0.014531,295.0,0.165735,0.34943,,,,,,,,,,,,,,,,,
3.0,Ryan & Rob,TARCAN2,135.0,0.088964,288.0,0.293911,210.0,0.617125,30.0,0.617125,0.21742,,0.031407,289.0,0.255507,256.0,0.713086,19.0,0.713086,0.28368,,,,,,,,,,,,,,,,,
1.0,Gino & Jesse,TARCAN3,136.0,0.399392,103.0,0.249409,258.0,0.351199,127.0,0.399392,0.06252,,0.394387,111.0,0.306314,199.0,0.299299,149.0,0.394387,0.04327,,,,,,,,,,,,,,,,,
2.0,Nick & Matt,TARCAN3,137.0,0.367357,118.0,0.421742,37.0,0.210901,210.0,0.421742,0.08937,,0.378161,124.0,0.343014,124.0,0.278825,159.0,0.343014,0.04113,,,,,,,,,,,,,,,,,
3.0,Brent & Sean,TARCAN3,138.0,0.233251,213.0,0.328849,148.0,0.4379,85.0,0.4379,0.08361,,0.227452,202.0,0.350672,115.0,0.421876,94.0,0.421876,0.08031,,,,,,,,,,,,,,,,,
1.0,Steph & Kristen,TARCAN4,139.0,0.497073,43.0,0.344596,126.0,0.158331,242.0,0.497073,0.13852,,0.504722,59.0,0.314184,186.0,0.181094,219.0,0.504722,0.13281,,,,,,,,,,,,,,,,,
2.0,Jillian & Emmett,TARCAN4,140.0,0.362568,123.0,0.339755,135.0,0.297677,166.0,0.339755,0.02688,,0.337522,141.0,0.332364,146.0,0.330114,133.0,0.332364,0.0031,,,,,,,,,,,,,,,,,
3.0,Joel & Ashley,TARCAN4,141.0,0.140359,269.0,0.315649,175.0,0.543992,44.0,0.543992,0.16526,,0.157756,236.0,0.353452,106.0,0.488792,61.0,0.488792,0.13589,,,,,,,,,,,,,,,,,
1.0,Sam & Paul,TARCAN5,142.0,0.640581,12.0,0.28299,229.0,0.076429,284.0,0.640581,0.23305,,0.792341,4.0,0.164622,291.0,0.043037,288.0,0.792341,0.32834,,,,,,,,,,,,,,,,,
2.0,Kenneth & Ryan,TARCAN5,143.0,0.218299,228.0,0.445138,27.0,0.336563,137.0,0.445138,0.09263,,0.13312,250.0,0.51608,13.0,0.3508,128.0,0.51608,0.15683,,,,,,,,,,,,,,,,,
3.0,Korey & Ivana,TARCAN5,144.0,0.14112,268.0,0.271872,240.0,0.587008,34.0,0.587008,0.18715,,0.074539,277.0,0.319298,174.0,0.606163,41.0,0.606163,0.21726,,,,,,,,,,,,,,,,,
1.0,Courtney & Adam,TARCAN6,145.0,0.116471,277.0,0.23459,275.0,0.648939,20.0,0.116471,0.22832,,0.032629,288.0,0.187904,284.0,0.779467,10.0,0.032629,0.32177,,,,,,,,,,,,,,,,,
2.0,Taylor & Courtney,TARCAN6,146.0,0.676212,6.0,0.244028,265.0,0.07976,283.0,0.244028,0.25156,,0.696663,11.0,0.273931,238.0,0.029406,293.0,0.273931,0.27563,,,,,,,,,,,,,,,,,
3.0,Dylan & Kwame,TARCAN6,147.0,0.207317,234.0,0.521382,4.0,0.271301,176.0,0.271301,0.13551,,0.270708,176.0,0.538165,9.0,0.191127,214.0,0.191127,0.14844,,,,,,,,,,,,,,,,,
1.0,Anthony & James,TARCAN7,148.0,0.369002,117.0,0.33236,143.0,0.298638,165.0,0.369002,0.02873,,0.355156,131.0,0.392102,54.0,0.252742,170.0,0.355156,0.05895,,,,,,,,,,,,,,,,,
2.0,Sarah & Sam,TARCAN7,149.0,0.492636,46.0,0.370739,92.0,0.136625,254.0,0.370739,0.14773,,0.552537,44.0,0.336094,142.0,0.111369,260.0,0.336094,0.18012,,,,,,,,,,,,,,,,,
3.0,Lauren & Joanne,TARCAN7,150.0,0.138362,270.0,0.296901,204.0,0.564737,37.0,0.564737,0.17596,,0.092307,269.0,0.271804,239.0,0.635889,32.0,0.635889,0.22614,,,,,,,,,,,,,,,,,
1.0,Catherine & Craig,TARCAN8,151.0,0.271302,186.0,0.326992,151.0,0.401706,107.0,0.271302,0.05343,,0.292493,168.0,0.290062,223.0,0.417445,98.0,0.292493,0.05948,,,,,,,,,,,,,,,,,
2.0,Jesse & Marika,TARCAN8,152.0,0.346285,128.0,0.304989,192.0,0.348726,129.0,0.304989,0.02007,,0.311331,153.0,0.37275,80.0,0.315919,138.0,0.37275,0.02793,,,,,,,,,,,,,,,,,
3.0,Franca & Nella,TARCAN8,153.0,0.382413,109.0,0.368019,99.0,0.249568,187.0,0.249568,0.05952,,0.396176,110.0,0.337188,140.0,0.266636,165.0,0.266636,0.05295,,,,,,,,,,,,,,,,,
1.0,Ty & Kat,TARCAN9,154.0,0.574294,26.0,0.359739,111.0,0.065967,288.0,0.574294,0.20836,,0.540237,47.0,0.401859,49.0,0.057904,284.0,0.540237,0.20279,,,,,,,,,,,,,,,,,
2.0,Tyler & Kayleen,TARCAN9,155.0,0.340199,133.0,0.49417,10.0,0.165631,238.0,0.49417,0.13421,,0.448228,91.0,0.478801,19.0,0.072971,277.0,0.478801,0.18453,,,,,,,,,,,,,,,,,
3.0,Ben & Anwar,TARCAN9,156.0,0.085507,291.0,0.146091,297.0,0.768402,6.0,0.768402,0.30863,,0.011535,297.0,0.11934,297.0,0.869125,4.0,0.869125,0.38141,,,,,,,,,,,,,,,,,
1.0,Taylor & Katie,TARCAN10,157.0,0.478266,54.0,0.306737,191.0,0.214997,207.0,0.478266,0.10911,,0.478266,69.0,0.306737,198.0,0.214997,199.0,0.478266,0.10911,,,,,,,,,,,,,,,,,
2.0,Colin & Matt,TARCAN10,158.0,0.224388,225.0,0.369407,95.0,0.406205,105.0,0.369407,0.07849,,0.224388,207.0,0.369407,88.0,0.406205,103.0,0.369407,0.07849,,,,,,,,,,,,,,,,,
3.0,Michael & Tyson,TARCAN10,159.0,0.297346,166.0,0.323856,157.0,0.378798,115.0,0.378798,0.03392,,0.297346,163.0,0.323856,165.0,0.378798,115.0,0.378798,0.03392,,,,,,,,,,,,,,,,,
1.0,Jesse & Jonathon,TARCAN11,160.0,0.558701,29.0,0.341153,130.0,0.100146,273.0,0.558701,0.18729,,0.516088,55.0,0.330163,153.0,0.153749,234.0,0.516088,0.14794,,,,,,,,,,,,,,,,,
2.0,Grace & Joe,TARCAN11,161.0,0.213213,231.0,0.224384,279.0,0.562403,38.0,0.224384,0.16204,,0.274381,172.0,0.331483,148.0,0.394136,108.0,0.331483,0.04891,,,,,,,,,,,,,,,,,
3.0,EB & Blake,TARCAN11,162.0,0.228086,219.0,0.434463,31.0,0.337451,136.0,0.337451,0.0843,,0.209531,216.0,0.338354,135.0,0.452115,79.0,0.452115,0.0991,,,,,,,,,,,,,,,,,
1.0,Tyler & Nathan,TARAU1,163.0,0.573094,28.0,0.307734,189.0,0.119172,267.0,0.573094,0.18619,,0.580485,32.0,0.32248,169.0,0.097035,271.0,0.580485,0.19752,,,,,,,,,,,,,,,,,
2.0,Sam & Renae,TARAU1,164.0,0.157058,255.0,0.223587,280.0,0.619355,29.0,0.223587,0.20406,,0.077895,276.0,0.182047,285.0,0.740058,17.0,0.182047,0.29072,,,,,,,,,,,,,,,,,
3.0,Jeff & Luke,TARAU1,165.0,0.269848,188.0,0.468679,15.0,0.261473,181.0,0.261473,0.09576,,0.34162,137.0,0.495473,17.0,0.162907,229.0,0.162907,0.1359,,,,,,,,,,,,,,,,,
1.0,Shane & Andrew,TARAU2,166.0,0.184726,243.0,0.310271,185.0,0.505003,51.0,0.184726,0.13177,,0.109686,260.0,0.288158,225.0,0.602156,42.0,0.109686,0.20357,,,,,,,,,,,,,,,,,
2.0,Paul & Steve,TARAU2,167.0,0.38333,108.0,0.287684,226.0,0.328986,146.0,0.287684,0.03917,,0.417982,104.0,0.356329,104.0,0.225689,193.0,0.356329,0.08017,,,,,,,,,,,,,,,,,
3.0,Michelle & Jo,TARAU2,168.0,0.431944,82.0,0.402045,56.0,0.166011,237.0,0.166011,0.11894,,0.472332,71.0,0.355513,105.0,0.172155,222.0,0.172155,0.12355,,,,,,,,,,,,,,,,,
1.0,Daniel & Ryan,TARAU3,169.0,0.443331,70.0,0.373262,87.0,0.183407,224.0,0.443331,0.10981,,0.471976,72.0,0.283445,228.0,0.244579,180.0,0.471976,0.09931,,,,,,,,,,,,,,,,,
2.0,Sally & Tyson,TARAU3,170.0,0.252913,202.0,0.296332,205.0,0.450755,74.0,0.296332,0.0849,,0.194193,224.0,0.370861,83.0,0.434946,87.0,0.370861,0.10181,,,,,,,,,,,,,,,,,
3.0,Ashleigh & Jarrod,TARAU3,171.0,0.303756,159.0,0.330406,146.0,0.365838,117.0,0.365838,0.02543,,0.333831,143.0,0.345694,119.0,0.320475,136.0,0.320475,0.0103,,,,,,,,,,,,,,,,,
1.0,Tim & Rod,TARAU4,172.0,0.406218,98.0,0.371819,90.0,0.221963,202.0,0.406218,0.07999,,0.47025,74.0,0.358958,100.0,0.170792,224.0,0.47025,0.12359,,,,,,,,,,,,,,,,,
2.0,Jasmin & Jerome,TARAU4,173.0,0.327714,141.0,0.363749,105.0,0.308537,159.0,0.363749,0.02289,,0.291326,169.0,0.316727,179.0,0.391947,110.0,0.316727,0.04272,,,,,,,,,,,,,,,,,
3.0,Viv & Joey,TARAU4,174.0,0.266068,190.0,0.264432,246.0,0.4695,65.0,0.4695,0.09629,,0.238424,197.0,0.324315,163.0,0.437261,83.0,0.437261,0.08142,,,,,,,,,,,,,,,,,
1.0,Brendon & Jackson,TARAU5,175.0,0.264323,191.0,0.274071,236.0,0.461606,70.0,0.264323,0.09079,,0.257017,184.0,0.37963,72.0,0.363353,122.0,0.257017,0.05437,,,,,,,,,,,,,,,,,
2.0,Ashleigh & Amanda,TARAU5,176.0,0.440499,74.0,0.35663,113.0,0.202871,215.0,0.35663,0.0984,,0.520869,51.0,0.279493,234.0,0.199638,203.0,0.279493,0.13656,,,,,,,,,,,,,,,,,
3.0,Jaskirat & Anurag,TARAU5,177.0,0.295178,170.0,0.369299,96.0,0.335523,138.0,0.335523,0.0303,,0.222114,210.0,0.340877,129.0,0.437009,84.0,0.437009,0.08789,,,,,,,,,,,,,,,,,
1.0,Heath & Toni,TARAU6,178.0,0.344914,130.0,0.311072,184.0,0.344014,132.0,0.344914,0.01575,,0.438293,94.0,0.345343,121.0,0.216364,197.0,0.438293,0.091,,,,,,,,,,,,,,,,,
2.0,Angel & Frankie,TARAU6,179.0,0.475279,57.0,0.36925,97.0,0.155471,243.0,0.36925,0.13301,,0.388435,115.0,0.37261,81.0,0.238955,183.0,0.37261,0.06705,,,,,,,,,,,,,,,,,
3.0,Kelly & Georgia,TARAU6,180.0,0.179807,246.0,0.319678,166.0,0.500515,53.0,0.500515,0.13128,,0.173272,232.0,0.282047,230.0,0.544681,50.0,0.544681,0.1559,,,,,,,,,,,,,,,,,
1.0,Darren & Tristan,TARAU7,181.0,0.437817,78.0,0.335074,141.0,0.227109,200.0,0.437817,0.08603,,0.482379,66.0,0.323038,167.0,0.194583,206.0,0.482379,0.11772,,,,,,,,,,,,,,,,,
1.0,Emma & Hayley,TARAU7,182.0,0.263012,193.0,0.325067,154.0,0.411921,98.0,0.263012,0.06107,,0.274215,173.0,0.352504,110.0,0.373281,119.0,0.274215,0.04265,,,,,,,,,,,,,,,,,
1.0,Alli & Angie,TARAU7,183.0,0.299171,164.0,0.339859,134.0,0.36097,118.0,0.299171,0.02565,,0.243406,194.0,0.324458,162.0,0.432136,90.0,0.243406,0.0773,,,,,,,,,,,,,,,,,
1.0,Bam Bam & Logan,TARAU8,184.0,0.436613,79.0,0.352302,117.0,0.211085,209.0,0.436613,0.09304,,0.420009,102.0,0.461996,21.0,0.117995,255.0,0.420009,0.15323,,,,,,,,,,,,,,,,,
2.0,Billy & Oscar,TARAU8,185.0,0.093876,286.0,0.248182,259.0,0.657942,17.0,0.248182,0.23802,,0.018266,292.0,0.156869,293.0,0.824865,6.0,0.156869,0.35214,,,,,,,,,,,,,,,,,
3.0,Brooke & Adam,TARAU8,186.0,0.469511,61.0,0.399516,64.0,0.130973,260.0,0.130973,0.14592,,0.561725,39.0,0.381135,71.0,0.05714,285.0,0.05714,0.20875,,,,,,,,,,,,,,,,,
1.0,Steve & Bernie,TARAU9,187.0,0.319879,149.0,0.324559,156.0,0.355562,122.0,0.319879,0.01583,,0.29989,161.0,0.392507,52.0,0.307603,142.0,0.29989,0.04196,,,,,,,,,,,,,,,,,
2.0,Rob & Georgie,TARAU9,188.0,0.441604,71.0,0.36223,107.0,0.196166,218.0,0.36223,0.10226,,0.532365,49.0,0.314923,185.0,0.152712,237.0,0.314923,0.15554,,,,,,,,,,,,,,,,,
3.0,Aesha & Scott,TARAU9,189.0,0.238517,211.0,0.313211,179.0,0.448272,77.0,0.448272,0.08681,,0.167745,234.0,0.29257,216.0,0.539685,51.0,0.539685,0.15456,,,,,,,,,,,,,,,,,
1.0,Charlie & Rachel,TARCR1,190.0,0.448375,68.0,0.424764,36.0,0.126861,264.0,0.448375,0.14632,,0.448268,90.0,0.416884,33.0,0.134848,243.0,0.448268,0.14093,,,,,,,,,,,,,,,,,
2.0,Rick & Josh,TARCR1,191.0,0.481386,51.0,0.41752,42.0,0.101094,272.0,0.41752,0.16627,,0.513772,57.0,0.369571,87.0,0.116657,256.0,0.369571,0.16413,,,,,,,,,,,,,,,,,
3.0,Deepak & Naresh,TARCR1,192.0,0.070239,295.0,0.157716,294.0,0.772045,5.0,0.772045,0.31226,,0.03796,285.0,0.213545,282.0,0.748495,12.0,0.748495,0.30219,,,,,,,,,,,,,,,,,
1.0,Lily & Jan,TARCR2,193.0,0.451143,66.0,0.402518,55.0,0.146339,249.0,0.451143,0.13371,,0.515067,56.0,0.368518,91.0,0.116415,257.0,0.515067,0.16464,,,,,,,,,,,,,,,,,
2.0,Simon & Katherine,TARCR2,194.0,0.078885,292.0,0.288205,225.0,0.63291,23.0,0.288205,0.22842,,0.038146,284.0,0.213624,281.0,0.74823,13.0,0.213624,0.302,,,,,,,,,,,,,,,,,
3.0,Sun Bin & Hao Fei'er,TARCR2,195.0,0.469972,60.0,0.309277,186.0,0.220751,203.0,0.220751,0.10316,,0.446787,92.0,0.417858,32.0,0.135355,242.0,0.135355,0.14049,,,,,,,,,,,,,,,,,
1.0,Liu Weiwei & Lei Sheng,TARCR3,196.0,0.469303,62.0,0.34514,124.0,0.185557,220.0,0.469303,0.11614,,0.430314,97.0,0.337317,138.0,0.232369,188.0,0.430314,0.08086,,,,,,,,,,,,,,,,,
2.0,Christine & Steven,TARCR3,197.0,0.159143,253.0,0.245018,263.0,0.595839,33.0,0.245018,0.1889,,0.139373,247.0,0.325366,161.0,0.535261,55.0,0.325366,0.16172,,,,,,,,,,,,,,,,,
3.0,Ryan & Charlie,TARCR3,198.0,0.371554,114.0,0.409842,49.0,0.218604,204.0,0.218604,0.08262,,0.430314,97.0,0.337317,138.0,0.232369,188.0,0.232369,0.08086,,,,,,,,,,,,,,,,,
1.0,Patrícia & Sane,TARBR1,199.0,0.173501,247.0,0.38783,72.0,0.438669,83.0,0.173501,0.11491,,0.131954,251.0,0.291779,217.0,0.576267,47.0,0.131954,0.18375,,,,,,,,,,,,,,,,,
2.0,Jonatas & Rafael,TARBR1,200.0,0.324906,145.0,0.268048,244.0,0.407046,102.0,0.268048,0.05706,,0.300405,160.0,0.389158,61.0,0.310437,141.0,0.389158,0.03969,,,,,,,,,,,,,,,,,
3.0,Perri & Maristela,TARBR1,201.0,0.501593,42.0,0.344122,127.0,0.154285,244.0,0.154285,0.14199,,0.567641,36.0,0.319063,175.0,0.113296,259.0,0.113296,0.18576,,,,,,,,,,,,,,,,,
1.0,Shay & Guy,TARIL1,202.0,0.335351,135.0,0.320059,164.0,0.34459,131.0,0.335351,0.01012,,0.451919,82.0,0.338322,136.0,0.209759,200.0,0.451919,0.09892,,,,,,,,,,,,,,,,,
2.0,Maya & Amichay,TARIL1,203.0,0.508089,39.0,0.362113,108.0,0.129798,262.0,0.362113,0.15577,,0.394129,112.0,0.331097,150.0,0.274774,161.0,0.331097,0.04875,,,,,,,,,,,,,,,,,
3.0,Tom & Gil,TARIL1,204.0,0.15656,257.0,0.317828,172.0,0.525612,47.0,0.525612,0.15106,,0.153952,240.0,0.330581,151.0,0.515467,59.0,0.515467,0.1476,,,,,,,,,,,,,,,,,
1.0,Bar & Inna,TARIL2,205.0,0.151494,262.0,0.171213,292.0,0.677293,13.0,0.151494,0.24335,,0.135071,249.0,0.221385,276.0,0.643544,28.0,0.135071,0.22216,,,,,,,,,,,,,,,,,
2.0,Alon & Oren,TARIL2,206.0,0.54633,33.0,0.377386,84.0,0.076284,285.0,0.377386,0.19441,,0.493634,61.0,0.365646,94.0,0.14072,241.0,0.365646,0.14588,,,,,,,,,,,,,,,,,
3.0,Anaelle & Akiva,TARIL2,207.0,0.302176,161.0,0.451401,21.0,0.246423,189.0,0.246423,0.08653,,0.371295,125.0,0.412969,38.0,0.215736,198.0,0.215736,0.08488,,,,,,,,,,,,,,,,,
1.0,Talia & Koby,TARIL3,208.0,0.324518,147.0,0.315887,174.0,0.359595,119.0,0.324518,0.0189,,0.312405,152.0,0.386747,64.0,0.300848,147.0,0.312405,0.03806,,,,,,,,,,,,,,,,,
2.0,Romi & Coral,TARIL3,209.0,0.426253,86.0,0.394632,68.0,0.179115,227.0,0.394632,0.10981,,0.487741,64.0,0.27548,236.0,0.236779,185.0,0.27548,0.11032,,,,,,,,,,,,,,,,,
3.0,Ma'Ayan & Bat-El,TARIL3,210.0,0.249229,205.0,0.289481,224.0,0.46129,71.0,0.46129,0.09196,,0.199854,220.0,0.337773,137.0,0.462373,71.0,0.462373,0.10722,,,,,,,,,,,,,,,,,
1.0,Shay & Shani,TARIL4,211.0,0.16327,250.0,0.414708,46.0,0.422022,94.0,0.16327,0.12029,,0.147748,244.0,0.409731,41.0,0.442521,80.0,0.147748,0.13191,,,,,,,,,,,,,,,,,
2.0,Tom & Uriel,TARIL4,212.0,0.609114,19.0,0.259734,254.0,0.131152,259.0,0.259734,0.20195,,0.674718,14.0,0.220314,279.0,0.104968,265.0,0.220314,0.24595,,,,,,,,,,,,,,,,,
3.0,Yochi & Linor,TARIL4,213.0,0.227616,221.0,0.325558,153.0,0.446826,80.0,0.446826,0.08966,,0.177534,231.0,0.369955,84.0,0.452511,78.0,0.452511,0.11521,,,,,,,,,,,,,,,,,
1.0,Amit & Raz,TARIL5,214.0,0.453051,65.0,0.297057,203.0,0.249892,186.0,0.453051,0.08682,,0.456259,81.0,0.390442,58.0,0.153299,235.0,0.456259,0.13011,,,,,,,,,,,,,,,,,
2.0,Lee & Tal,TARIL5,215.0,0.217771,229.0,0.301343,198.0,0.480886,60.0,0.301343,0.10977,,0.1316,252.0,0.258275,253.0,0.610125,39.0,0.258275,0.20244,,,,,,,,,,,,,,,,,
3.0,Josie & Alex,TARIL5,216.0,0.329178,140.0,0.4016,58.0,0.269222,178.0,0.269222,0.05412,,0.412141,105.0,0.351283,113.0,0.236576,186.0,0.236576,0.07279,,,,,,,,,,,,,,,,,
1.0,Evelin & Tohar,TARIL6,217.0,0.254587,199.0,0.319839,165.0,0.425574,92.0,0.254587,0.07045,,0.1935,226.0,0.332388,145.0,0.474112,66.0,0.1935,0.11456,,,,,,,,,,,,,,,,,
2.0,Daniel & Eliyahu,TARIL6,218.0,0.406191,99.0,0.279863,231.0,0.313946,156.0,0.279863,0.05336,,0.553853,43.0,0.260957,251.0,0.18519,218.0,0.260957,0.15897,,,,,,,,,,,,,,,,,
3.0,Helen & Regev,TARIL6,219.0,0.339222,134.0,0.400298,61.0,0.26048,182.0,0.26048,0.05723,,0.252647,186.0,0.406655,44.0,0.340698,131.0,0.340698,0.06309,,,,,,,,,,,,,,,,,
1.0,Tia & Fay,TARIL7,220.0,0.260036,195.0,0.295268,208.0,0.444696,82.0,0.260036,0.08005,,0.248449,190.0,0.329173,156.0,0.422378,93.0,0.248449,0.07107,,,,,,,,,,,,,,,,,
2.0,Ariel & Karin,TARIL7,221.0,0.145621,265.0,0.387953,71.0,0.466426,66.0,0.387953,0.13654,,0.194914,222.0,0.412702,39.0,0.392384,109.0,0.412702,0.09823,,,,,,,,,,,,,,,,,
3.0,Haviv & Itzhak,TARIL7,222.0,0.594343,21.0,0.316779,173.0,0.088878,277.0,0.088878,0.20669,,0.556637,40.0,0.258125,254.0,0.185238,217.0,0.185238,0.16068,,,,,,,,,,,,,,,,,
1.0,Yael & Yosiel,TARIL8,223.0,0.446938,69.0,0.403852,54.0,0.14921,248.0,0.446938,0.13138,,0.481133,68.0,0.338813,134.0,0.180054,221.0,0.481133,0.12298,,,,,,,,,,,,,,,,,
2.0,Nata & Assaf,TARIL8,224.0,0.372055,113.0,0.401666,57.0,0.226279,201.0,0.401666,0.07666,,0.382561,122.0,0.333584,144.0,0.283855,155.0,0.333584,0.0403,,,,,,,,,,,,,,,,,
3.0,Neta & Omer,TARIL8,225.0,0.181007,244.0,0.194482,286.0,0.624511,27.0,0.624511,0.20597,,0.136306,248.0,0.327603,157.0,0.536091,54.0,0.536091,0.16326,,,,,,,,,,,,,,,,,
1.0,Lee & Anne,TARIL9,226.0,0.511298,38.0,0.328104,149.0,0.160598,240.0,0.511298,0.14322,,0.601277,27.0,0.274588,237.0,0.124135,252.0,0.601277,0.19917,,,,,,,,,,,,,,,,,
2.0,Inbar & Avishai,TARIL9,227.0,0.196685,240.0,0.322,162.0,0.481315,59.0,0.322,0.11648,,0.105551,264.0,0.298313,209.0,0.596136,44.0,0.298313,0.20181,,,,,,,,,,,,,,,,,
3.0,Lior & Sapir,TARIL9,228.0,0.292017,174.0,0.349896,118.0,0.358087,120.0,0.358087,0.02941,,0.293172,167.0,0.427099,29.0,0.279729,156.0,0.279729,0.06653,,,,,,,,,,,,,,,,,
1.0,Tamara & Matías,TARLA1,229.0,0.433913,81.0,0.420956,39.0,0.145131,250.0,0.433913,0.13318,,0.385386,118.0,0.318749,176.0,0.295866,150.0,0.385386,0.03797,,,,,,,,,,,,,,,,,
2.0,Daniel & David,TARLA1,230.0,0.27071,187.0,0.319416,167.0,0.409874,101.0,0.319416,0.05766,,0.229229,201.0,0.362502,95.0,0.408269,100.0,0.362502,0.07595,,,,,,,,,,,,,,,,,
3.0,Ferna & Fran,TARLA1,231.0,0.295377,169.0,0.259628,255.0,0.444995,81.0,0.444995,0.08029,,0.385386,118.0,0.318749,176.0,0.295866,150.0,0.295866,0.03797,,,,,,,,,,,,,,,,,
1.0,Carlos & Mauricio,TARLA2,232.0,0.424058,89.0,0.518145,6.0,0.057797,291.0,0.424058,0.19858,,0.405294,106.0,0.592705,4.0,0.002001,299.0,0.405294,0.24646,,,,,,,,,,,,,,,,,
2.0,Toño & Lili,TARLA2,233.0,0.541596,35.0,0.397139,66.0,0.061265,290.0,0.397139,0.20122,,0.594704,30.0,0.4045945,46.0,0.0007015,300.0,0.4045945,0.24768,,,,,,,,,,,,,,,,,
3.0,Aleandra & Marlene,TARLA2,234.0,0.034346,300.0,0.084716,300.0,0.880938,1.0,0.880938,0.38776,,2e-06,300.0,0.0027005,300.0,0.9972975,1.0,0.9972975,0.46949,,,,,,,,,,,,,,,,,
1.0,Nicolás & Cristóbal,TARLA3,235.0,0.415213,91.0,0.447005,26.0,0.137782,252.0,0.415213,0.13888,,0.490823,62.0,0.406877,42.0,0.1023,268.0,0.490823,0.16692,,,,,,,,,,,,,,,,,
2.0,Felipe & Alejandro,TARLA3,236.0,0.429598,83.0,0.406227,51.0,0.164175,239.0,0.406227,0.11999,,0.401647,108.0,0.345305,122.0,0.253048,169.0,0.345305,0.06125,,,,,,,,,,,,,,,,,
3.0,Maxi & Demi,TARLA3,237.0,0.155189,259.0,0.146768,296.0,0.698043,10.0,0.698043,0.25791,,0.10753,262.0,0.247818,260.0,0.644652,27.0,0.644652,0.22746,,,,,,,,,,,,,,,,,
1.0,Daniel & César,TARLA4,238.0,0.148835,263.0,0.171702,291.0,0.679463,12.0,0.148835,0.24493,,0.0936,268.0,0.27162,241.0,0.63478,33.0,0.0936,0.2252,,,,,,,,,,,,,,,,,
2.0,Fer & Ferds,TARLA4,239.0,0.413181,93.0,0.450109,22.0,0.13671,253.0,0.450109,0.13985,,0.50794,58.0,0.344626,123.0,0.147434,240.0,0.344626,0.14739,,,,,,,,,,,,,,,,,
3.0,Edu & Rick,TARLA4,240.0,0.437984,77.0,0.378189,81.0,0.183827,223.0,0.183827,0.1085,,0.39846,109.0,0.383754,68.0,0.217786,196.0,0.217786,0.08192,,,,,,,,,,,,,,,,,
1.0,Ezequiel & Tobías,TARLA5,241.0,0.326061,144.0,0.24332,267.0,0.430619,89.0,0.326061,0.07664,,0.348483,134.0,0.299175,208.0,0.352342,127.0,0.348483,0.0242,,,,,,,,,,,,,,,,,
2.0,Darío & Esther,TARLA5,242.0,0.366718,119.0,0.394874,67.0,0.238408,197.0,0.394874,0.0681,,0.29909,162.0,0.314006,187.0,0.386904,113.0,0.314006,0.03837,,,,,,,,,,,,,,,,,
3.0,Karina & Braian,TARLA5,243.0,0.307221,155.0,0.361806,109.0,0.330973,145.0,0.330973,0.02235,,0.352427,132.0,0.386819,63.0,0.260754,168.0,0.260754,0.05321,,,,,,,,,,,,,,,,,
1.0,Giovanni & Juan Carlos,TARLA6,244.0,0.327179,142.0,0.416347,45.0,0.256474,184.0,0.327179,0.06541,,0.315943,149.0,0.456436,23.0,0.227621,190.0,0.315943,0.09422,,,,,,,,,,,,,,,,,
2.0,Javier & Nicolas,TARLA6,245.0,0.475315,56.0,0.322727,159.0,0.201958,216.0,0.322727,0.11185,,0.569935,35.0,0.295768,211.0,0.134297,244.0,0.295768,0.17982,,,,,,,,,,,,,,,,,
3.0,Juan & Cecilia,TARLA6,246.0,0.197506,238.0,0.260926,250.0,0.541568,45.0,0.541568,0.1495,,0.114122,259.0,0.247796,261.0,0.638082,30.0,0.638082,0.22229,,,,,,,,,,,,,,,,,
1.0,Morten & Truls,TARNO1,247.0,0.441084,72.0,0.385736,73.0,0.17318,232.0,0.441084,0.11548,,0.448881,89.0,0.382875,69.0,0.168244,227.0,0.448881,0.11981,,,,,,,,,,,,,,,,,
2.0,Karim & Khabat,TARNO1,248.0,0.403825,101.0,0.322263,161.0,0.273912,175.0,0.322263,0.05361,,0.456888,80.0,0.349011,117.0,0.194101,208.0,0.349011,0.10785,,,,,,,,,,,,,,,,,
3.0,Cathrine & Michelle,TARNO1,249.0,0.155091,260.0,0.292001,215.0,0.552908,41.0,0.552908,0.16502,,0.094231,267.0,0.268114,244.0,0.637655,31.0,0.637655,0.22659,,,,,,,,,,,,,,,,,
1.0,Omar & Bilal,TARNO2,250.0,0.597291,20.0,0.269517,242.0,0.133192,255.0,0.597291,0.19477,,0.712325,9.0,0.256364,255.0,0.031311,292.0,0.712325,0.2833,,,,,,,,,,,,,,,,,
2.0,Sveinung & Solfrid,TARNO2,251.0,0.310512,154.0,0.451705,20.0,0.237783,198.0,0.451705,0.08881,,0.273038,175.0,0.579047,5.0,0.147915,238.0,0.579047,0.1811,,,,,,,,,,,,,,,,,
3.0,Cecilie & Camilla,TARNO2,252.0,0.092197,287.0,0.278778,232.0,0.629025,25.0,0.629025,0.22253,,0.014637,295.0,0.164589,292.0,0.820774,7.0,0.820774,0.35007,,,,,,,,,,,,,,,,,
1.0,Baggio & Thành Phúc,TARVN1,253.0,0.505794,40.0,0.335386,139.0,0.15882,241.0,0.505794,0.14166,,0.62906,22.0,0.282434,229.0,0.088506,273.0,0.62906,0.2236,,,,,,,,,,,,,,,,,
2.0,Minh Hoàng & Phương Thảo,TARVN1,254.0,0.196839,239.0,0.319049,169.0,0.484112,57.0,0.319049,0.11771,,0.105928,263.0,0.262239,249.0,0.631833,35.0,0.262239,0.22051,,,,,,,,,,,,,,,,,
3.0,Thành Chung & Thanh Bằng,TARVN1,255.0,0.297367,165.0,0.345565,123.0,0.357068,121.0,0.357068,0.02586,,0.265012,179.0,0.455327,24.0,0.279661,157.0,0.279661,0.08647,,,,,,,,,,,,,,,,,
1.0,Diệp Lâm Anh & Thu Hiền,TARVN2,256.0,0.370683,115.0,0.384997,75.0,0.24432,192.0,0.370683,0.06321,,0.450917,85.0,0.416052,35.0,0.133031,246.0,0.450917,0.14235,,,,,,,,,,,,,,,,,
2.0,Linh Chi & Phúc Vinh,TARVN2,257.0,0.505597,41.0,0.371227,91.0,0.123176,265.0,0.371227,0.15841,,0.467361,75.0,0.341364,127.0,0.191275,213.0,0.341364,0.11285,,,,,,,,,,,,,,,,,
3.0,Đức Hưng & Thùy Dung,TARVN2,258.0,0.12372,274.0,0.243776,266.0,0.632504,24.0,0.632504,0.21715,,0.081722,272.0,0.242584,264.0,0.675694,23.0,0.675694,0.25083,,,,,,,,,,,,,,,,,
1.0,Hương Giang & Criss,TARVN3,259.0,0.627864,16.0,0.259853,252.0,0.112283,268.0,0.627864,0.2168,,0.606068,24.0,0.307082,196.0,0.08685,274.0,0.606068,0.21278,,,,,,,,,,,,,,,,,
2.0,Trang Trần & Hiếu Nguyễn,TARVN3,260.0,0.304209,158.0,0.562761,2.0,0.13303,256.0,0.562761,0.17664,,0.370056,126.0,0.52606,11.0,0.103884,266.0,0.52606,0.1743,,,,,,,,,,,,,,,,,
3.0,Trang Khiếu & An Đinh,TARVN3,261.0,0.067927,296.0,0.177386,290.0,0.754687,7.0,0.754687,0.30127,,0.023876,291.0,0.166858,289.0,0.809266,9.0,0.809266,0.34156,,,,,,,,,,,,,,,,,
1.0,Ngọc Anh & Nhật Anh,TARVN4,262.0,0.649121,10.0,0.26304,248.0,0.087839,278.0,0.649121,0.23447,,0.640608,19.0,0.234547,270.0,0.124845,251.0,0.640608,0.22184,,,,,,,,,,,,,,,,,
2.0,Lincoln & Chí Thành,TARVN4,263.0,0.253566,201.0,0.50503,9.0,0.241404,194.0,0.50503,0.12151,,0.234547,199.0,0.530906,10.0,0.234547,187.0,0.530906,0.1397,,,,,,,,,,,,,,,,,
3.0,Băng Di & Trang Pháp,TARVN4,264.0,0.097313,284.0,0.23193,276.0,0.670757,14.0,0.670757,0.24484,,0.124845,255.0,0.234547,270.0,0.640608,29.0,0.640608,0.22184,,,,,,,,,,,,,,,,,
1.0,Lincoln & Tiến Đạt,TARVN5,265.0,0.704729,4.0,0.263941,247.0,0.03133,298.0,0.704729,0.27926,,0.717354,8.0,0.239964,266.0,0.042682,289.0,0.717354,0.28324,,,,,,,,,,,,,,,,,
2.0,Hương Giang & Criss,TARVN5,266.0,0.201121,236.0,0.293692,212.0,0.505187,50.0,0.293692,0.12726,,0.196605,221.0,0.39123,56.0,0.412165,99.0,0.39123,0.09706,,,,,,,,,,,,,,,,,
3.0,Phúc Vinh & Thùy Dung,TARVN5,267.0,0.09415,285.0,0.442367,28.0,0.463483,68.0,0.463483,0.16935,,0.086041,270.0,0.368806,90.0,0.545153,49.0,0.545153,0.1891,,,,,,,,,,,,,,,,,
1.0,Lệ Hằng & H'Hen Niê,TARVN6,268.0,0.161242,251.0,0.291132,219.0,0.547626,42.0,0.161242,0.16054,,0.194157,225.0,0.331145,149.0,0.474698,65.0,0.194157,0.11454,,,,,,,,,,,,,,,,,
2.0,ST Sơn Thạch & Bình An,TARVN6,269.0,0.653148,9.0,0.289942,221.0,0.05691,292.0,0.289942,0.24534,,0.57963,34.0,0.289635,224.0,0.130735,248.0,0.289635,0.18585,,,,,,,,,,,,,,,,,
3.0,Lê Xuân Tiền & Đỗ Mỹ Linh,TARVN6,270.0,0.18561,242.0,0.418926,40.0,0.395464,108.0,0.395464,0.10489,,0.226213,203.0,0.37922,73.0,0.394567,107.0,0.394567,0.076,,,,,,,,,,,,,,,,,
1.0,Anthony & Sonja,TARFR1,271.0,0.405696,100.0,0.298453,200.0,0.295851,167.0,0.405696,0.05118,,0.401936,107.0,0.307662,194.0,0.290402,153.0,0.401936,0.04902,,,,,,,,,,,,,,,,,
2.0,Hadj & Yacim,TARFR1,272.0,0.293238,172.0,0.303695,193.0,0.403067,106.0,0.303695,0.04949,,0.307845,157.0,0.385388,66.0,0.306767,143.0,0.385388,0.03681,,,,,,,,,,,,,,,,,
3.0,Alice & Stéphanie,TARFR1,273.0,0.301066,163.0,0.397852,65.0,0.301082,164.0,0.301082,0.04562,,0.290219,170.0,0.30695,197.0,0.402831,105.0,0.402831,0.04961,,,,,,,,,,,,,,,,,
1.0,LJ & CJ,TARPH1,274.0,0.110663,279.0,0.432238,32.0,0.457099,73.0,0.110663,0.15778,,0.056307,281.0,0.313863,188.0,0.62983,36.0,0.056307,0.23454,,,,,,,,,,,,,,,,,
2.0,Fausto & Dayal,TARPH1,275.0,0.230781,215.0,0.27399,237.0,0.495229,54.0,0.27399,0.11583,,0.310087,154.0,0.390392,59.0,0.299521,148.0,0.390392,0.04058,,,,,,,,,,,,,,,,,
3.0,Marc & Kat,TARPH1,276.0,0.658556,8.0,0.293772,211.0,0.047672,293.0,0.047672,0.25096,,0.633606,21.0,0.295745,212.0,0.070649,280.0,0.070649,0.23136,,,,,,,,,,,,,,,,,
1.0,Matt & Phoebe,TARPH2,277.0,0.635219,13.0,0.291645,216.0,0.073136,286.0,0.635219,0.23136,,0.678787,13.0,0.264207,248.0,0.057006,286.0,0.678787,0.2585,,,,,,,,,,,,,,,,,
2.0,JP & Kelvin,TARPH2,278.0,0.107427,280.0,0.231891,277.0,0.660682,16.0,0.231891,0.23698,,0.120923,257.0,0.29086,220.0,0.588217,46.0,0.29086,0.19312,,,,,,,,,,,,,,,,,
3.0,Eji & Roch,TARPH2,279.0,0.257354,197.0,0.476464,13.0,0.266182,179.0,0.266182,0.10127,,0.20029,219.0,0.444933,27.0,0.354777,126.0,0.354777,0.10102,,,,,,,,,,,,,,,,,
1.0,Valeria & Bohdana,TARUA1,280.0,0.544936,34.0,0.35276,116.0,0.102304,271.0,0.544936,0.18123,,0.651302,17.0,0.268752,243.0,0.079946,276.0,0.651302,0.23768,,,,,,,,,,,,,,,,,
2.0,Alexey & Olena,TARUA1,281.0,0.15151,261.0,0.235231,274.0,0.613259,31.0,0.235231,0.20087,,0.035365,286.0,0.215826,280.0,0.748808,11.0,0.215826,0.30288,,,,,,,,,,,,,,,,,
3.0,Constantine & Jacob,TARUA1,282.0,0.303554,160.0,0.412009,48.0,0.284437,170.0,0.284437,0.05618,,0.313333,151.0,0.515422,14.0,0.171245,223.0,0.171245,0.14122,,,,,,,,,,,,,,,,,
1.0,Zhong Hanliang & Jackie,TARCN1,283.0,0.331038,137.0,0.518289,5.0,0.150673,246.0,0.331038,0.15009,,0.389927,114.0,0.567922,7.0,0.042151,290.0,0.389927,0.21834,,,,,,,,,,,,,,,,,
2.0,Li Xiaopeng & Li Anqi,TARCN1,284.0,0.582734,24.0,0.373288,86.0,0.043978,294.0,0.373288,0.22175,,0.597209,29.0,0.308118,193.0,0.094673,272.0,0.308118,0.20593,,,,,,,,,,,,,,,,,
3.0,Bai Jugang & Guan Xiaotong,TARCN1,285.0,0.086228,290.0,0.108423,299.0,0.805349,3.0,0.805349,0.33389,,0.012864,296.0,0.12396,295.0,0.863176,5.0,0.863176,0.37739,,,,,,,,,,,,,,,,,
1.0,Han Geng & Wu Xin,TARCN2,286.0,0.467055,63.0,0.363654,106.0,0.169291,236.0,0.467055,0.12344,,0.541089,46.0,0.351369,111.0,0.107542,263.0,0.541089,0.17745,,,,,,,,,,,,,,,,,
2.0,Yang Qianhua & Ding Zigao,TARCN2,287.0,0.41007,96.0,0.40547,52.0,0.18446,222.0,0.40547,0.10529,,0.385172,120.0,0.416779,34.0,0.19805,204.0,0.416779,0.09653,,,,,,,,,,,,,,,,,
3.0,Xiao Yang & Wang Taili,TARCN2,288.0,0.122875,275.0,0.230876,278.0,0.646249,21.0,0.646249,0.22562,,0.07374,278.0,0.231853,272.0,0.694408,21.0,0.694408,0.26335,,,,,,,,,,,,,,,,,
1.0,Guo Jingjing & Huo Qigang,TARCN3,289.0,0.218739,227.0,0.370484,93.0,0.410777,100.0,0.218739,0.08268,,0.194244,223.0,0.378799,74.0,0.426957,92.0,0.194244,0.1003,,,,,,,,,,,,,,,,,
2.0,Jin Dachuan & Liu Chang,TARCN3,290.0,0.541478,36.0,0.329296,147.0,0.129226,263.0,0.329296,0.16833,,0.541483,45.0,0.249305,259.0,0.209212,201.0,0.249305,0.14809,,,,,,,,,,,,,,,,,
3.0,Liu Xiang & Xu Qifeng,TARCN3,291.0,0.239783,210.0,0.30022,199.0,0.459997,72.0,0.459997,0.0929,,0.264273,180.0,0.371896,82.0,0.363831,121.0,0.363831,0.04894,,,,,,,,,,,,,,,,,
1.0,Jia Jingwen & Xiu Jiekai,TARCN4,292.0,0.426194,87.0,0.242006,269.0,0.3318,144.0,0.426194,0.0752,,0.471496,73.0,0.28053,231.0,0.247975,177.0,0.471496,0.0986,,,,,,,,,,,,,,,,,
2.0,Zheng Yuanchang & Wang Likun,TARCN4,293.0,0.324547,146.0,0.34068,131.0,0.334773,140.0,0.34068,0.00666,,0.264252,181.0,0.359735,98.0,0.376013,116.0,0.359735,0.0493,,,,,,,,,,,,,,,,,
3.0,Wu Minxia & Zhang Xiaocheng,TARCN4,294.0,0.249259,204.0,0.417314,43.0,0.333427,143.0,0.333427,0.06861,,0.264252,181.0,0.359735,98.0,0.376013,116.0,0.376013,0.0493,,,,,,,,,,,,,,,,,
1.0,Kaisa & Mari,TARFN1,295.0,0.306245,156.0,0.458599,18.0,0.235156,199.0,0.306245,0.09321,,0.222823,208.0,0.369866,85.0,0.407311,101.0,0.222823,0.07962,,,,,,,,,,,,,,,,,
2.0,Tuukka & Sami,TARFN1,296.0,0.292155,173.0,0.370382,94.0,0.337463,135.0,0.370382,0.03207,,0.222823,208.0,0.369866,85.0,0.407311,101.0,0.369866,0.07962,,,,,,,,,,,,,,,,,
3.0,Janne & Robin,TARFN1,297.0,0.4016,102.0,0.171019,293.0,0.427381,91.0,0.427381,0.11526,,0.554355,42.0,0.260267,252.0,0.185378,216.0,0.185378,0.15925,,,,,,,,,,,,,,,,,
1.0,Metti & Hanna,TARFN2,298.0,0.334777,136.0,0.349577,119.0,0.315646,153.0,0.334777,0.01389,,0.332634,144.0,0.330162,154.0,0.337204,132.0,0.332634,0.00292,,,,,,,,,,,,,,,,,
2.0,Mimosa & Patrick,TARFN2,299.0,0.424226,88.0,0.365288,102.0,0.210486,211.0,0.365288,0.09014,,0.420617,101.0,0.353187,107.0,0.226196,192.0,0.353187,0.0806,,,,,,,,,,,,,,,,,
3.0,Elias & Matias,TARFN2,300.0,0.240997,209.0,0.285135,228.0,0.473868,64.0,0.473868,0.10099,,0.246749,192.0,0.316651,180.0,0.4366,85.0,0.4366,0.0784,,,,,,,,,,,,,,,,,
,,,301.0,,,,,,,,,,,,,,,,,,,,,,,,,,,,,,,,,,
,,,302.0,,,,,,,,,,,,,,,,,,,,,,,,,,,,,,,,,,
,,,303.0,,,,,,,,,,,,,,,,,,,,,,,,,,,,,,,,,,
,,,304.0,,,,,,,,,,,,,,,,,,,,,,,,,,,,,,,,,,
,,,305.0,,,,,,,,,,,,,,,,,,,,,,,,,,,,,,,,,,
,,,306.0,,,,,,,,,,,,,,,,,,,,,,,,,,,,,,,,,,
