unnamed_0,unnamed_1,unnamed_2,unnamed_3,unnamed_4,unnamed_5,unnamed_6,unnamed_7,unnamed_8,unnamed_9,unnamed_10,unnamed_11,unnamed_12,unnamed_13,unnamed_14,unnamed_15,unnamed_16,unnamed_17,unnamed_18,unnamed_19,unnamed_20,unnamed_21,unnamed_22,unnamed_23,unnamed_24,unnamed_25,unnamed_26,unnamed_27,unnamed_28,unnamed_29,unnamed_30,unnamed_31,unnamed_32,unnamed_33,unnamed_34
,Season (U.S.),# of U-Turns,# of Eliminated U-Turned Teams,,,,,,,,,,,,,,,,,,,,,,,,,,,,,,,
,12,1,1,,,,,,,,,,,,,,,,,,,,,,,,,,,,,,,
,13,0,0,,,,,,,,,,,,,,,,,,,,,,,,,,,,,,,
,14,2,2,,,,,,,,,,,,,,,,,,,,,,,,,,,,,,,
,15,0,0,,,,,,,,,,,,,,,,,,,,,,,,,,,,,,,
,16,2,2,,,,,,,,,,,,,,,,,,,,,,,,,,,,,,,
,17,2,1,,,,,,,,,,,,,,,,,,,,,,,,,,,,,,,
,18,3,2,,,,,,,,,,,,,,,,,,,,,,,,,,,,,,,
,19,2,1,,,,,,,,,,,,,,,,,,,,,,,,,,,,,,,
,20,2,0,,,,,,,,,,,,,,,,,,,,,,,,,,,,,,,
,21,2,1,,,,,,,,,,,,,,,,,,,,,,,,,,,,,,,
,22,4,1,,,,,,,,,,,,,,,,,,,,,,,,,,,,,,,
,23,4,2,,,,,,,,,,,,,,,,,,,,,,,,,,,,,,,
,24,3,1,,,,,,,,,,,,,,,,,,,,,,,,,,,,,,,
,25,1,1,,,,,,,,,,,,,,,,,,,,,,,,,,,,,,,
,26,3,2,,,,,,,,,,,,,,,,,,,,,,,,,,,,,,,
,27,2,1,,,,,,,,,,,,,,,,,,,,,,,,,,,,,,,
,28,1,1,,,,,,,,,,,,,,,,,,,,,,,,,,,,,,,
,29,5,3,,,,,,,,,,,,,,,,,,,,,,,,,,,,,,,
,30,3,1,,,,,,,,,,,,,,,,,,,,,,,,,,,,,,,
,31,6,2,,,,,,,,,,,,,,,,,,,,,,,,,,,,,,,
,32,3,2,,,,,,,,,,,,,,,,,,,,,,,,,,,,,,,
,33,0,0,,,,,,,,,,,,,,,,,,,,,,,,,,,,,,,
,34,0,0,,,,,,,,,,,,,,,,,,,,,,,,,,,,,,,
,35,1,0,,,,,,,,,,,,,,,,,,,,,,,,,,,,,,,
,36,0,0,,,,,,,,,,,,,,,,,,,,,,,,,,,,,,,
,37,4,2,,,,,,,,,,,,,,,,,,,,,,,,,,,,,,,
,,Total = 56,Total = 29,,,,,,,,,,,,,,,,,,,,,,,,,,,,,,,
,,U-Turn Survival Rate = 48%,,,,,,,,,,,,,,,,,,,,,,,,,,,,,,,,
,,,,,,,,,,,,,,,,,,,,,,,,,,,,,,,,,,
,,,,,,,,,,,,,,,,,,,,,,,,,,,,,,,,,,
,,,,,,,,,,,,,,,,,,,,,,,,,,,,,,,,,,
,,,,,,,,,,,,,,,,,,,,,,,,,,,,,,,,,,
,,,,,,,,,,,,,,,,,,,,,,,,,,,,,,,,,,
,,,,,,,,,,,,,,,,,,,,,,,,,,,,,,,,,,
,,,,,,,,,,,,,,,,,,,,,,,,,,,,,,,,,,
,,,,,,,,,,,,,,,,,,,,,,,,,,,,,,,,,,
,,,,,,,,,,,,,,,,,,,,,,,,,,,,,,,,,,
,,,,,,,,,,,,,,,,,,,,,,,,,,,,,,,,,,
,,,,,,,,,,,,,,,,,,,,,,,,,,,,,,,,,,
,,,,,,,,,,,,,,,,,,,,,,,,,,,,,,,,,,
,,,,,Season (U.S.),# of Single U-Turn Slots,# of Double U-Turn Slots,Total # of U-Turn Slots,# of Blind U-Turn Slots,# of U-Turn Penalties,# of U-Turn Votes,Total # of U-Turns Availiable,# of Used U-Turn Slots,# of Unaired U-Turn Slots,# of Successfully Used U-Turn Slots,# of times a team was U-Turned,# of Eliminated U-Turns,,,,,,,,,,,,,,,,,
,,,,,TAR12,2,0,2,0,0,0,2,2,0,1,1,1,,,,,,,,,,,,,,,,,
,,,,,TAR13,2,0,2,0,0,0,2,0,1,0,0,0,,,,,,,,,,,,,,,,,
,,,,,TAR14,2,0,2,1,0,0,2,2,0,2,2,2,,,,,,,,,,,,,,,,,
,,,,,TAR15,1,0,1,0,0,0,1,1,1,0,0,0,,,,,,,,,,,,,,,,,
,,,,,TAR16,2,0,2,1,0,0,2,2,0,2,2,2,,,,,,,,,,,,,,,,,
,,,,,TAR17,0,2,2,0,0,0,2,2,0,2,2,1,,,,,,,,,,,,,,,,,
,,,,,TAR18,0,4,4,0,1,0,5,3,0,3,3,2,,,,,,,,,,,,,,,,,
,,,,,TAR19,0,4,4,0,0,0,4,3,0,2,2,1,,,,,,,,,,,,,,,,,
,,,,,TAR20,0,2,2,0,0,0,2,2,0,2,2,0,,,,,,,,,,,,,,,,,
,,,,,TAR21,0,4,4,2,0,0,4,4,0,2,2,1,,,,,,,,,,,,,,,,,
,,,,,TAR22,0,4,4,2,0,0,4,4,0,4,4,1,,,,,,,,,,,,,,,,,
,,,,,TAR23,0,4,4,0,0,0,4,4,0,4,4,2,,,,,,,,,,,,,,,,,
,,,,,TAR24,0,4,4,0,0,0,4,4,0,3,3,1,,,,,,,,,,,,,,,,,
,,,,,TAR25,0,4,4,0,0,0,4,3,1,1,1,1,,,,,,,,,,,,,,,,,
,,,,,TAR26,0,4,4,2,0,0,4,4,0,3,3,2,,,,,,,,,,,,,,,,,
,,,,,TAR27,2,2,4,0,0,0,4,3,0,2,2,1,,,,,,,,,,,,,,,,,
,,,,,TAR28,0,4,4,0,0,0,4,2,2,1,1,1,,,,,,,,,,,,,,,,,
,,,,,TAR29,0,6,6,2,0,0,6,6,0,5,5,3,,,,,,,,,,,,,,,,,
,,,,,TAR30,0,4,4,0,0,0,4,3,0,3,3,1,,,,,,,,,,,,,,,,,
,,,,,TAR31,0,4,4,0,0,2,6,4,0,4,6,2,,,,,,,,,,,,,,,,,
,,,,,TAR32,0,4,4,0,0,0,4,4,0,3,3,2,,,,,,,,,,,,,,,,,
,,,,,TAR33,0,0,0,0,0,0,0,0,0,0,0,0,,,,,,,,,,,,,,,,,
,,,,,TAR34,0,0,0,0,0,0,0,0,0,0,0,0,,,,,,,,,,,,,,,,,
,,,,,TAR35,0,0,0,0,0,1,1,0,0,0,1,0,,,,,,,,,,,,,,,,,
,,,,,TAR36,0,0,0,0,0,0,0,0,0,0,0,0,,,,,,,,,,,,,,,,,
,,,,,TAR37,0,2,2,0,0,2,4,2,0,2,4,2,,,,,,,,,,,,,,,,,
,,,,,,Total = 11,Total = 62,Total = 73,Total = 10,Total = 1,Total = 5,Total = 79,Total = 64,Total = 5,Total = 51,Total = 56,Total = 29,,,,,,,,,,,,,,,,,
,,,,,,,,,,,,,,,,,,,,,,,,,,,,,,,,,,
,,,,,,,,,,,,,,,,,,,Season (U.S.),# of Yields,# of Used Yields,# of Successfully Eliminated Yields,,,,,,,,,,,,
,,,,,,,,,,,,,,,,,,,TAR5,11,1,0,,,,,,,,,,,,
,,,,,,,,,,,,,,,,,,,TAR6,3,2,0,,,,,,,,,,,,
,,,,,,,,,,,,,,,,,,,TAR7,3,1,0,,,,,,,,,,,,
,,,,,,,,,,,,,,,,,,,TAR8,3,2,0,,,,,,,,,,,,
,,,,,,,,,,,,,,,,,,,TAR9,2,2,1,,,,,,,,,,,,
,,,,,,,,,,,,,,,,,,,TAR10,2,1,0,,,,,,,,,,,,
,,,,,,,,,,,,,,,,,,,TAR11,2,2,0,,,,,,,,,,,,
,,,,,,,,,,,,,,,,,,,TAR32,7,3,2,,,,,,,,,,,,
,,,,,,,,,,,,,,,,,,,,Total = 33,Total = 14,Total = 3,,,,,,,,,,,,
,,,,,,,,,,,,,,,,,,,,,,,,,,,,,,,,,,
,,,,,,,,,,,,,,,,,,,,,,,,Season (U.S.),# of Yields Available,# of Yields Used,# of Eliminated Yielded Teams,,,,,,,
,,,,,,,,,,,,,,,,,,,,,,,,5,11,1,0,,,,,,,
,,,,,,,,,,,,,,,,,,,,,,,,6,3,2,0,,,,,,,
,,,,,,,,,,,,,,,,,,,,,,,,7,3,1,0,,,,,,,
,,,,,,,,,,,,,,,,,,,,,,,,8,3,2,0,,,,,,,
,,,,,,,,,,,,,,,,,,,,,,,,9,2,2,1,,,,,,,
,,,,,,,,,,,,,,,,,,,,,,,,10,2,1,0,,,,,,,
,,,,,,,,,,,,,,,,,,,,,,,,11,2,2,0,,,,,,,
,,,,,,,,,,,,,,,,,,,,,,,,32,7,3,2,,,,,,,
,,,,,,,,,,,,,,,,,,,,,,,,,Total = 33,Total = 14,Total = 3,,,,,,,
,,,,,,,,,,,,,,,,,,,,,,,,,Yield Survival Rate = 79%,,,,,,,,,
,,,,,,,,,,,,,,,,,,,,,,,,,,,,,,,,,,
,,,,,,,,,,,,,,,,,,,,,,,,,,,,,Season (U.S.),# of Countries Visited,# of Unique Countries Visited,# of Countries Visited only Once or Twice,# of Continents Visited (out of 7),Distance Traveled
,,,,,,,,,,,,,,,,,,,,,,,,,,,,,TAR1,9,1,2,4,35000
,,,,,,,,,,,,,,,,,,,,,,,,,,,,,TAR2,8,0,1,5,52000
,,,,,,,,,,,,,,,,,,,,,,,,,,,,,TAR3,12,0,0,4,41000
,,,,,,,,,,,,,,,,,,,,,,,,,,,,,TAR4,9,0,0,4,44000
,,,,,,,,,,,,,,,,,,,,,,,,,,,,,TAR5,12,2,4,6,72000
,,,,,,,,,,,,,,,,,,,,,,,,,,,,,TAR6,11,3,4,4,40000
,,,,,,,,,,,,,,,,,,,,,,,,,,,,,TAR7,10,1,3,5,40000
,,,,,,,,,,,,,,,,,,,,,,,,,,,,,TAR8,4,1,2,1,11000
,,,,,,,,,,,,,,,,,,,,,,,,,,,,,TAR9,10,0,1,5,59000
,,,,,,,,,,,,,,,,,,,,,,,,,,,,,TAR10,13,6,6,4,40000
,,,,,,,,,,,,,,,,,,,,,,,,,,,,,TAR11,9,2,2,6,45000
,,,,,,,,,,,,,,,,,,,,,,,,,,,,,TAR12,10,2,5,4,30000
,,,,,,,,,,,,,,,,,,,,,,,,,,,,,TAR13,8,1,2,5,40000
,,,,,,,,,,,,,,,,,,,,,,,,,,,,,TAR14,9,1,1,3,40000
,,,,,,,,,,,,,,,,,,,,,,,,,,,,,TAR15,9,1,2,3,25000
,,,,,,,,,,,,,,,,,,,,,,,,,,,,,TAR16,9,1,1,5,40000
,,,,,,,,,,,,,,,,,,,,,,,,,,,,,TAR17,10,1,3,4,32000
,,,,,,,,,,,,,,,,,,,,,,,,,,,,,TAR18,9,1,1,5,40000
,,,,,,,,,,,,,,,,,,,,,,,,,,,,,TAR19,10,1,4,4,35000
,,,,,,,,,,,,,,,,,,,,,,,,,,,,,TAR20,9,1,2,5,36000
,,,,,,,,,,,,,,,,,,,,,,,,,,,,,TAR21,9,0,2,3,25000
,,,,,,,,,,,,,,,,,,,,,,,,,,,,,TAR22,9,0,0,5,30000
,,,,,,,,,,,,,,,,,,,,,,,,,,,,,TAR23,9,0,0,4,35000
,,,,,,,,,,,,,,,,,,,,,,,,,,,,,TAR24,8,0,1,3,23000
,,,,,,,,,,,,,,,,,,,,,,,,,,,,,TAR25,9,1,2,4,26000
,,,,,,,,,,,,,,,,,,,,,,,,,,,,,TAR26,9,1,3,5,35000
,,,,,,,,,,,,,,,,,,,,,,,,,,,,,TAR27,10,0,2,5,34000
,,,,,,,,,,,,,,,,,,,,,,,,,,,,,TAR28,10,2,2,4,27000
,,,,,,,,,,,,,,,,,,,,,,,,,,,,,TAR29,9,0,0,5,36000
,,,,,,,,,,,,,,,,,,,,,,,,,,,,,TAR30,11,1,4,4,29000
,,,,,,,,,,,,,,,,,,,,,,,,,,,,,TAR31,10,2,3,4,25000
,,,,,,,,,,,,,,,,,,,,,,,,,,,,,TAR32,11,1,3,4,33000
,,,,,,,,,,,,,,,,,,,,,,,,,,,,,TAR33,6,0,0,2,22000
,,,,,,,,,,,,,,,,,,,,,,,,,,,,,TAR34,8,1,1,3,10300
,,,,,,,,,,,,,,,,,,,,,,,,,,,,,TAR35,8,1,2,3,23800
,,,,,,,,,,,,,,,,,,,,,,,,,,,,,TAR36,8,2,3,2,11711
,,,,,,,,,,,,,,,,,,,,,,,,,,,,,TAR37,10,1,1,3,29000
