team,season_us,age_1,age_2,age_3,age_4,average_age,rank
,,34.8507,32.00845,21.0,20.6,33.18732,6.05352
Kim & Leslie,TAR1,28.0,27.0,,,27.5,10.0
Rob & Brennan,TAR1,27.0,29.0,,,28.0,1.0
Matt & Ana,TAR1,28.0,28.0,,,28.0,11.0
Frank & Margarita,TAR1,30.0,28.0,,,29.0,2.0
Paul & Amie,TAR1,32.0,27.0,,,29.5,7.0
Lenny & Karyn,TAR1,33.0,30.0,,,31.5,6.0
Nancy & Emily,TAR1,46.0,21.0,,,33.5,5.0
Kevin & Drew,TAR1,34.0,35.0,,,34.5,4.0
Pat & Brenda,TAR1,43.0,42.0,,,42.5,9.0
Joe & Bill,TAR1,50.0,47.0,,,48.5,3.0
Dave & Margaretta,TAR1,65.0,60.0,,,62.5,8.0
Kellie & Jamie,TAR10,22.0,22.0,,,22.0,10.0
Dustin & Kandice,TAR10,24.0,24.0,,,24.0,4.0
Vipul & Arti,TAR10,29.0,26.0,,,27.5,11.0
Tyler & James,TAR10,29.0,27.0,,,28.0,1.0
Rob & Kimberly,TAR10,31.0,28.0,,,29.5,2.0
Erwin & Godwin,TAR10,32.0,29.0,,,30.5,5.0
David & Mary,TAR10,32.0,31.0,,,31.5,6.0
Lyn & Karlyn,TAR10,32.0,32.0,,,32.0,3.0
Peter & Sarah,TAR10,35.0,31.0,,,33.0,7.0
Bilal & Sa'eed,TAR10,39.0,37.0,,,38.0,12.0
Duke & Lauren,TAR10,52.0,26.0,,,39.0,9.0
Tom & Terry,TAR10,39.0,45.0,,,42.0,8.0
Dustin & Kandice,TAR11,24.0,25.0,,,24.5,2.0
Eric & Danielle,TAR11,28.0,23.0,,,25.5,1.0
Rob & Amber,TAR11,30.0,28.0,,,29.0,8.0
Charla & Mirna,TAR11,30.0,30.0,,,30.0,3.0
John Vito & Jill,TAR11,29.0,32.0,,,30.5,11.0
David & Mary,TAR11,33.0,32.0,,,32.5,9.0
Oswald & Danny,TAR11,36.0,41.0,,,38.5,4.0
Kevin & Drew,TAR11,40.0,41.0,,,40.5,10.0
Uchenna & Joyce,TAR11,42.0,46.0,,,44.0,5.0
Teri & Ian,TAR11,53.0,54.0,,,53.5,7.0
Joe & Bill,TAR11,56.0,53.0,,,54.5,6.0
Kynt & Vyxsin,TAR12,21.0,22.0,,,21.5,5.0
Ari & Staella,TAR12,23.0,21.0,,,22.0,11.0
TK & Rachel,TAR12,22.0,23.0,,,22.5,1.0
Nathan & Jennifer,TAR12,24.0,23.0,,,23.5,4.0
Azaria & Hendekea,TAR12,27.0,23.0,,,25.0,6.0
Marianna & Julia,TAR12,25.0,26.0,,,25.5,9.0
Lorena & Jason,TAR12,27.0,33.0,,,30.0,8.0
Shana & Jennifer,TAR12,32.0,32.0,,,32.0,7.0
Ron & Christina,TAR12,58.0,26.0,,,42.0,2.0
Nicolas & Donald,TAR12,23.0,68.0,,,45.5,3.0
Kate & Pat,TAR12,49.0,65.0,,,57.0,10.0
Nick & Starr,TAR13,22.0,21.0,,,21.5,1.0
Andrew & Dan,TAR13,22.0,23.0,,,22.5,3.0
Marisa & Brooke,TAR13,22.0,24.0,,,23.0,8.0
Aja & Ty,TAR13,25.0,25.0,,,25.0,7.0
Kelly & Christy,TAR13,26.0,26.0,,,26.0,6.0
Anthony & Stephanie,TAR13,32.0,32.0,,,32.0,10.0
Terence & Sarah,TAR13,35.0,31.0,,,33.0,5.0
Toni & Dallas,TAR13,51.0,22.0,,,36.5,4.0
Mark & Bill,TAR13,41.0,42.0,,,41.5,9.0
Ken & Tina,TAR13,51.0,48.0,,,49.5,2.0
Anita & Arthur,TAR13,61.0,63.0,,,62.0,11.0
Amanda & Kris,TAR14,23.0,24.0,,,23.5,8.0
Kisha & Jen,TAR14,28.0,24.0,,,26.0,4.0
Preston & Jennifer,TAR14,26.0,28.0,,,27.0,11.0
Jaime & Cara,TAR14,29.0,26.0,,,27.5,2.0
Tammy & Victor,TAR14,26.0,35.0,,,30.5,1.0
Margie & Luke,TAR14,50.0,22.0,,,36.0,3.0
Christie & Jodi,TAR14,37.0,40.0,,,38.5,7.0
Steve & Linda,TAR14,43.0,52.0,,,47.5,10.0
Mark & Michael,TAR14,48.0,51.0,,,49.5,5.0
Brad & Victoria,TAR14,52.0,47.0,,,49.5,9.0
Mel & Mike,TAR14,68.0,38.0,,,53.0,6.0
Sam & Dan,TAR15,23.0,21.0,,,22.0,2.0
Meghan & Cheyne,TAR15,23.0,23.0,,,23.0,1.0
Mika & Canaan,TAR15,22.0,26.0,,,24.0,7.0
Maria & Tiffany,TAR15,26.0,25.0,,,25.5,6.0
Brian & Ericka,TAR15,27.0,27.0,,,27.0,3.0
Garrett & Jessica,TAR15,28.0,27.0,,,27.5,11.0
Zev & Justin,TAR15,26.0,30.0,,,28.0,9.0
Flight Time & Big Easy,TAR15,32.0,28.0,,,30.0,4.0
Gary & Matt,TAR15,47.0,22.0,,,34.5,5.0
Lance & Keri,TAR15,41.0,33.0,,,37.0,8.0
Eric & Lisa,TAR15,43.0,41.0,,,42.0,12.0
Marcy & Ron,TAR15,60.0,59.0,,,59.5,10.0
Dan & Jordan,TAR16,24.0,22.0,,,23.0,1.0
Brent & Caite,TAR16,28.0,20.0,,,24.0,3.0
Jordan & Jeff,TAR16,22.0,31.0,,,26.5,7.0
Jet & Cord,TAR16,30.0,29.0,,,29.5,2.0
Monique & Shawne,TAR16,39.0,39.0,,,39.0,9.0
Joe & Heidi,TAR16,42.0,37.0,,,39.5,8.0
Dana & Adrian,TAR16,40.0,39.0,,,39.5,11.0
Steve & Allie,TAR16,57.0,23.0,,,40.0,6.0
Carol & Brandy,TAR16,47.0,40.0,,,43.5,5.0
Louie & Michael,TAR16,47.0,45.0,,,46.0,4.0
Jody & Shannon,TAR16,71.0,22.0,,,46.5,10.0
Connor & Jonathan,TAR17,22.0,22.0,,,22.0,9.0
Brook & Claire,TAR17,27.0,20.0,,,23.5,2.0
Jill & Thomas,TAR17,27.0,20.0,,,23.5,3.0
Katie & Rachel,TAR17,23.0,24.0,,,23.5,8.0
Chad & Stephanie,TAR17,26.0,23.0,,,24.5,5.0
Nick & Vicki,TAR17,26.0,26.0,,,26.0,4.0
Andie & Jenna,TAR17,43.0,21.0,,,32.0,10.0
Nat & Kat,TAR17,31.0,35.0,,,33.0,1.0
Gary & Mallory,TAR17,53.0,24.0,,,38.5,6.0
Michael & Kevin,TAR17,58.0,20.0,,,39.0,7.0
Ron & Tony,TAR17,42.0,45.0,,,43.5,11.0
Kent & Vyxsin,TAR18,24.0,25.0,,,24.5,5.0
Amanda & Kris,TAR18,27.0,25.0,,,26.0,11.0
Kisha & Jen,TAR18,30.0,26.0,,,28.0,1.0
Zev & Justin,TAR18,28.0,31.0,,,29.5,4.0
Jaime & Cara,TAR18,32.0,28.0,,,30.0,9.0
Jet & Cord,TAR18,31.0,30.0,,,30.5,6.0
Flight Time & Big Easy,TAR18,34.0,29.0,,,31.5,2.0
Gary & Mallory,TAR18,53.0,25.0,,,39.0,3.0
Margie & Luke,TAR18,53.0,25.0,,,39.0,8.0
Ron & Christina,TAR18,61.0,29.0,,,45.0,7.0
Mel & Mike,TAR18,70.0,40.0,,,55.0,10.0
Liz & Marie,TAR19,24.0,24.0,,,24.0,8.0
Justin & Jennifer,TAR19,31.0,26.0,,,28.5,7.0
Ernie & Cindy,TAR19,29.0,30.0,,,29.5,1.0
Andy & Tommy,TAR19,30.0,32.0,,,31.0,4.0
Kaylani & Lisa,TAR19,33.0,32.0,,,32.5,9.0
Laurence & Zac,TAR19,48.0,19.0,,,33.5,6.0
Ethan & Jenna,TAR19,37.0,30.0,,,33.5,10.0
Jeremy & Sandy,TAR19,35.0,33.0,,,34.0,2.0
Amani & Marcus,TAR19,36.0,39.0,,,37.5,3.0
Ron & Bill,TAR19,49.0,44.0,,,46.5,11.0
Bill & Cathi,TAR19,63.0,62.0,,,62.5,5.0
Blake & Paige,TAR2,25.0,21.0,,,23.0,3.0
Chris & Alex,TAR2,25.0,24.0,,,24.5,1.0
Shola & Doyin,TAR2,27.0,27.0,,,27.0,8.0
Gary & Dave,TAR2,33.0,28.0,,,30.5,5.0
Oswald & Danny,TAR2,31.0,36.0,,,33.5,4.0
Tara & Wil,TAR2,31.0,37.0,,,34.0,2.0
Mary & Peach,TAR2,38.0,33.0,,,35.5,6.0
Deidre & Hillary,TAR2,23.0,51.0,,,37.0,11.0
Hope & Norm,TAR2,38.0,39.0,,,38.5,10.0
Cyndi & Russell,TAR2,45.0,46.0,,,45.5,7.0
Peggy & Claire,TAR2,63.0,65.0,,,64.0,9.0
Misa & Maiya,TAR20,25.0,27.0,,,26.0,11.0
Joey & Danny,TAR20,29.0,27.0,,,28.0,7.0
Elliot & Andrew,TAR20,28.0,28.0,,,28.0,9.0
Brendon & Rachel,TAR20,31.0,27.0,,,29.0,3.0
Kerri & Stacy,TAR20,30.0,30.0,,,30.0,8.0
Rachel & Dave,TAR20,30.0,33.0,,,31.5,1.0
Nary & Jamie,TAR20,32.0,33.0,,,32.5,6.0
Vanessa & Ralph,TAR20,31.0,36.0,,,33.5,4.0
Art & JJ,TAR20,43.0,42.0,,,42.5,2.0
Bopper & Mark,TAR20,41.0,45.0,,,43.0,5.0
Dave & Cherie,TAR20,44.0,44.0,,,44.0,10.0
Trey & Lexi,TAR21,23.0,22.0,,,22.5,3.0
Caitlin & Brittany,TAR21,24.0,25.0,,,24.5,9.0
Natalie & Nadiya,TAR21,26.0,26.0,,,26.0,4.0
Jaymes & James,TAR21,30.0,27.0,,,28.5,2.0
Abbie & Ryan,TAR21,31.0,35.0,,,33.0,5.0
Amy & Daniel,TAR21,32.0,36.0,,,34.0,10.0
Josh & Brent,TAR21,43.0,38.0,,,40.5,1.0
Rob & Kelley,TAR21,46.0,50.0,,,48.0,7.0
Rob & Sheila,TAR21,44.0,52.0,,,48.0,11.0
James & Abba,TAR21,53.0,45.0,,,49.0,6.0
Gary & Will,TAR21,52.0,53.0,,,52.5,8.0
Joey & Meghan,TAR22,21.0,25.0,,,23.0,5.0
Matt & Daniel,TAR22,24.0,25.0,,,24.5,11.0
Jessica & John,TAR22,26.0,27.0,,,26.5,9.0
Max & Katie,TAR22,30.0,24.0,,,27.0,2.0
Pam & Winnie,TAR22,29.0,29.0,,,29.0,7.0
Caroline & Jennifer,TAR22,29.0,30.0,,,29.5,4.0
Bates & Anthony,TAR22,36.0,33.0,,,34.5,1.0
Mona & Beth,TAR22,33.0,36.0,,,34.5,3.0
Idries & Jamil,TAR22,36.0,36.0,,,36.0,10.0
Dave & Connor,TAR22,58.0,21.0,,,39.5,8.0
Chuck & Wynona,TAR22,46.0,49.0,,,47.5,6.0
Ally & Ashley,TAR23,22.0,25.0,,,23.5,5.0
Tim & Danny,TAR23,26.0,25.0,,,25.5,7.0
Leo & Jamal,TAR23,26.0,26.0,,,26.0,4.0
Nicky & Kim,TAR23,27.0,32.0,,,29.5,6.0
Tim & Marie,TAR23,32.0,29.0,,,30.5,2.0
Jason & Amy,TAR23,33.0,29.0,,,31.0,1.0
Brandon & Adam,TAR23,34.0,34.0,,,34.0,8.0
Chester & Ephraim,TAR23,33.0,36.0,,,34.5,9.0
Nicole & Travis,TAR23,39.0,43.0,,,41.0,3.0
Hoskote & Naina,TAR23,27.0,60.0,,,43.5,11.0
Rowan & Shane,TAR23,56.0,47.0,,,51.5,10.0
Joey & Meghan,TAR24,22.0,26.0,,,24.0,9.0
Leo & Jamal,TAR24,27.0,26.0,,,26.5,4.0
Natalie & Nadiya,TAR24,27.0,27.0,,,27.0,11.0
Jessica & John,TAR24,27.0,28.0,,,27.5,7.0
Caroline & Jennifer,TAR24,30.0,31.0,,,30.5,2.0
Brendon & Rachel,TAR24,33.0,29.0,,,31.0,3.0
Jet & Cord,TAR24,34.0,33.0,,,33.5,5.0
Flight Time & Big Easy,TAR24,37.0,32.0,,,34.5,6.0
Mark & Mallory,TAR24,47.0,28.0,,,37.5,10.0
Dave & Connor,TAR24,59.0,22.0,,,40.5,1.0
Margie & Luke,TAR24,56.0,28.0,,,42.0,8.0
Tim & Te Jay,TAR25,23.0,24.0,,,23.5,6.0
Adam & Bethany,TAR25,26.0,24.0,,,25.0,3.0
Lisa & Michelle,TAR25,22.0,28.0,,,25.0,11.0
Amy & Maya,TAR25,24.0,29.0,,,26.5,1.0
Kym & Alli,TAR25,30.0,26.0,,,28.0,5.0
Keith & Whitney,TAR25,29.0,29.0,,,29.0,8.0
Dennis & Isabelle,TAR25,30.0,28.0,,,29.0,10.0
Brooke & Robbie,TAR25,29.0,30.0,,,29.5,4.0
Shelley & Nici,TAR25,42.0,24.0,,,33.0,7.0
Misti & Jim,TAR25,36.0,37.0,,,36.5,2.0
Michael & Scott,TAR25,40.0,39.0,,,39.5,9.0
Bergen & Kurt,TAR26,23.0,24.0,,,23.5,8.0
Libby & CJ,TAR26,25.0,26.0,,,25.5,10.0
Jeff & Jackie,TAR26,26.0,27.0,,,26.5,7.0
Laura & Tyler,TAR26,29.0,26.0,,,27.5,1.0
Mike & Rochelle,TAR26,26.0,29.0,,,27.5,4.0
Aly & Steve,TAR26,24.0,31.0,,,27.5,6.0
Matt & Ashley,TAR26,30.0,28.0,,,29.0,5.0
Hayley & Blair,TAR26,28.0,31.0,,,29.5,3.0
Jelani & Jenny,TAR26,32.0,32.0,,,32.0,2.0
Harley & Jonathan,TAR26,41.0,46.0,,,43.5,9.0
Jeff & Lyda,TAR26,49.0,57.0,,,53.0,11.0
Jazmine & Danielle,TAR27,23.0,23.0,,,23.0,8.0
Alex & Adam,TAR27,22.0,24.0,,,23.0,10.0
Kelsey & Joey,TAR27,25.0,26.0,,,25.5,1.0
Tanner & Josh,TAR27,26.0,28.0,,,27.0,6.0
Ernest & Jin,TAR27,29.0,26.0,,,27.5,9.0
Tiffany & Krista,TAR27,28.0,28.0,,,28.0,4.0
Kelly & Shevonne,TAR27,31.0,37.0,,,34.0,11.0
Justin & Diana,TAR27,39.0,30.0,,,34.5,2.0
Cindy & Rick,TAR27,36.0,38.0,,,37.0,7.0
Denise & James Earl,TAR27,51.0,26.0,,,38.5,5.0
Logan & Chris,TAR27,36.0,46.0,,,41.0,3.0
Darius & Cameron,TAR28,22.0,19.0,,,20.5,10.0
Zach & Rachel,TAR28,25.0,25.0,,,25.0,6.0
Brittany & Jessica,TAR28,26.0,28.0,,,27.0,9.0
Tyler & Korey,TAR28,26.0,30.0,,,28.0,3.0
Brodie & Kurt,TAR28,28.0,30.0,,,29.0,5.0
Dana & Matt,TAR28,29.0,30.0,,,29.5,1.0
Sheri & Cole,TAR28,45.0,19.0,,,32.0,2.0
Erin & Joslyn,TAR28,31.0,33.0,,,32.0,8.0
Marty & Hagan,TAR28,22.0,51.0,,,36.5,11.0
Burnie & Ashley,TAR28,42.0,33.0,,,37.5,4.0
Scott & Blair,TAR28,58.0,22.0,,,40.0,7.0
Becca & Floyd,TAR29,26.0,21.0,,,23.5,5.0
Matt & Redmond,TAR29,25.0,28.0,,,26.5,4.0
Vanck & Ashton,TAR29,28.0,25.0,,,26.5,7.0
London & Logan,TAR29,27.0,27.0,,,27.0,3.0
Shamir & Sara,TAR29,28.0,27.0,,,27.5,8.0
Kevin & Jenn,TAR29,31.0,25.0,,,28.0,11.0
Liz & Michael,TAR29,24.0,37.0,,,30.5,6.0
Seth & Olive,TAR29,37.0,24.0,,,30.5,9.0
Jessie & Francesca,TAR29,28.0,33.0,,,30.5,10.0
Brooke & Scott,TAR29,36.0,34.0,,,35.0,1.0
Tara & Joey,TAR29,38.0,46.0,,,42.0,2.0
Flo & Zach,TAR3,23.0,23.0,,,23.0,1.0
Heather & Eve,TAR3,25.0,25.0,,,25.0,9.0
Tramel & Talicia,TAR3,22.0,29.0,,,25.5,11.0
John Vito & Jill,TAR3,28.0,24.0,,,26.0,5.0
Aaron & Arianne,TAR3,27.0,27.0,,,27.0,7.0
Michael & Kathy,TAR3,28.0,31.0,,,29.5,8.0
Derek & Drew,TAR3,32.0,32.0,,,32.0,4.0
Andre & Damon,TAR3,32.0,33.0,,,32.5,6.0
Dennis & Andrew,TAR3,48.0,21.0,,,34.5,10.0
Gina & Sylvia,TAR3,34.0,35.0,,,34.5,12.0
Ken & Gerard,TAR3,40.0,35.0,,,37.5,3.0
Teri & Ian,TAR3,49.0,50.0,,,49.5,2.0
Henry & Evan,TAR30,22.0,22.0,,,22.0,2.0
Alex & Conor,TAR30,26.0,25.0,,,25.5,4.0
Dessie & Kayla,TAR30,27.0,26.0,,,26.5,11.0
Cody & Jessica,TAR30,33.0,28.0,,,30.5,1.0
Trevor & Chris,TAR30,31.0,33.0,,,32.0,7.0
Kristi & Jen,TAR30,36.0,30.0,,,33.0,3.0
Lucas & Brittany,TAR30,35.0,31.0,,,33.0,5.0
Eric & Daniel,TAR30,33.0,33.0,,,33.0,6.0
Joey & Tim,TAR30,33.0,41.0,,,37.0,8.0
April & Sarah,TAR30,39.0,39.0,,,39.0,10.0
Cedric & Shawn,TAR30,48.0,39.0,,,43.5,9.0
Becca & Floyd,TAR31,28.0,23.0,,,25.5,5.0
Nicole & Victor,TAR31,25.0,27.0,,,26.0,4.0
Tyler & Korey,TAR31,29.0,33.0,,,31.0,2.0
Leo & Jamal,TAR31,31.0,31.0,,,31.0,3.0
Rachel & Elissa,TAR31,33.0,32.0,,,32.5,7.0
Janelle & Britney,TAR31,38.0,30.0,,,34.0,8.0
Corinne & Eliza,TAR31,39.0,35.0,,,37.0,9.0
Colin & Christie,TAR31,38.0,40.0,,,39.0,1.0
Chris & Bret,TAR31,40.0,44.0,,,42.0,6.0
Art & JJ,TAR31,49.0,49.0,,,49.0,11.0
Rupert & Laura,TAR31,54.0,49.0,,,51.5,10.0
Eswar & Aparna,TAR32,26.0,24.0,,,25.0,5.0
Riley & Maddison,TAR32,31.0,29.0,,,30.0,3.0
Leo & Alana,TAR32,31.0,29.0,,,30.0,7.0
Will & James,TAR32,30.0,31.0,,,30.5,1.0
Kaylynn & Haley,TAR32,30.0,31.0,,,30.5,6.0
Michelle & Victoria,TAR32,34.0,33.0,,,33.5,8.0
Gary & DeAngelo,TAR32,36.0,34.0,,,35.0,4.0
Kellie & LaVonne,TAR32,38.0,34.0,,,36.0,10.0
Nathan & Cody,TAR32,39.0,33.0,,,36.0,11.0
Hung & Chee,TAR32,39.0,38.0,,,38.5,2.0
Jerry & Frank,TAR32,60.0,25.0,,,42.5,9.0
Amanda & Chris,TAR4,25.0,28.0,,,26.5,11.0
Millie & Chuck,TAR4,29.0,28.0,,,28.5,5.0
Kelly & Jon,TAR4,30.0,28.0,,,29.0,2.0
Monica & Sheree,TAR4,29.0,31.0,,,30.0,7.0
Tian & Jaree,TAR4,30.0,33.0,,,31.5,6.0
Reichen & Chip,TAR4,28.0,36.0,,,32.0,1.0
Steve & Josh,TAR4,47.0,21.0,,,34.0,9.0
David & Jeff,TAR4,32.0,37.0,,,34.5,3.0
Russell & Cindy,TAR4,32.0,39.0,,,35.5,10.0
Jon & Al,TAR4,40.0,34.0,,,37.0,4.0
Steve & Dave,TAR4,46.0,43.0,,,44.5,8.0
Debra & Steve,TAR4,40.0,49.0,,,44.5,12.0
Alison & Donny,TAR5,23.0,21.0,,,22.0,10.0
Brandon & Nicole,TAR5,25.0,21.0,,,23.0,3.0
Colin & Christie,TAR5,24.0,26.0,,,25.0,2.0
Kami & Karli,TAR5,26.0,26.0,,,26.0,5.0
Dennis & Erika,TAR5,25.0,27.0,,,26.0,11.0
Charla & Mirna,TAR5,27.0,27.0,,,27.0,6.0
Marshall & Lance,TAR5,31.0,26.0,,,28.5,7.0
Jim & Marsha,TAR5,53.0,26.0,,,39.5,9.0
Linda & Karen,TAR5,45.0,41.0,,,43.0,4.0
Chip & Kim,TAR5,46.0,44.0,,,45.0,1.0
Bob & Joyce,TAR5,61.0,54.0,,,57.5,8.0
Lena & Kristy,TAR6,23.0,26.0,,,24.5,9.0
Meredith & Maria,TAR6,26.0,26.0,,,26.0,10.0
Adam & Rebecca,TAR6,27.0,29.0,,,28.0,3.0
Freddy & Kendra,TAR6,34.0,25.0,,,29.5,1.0
Kris & Jon,TAR6,30.0,29.0,,,29.5,2.0
Hayden & Aaron,TAR6,31.0,31.0,,,31.0,4.0
Avi & Joe,TAR6,32.0,32.0,,,32.0,11.0
Lori & Bolo,TAR6,33.0,38.0,,,35.5,5.0
Jonathan & Victoria,TAR6,42.0,32.0,,,37.0,6.0
Gus & Hera,TAR6,50.0,24.0,,,37.0,7.0
Don & Mary Jean,TAR6,69.0,66.0,,,67.5,8.0
Brian & Greg,TAR7,27.0,24.0,,,25.5,6.0
Debbie & Bianca,TAR7,25.0,26.0,,,25.5,9.0
Lynn & Alex,TAR7,30.0,22.0,,,26.0,5.0
Ron & Kelly,TAR7,28.0,26.0,,,27.0,3.0
Rob & Amber,TAR7,29.0,26.0,,,27.5,2.0
Megan & Heidi,TAR7,26.0,31.0,,,28.5,10.0
Ryan & Chuck,TAR7,32.0,31.0,,,31.5,11.0
Ray & Deana,TAR7,44.0,27.0,,,35.5,7.0
Susan & Patrick,TAR7,54.0,26.0,,,40.0,8.0
Uchenna & Joyce,TAR7,40.0,44.0,,,42.0,1.0
Meredith & Gretchen,TAR7,69.0,66.0,,,67.5,4.0
Linz Family,TAR8,24.0,22.0,21.0,19.0,21.5,1.0
Weaver Family,TAR8,46.0,19.0,16.0,14.0,23.75,3.0
Black Family,TAR8,40.0,11.0,8.0,42.0,25.25,10.0
Gaghan Family,TAR8,40.0,42.0,12.0,9.0,25.75,6.0
Schroeder Family,TAR8,40.0,39.0,17.0,15.0,27.75,7.0
Bransen Family,TAR8,51.0,25.0,22.0,20.0,29.5,2.0
Rogers Family,TAR8,46.0,42.0,22.0,19.0,32.25,9.0
Godlewski Family,TAR8,42.0,39.0,37.0,26.0,36.0,4.0
Paolo Family,TAR8,52.0,52.0,24.0,16.0,36.0,5.0
Aiello Family,TAR8,57.0,31.0,31.0,26.0,36.25,8.0
Danielle & Dani,TAR9,22.0,22.0,,,22.0,8.0
Joseph & Monica,TAR9,23.0,23.0,,,23.0,4.0
BJ & Tyler,TAR9,26.0,25.0,,,25.5,1.0
Eric & Jeremy,TAR9,27.0,26.0,,,26.5,2.0
Ray & Yolanda,TAR9,27.0,27.0,,,27.0,3.0
Dave & Lori,TAR9,30.0,25.0,,,27.5,7.0
Wanda & Desiree,TAR9,44.0,24.0,,,34.0,9.0
Lake & Michelle,TAR9,37.0,36.0,,,36.5,6.0
John & Scott,TAR9,41.0,38.0,,,39.5,11.0
Lisa & Joni,TAR9,48.0,44.0,,,46.0,10.0
Fran & Barry,TAR9,61.0,63.0,,,62.0,5.0
