place,team,leg_1,leg_2,leg_3,leg_4,leg_5,leg_6,leg_7,leg_8,leg_9,leg_10,leg_11,leg_12,leg_13,leg_14,average,average_rounded_to_five_nearest,averages_rank,final_rank__averages_rank,median,median_rank,final_rank__median_rank,of_ranks,racing_average__theoretical_season_average,racing_average__experimental_season_average,leg_wins,leg_win_rate,podium_finishes,podium_finish_rate,standard_deviation,interquartile_range,season_average,second_place_finshes,2nd_place_rate,secondtolast_place_finishes_not_final_3,2ndtolast_rate,nonelimination_legs,nonelimination_rate,uturned,used_uturn,yielded,used_yield,mode,minimum,maximum,range,unnamed_47,roadblock_split,unnamed_49,age,unnamed_51,gender,unnamed_53,leg_11,leg_21,leg_31,leg_41,leg_51,leg_61,leg_71,leg_81,leg_91,leg_101,leg_111,leg_121,leg_131,leg_141,di_average,di_average_round_to_five_nearest,di_averages_rank,final_rank__di_averages_rank,di_median,di_median_rank,final_rank__di_median_rank,di_racing_average__di_theoretical_season_average,di_racing_average__di_experimental_season_average,di_standard_deviation,di_interquartile_range,di_season_average,equal_or_above_05,05_rate,less_than_05,maximum_di,minimum_di,range_di
Averages,,,,,,,,,,,,,,,,#DIV/0!,#DIV/0!,#DIV/0!,7.5,#NUM!,#DIV/0!,7.5,0,#DIV/0!,#DIV/0!,0,#DIV/0!,0,#DIV/0!,#DIV/0!,#NUM!,,0,#DIV/0!,0,#DIV/0!,0,#DIV/0!,,,,,#DIV/0!,0,0,0,,#DIV/0!,,#DIV/0!,,,,,,,,,,,,,,,,,,#DIV/0!,#DIV/0!,#DIV/0!,7.5,#NUM!,#DIV/0!,7.5,#DIV/0!,#DIV/0!,#DIV/0!,#NUM!,,0,#DIV/0!,0,0,0,0
Standard Deviation,,,,,,,,,,,,,,,,#DIV/0!,#DIV/0!,#DIV/0!,4.03,#NUM!,#DIV/0!,4.03,0,#DIV/0!,#DIV/0!,0,#DIV/0!,0,#DIV/0!,#DIV/0!,#NUM!,,0,#DIV/0!,0,#DIV/0!,0,#DIV/0!,,,,,#DIV/0!,0,0,0,,#DIV/0!,,#DIV/0!,,,,,,,,,,,,,,,,,,#DIV/0!,#DIV/0!,#DIV/0!,4.03,#NUM!,#DIV/0!,4.03,#DIV/0!,#DIV/0!,#DIV/0!,#NUM!,,0,#DIV/0!,0,0,0,0
1,,,,,,,,,,,,,,,,#DIV/0!,#DIV/0!,,1.0,#NUM!,,1.0,0,#DIV/0!,#DIV/0!,0,#DIV/0!,0,#DIV/0!,#DIV/0!,#NUM!,#DIV/0!,0,#DIV/0!,0,#DIV/0!,0,#DIV/0!,0.0,0.0,0.0,0.0,,0,0,0,,,,,,,,,,,,,,,,,,,,,,#DIV/0!,#DIV/0!,,1.0,#NUM!,,1.0,#DIV/0!,#DIV/0!,#DIV/0!,#NUM!,#DIV/0!,0,#DIV/0!,0,0,0,0
2,,,,,,,,,,,,,,,,#DIV/0!,#DIV/0!,,2.0,#NUM!,,2.0,0,#DIV/0!,#DIV/0!,0,#DIV/0!,0,#DIV/0!,#DIV/0!,#NUM!,,0,#DIV/0!,0,#DIV/0!,0,#DIV/0!,0.0,0.0,0.0,0.0,,0,0,0,,,,,,,,,,,,,,,,,,,,,,#DIV/0!,#DIV/0!,,2.0,#NUM!,,2.0,#DIV/0!,#DIV/0!,#DIV/0!,#NUM!,,0,#DIV/0!,0,0,0,0
3,,,,,,,,,,,,,,,,#DIV/0!,#DIV/0!,,3.0,#NUM!,,3.0,0,#DIV/0!,#DIV/0!,0,#DIV/0!,0,#DIV/0!,#DIV/0!,#NUM!,,0,#DIV/0!,0,#DIV/0!,0,#DIV/0!,0.0,0.0,0.0,0.0,,0,0,0,,,,,,,,,,,,,,,,,,,,,,#DIV/0!,#DIV/0!,,3.0,#NUM!,,3.0,#DIV/0!,#DIV/0!,#DIV/0!,#NUM!,,0,#DIV/0!,0,0,0,0
4,,,,,,,,,,,,,,,,#DIV/0!,#DIV/0!,,4.0,#NUM!,,4.0,0,#DIV/0!,#DIV/0!,0,#DIV/0!,0,#DIV/0!,#DIV/0!,#NUM!,,0,#DIV/0!,0,#DIV/0!,0,#DIV/0!,0.0,0.0,0.0,0.0,,0,0,0,,,,,,,,,,,,,,,,,,,,,,#DIV/0!,#DIV/0!,,4.0,#NUM!,,4.0,#DIV/0!,#DIV/0!,#DIV/0!,#NUM!,,0,#DIV/0!,0,0,0,0
5,,,,,,,,,,,,,,,,#DIV/0!,#DIV/0!,,5.0,#NUM!,,5.0,0,#DIV/0!,#DIV/0!,0,#DIV/0!,0,#DIV/0!,#DIV/0!,#NUM!,,0,#DIV/0!,0,#DIV/0!,0,#DIV/0!,0.0,0.0,0.0,0.0,,0,0,0,,,,,,,,,,,,,,,,,,,,,,#DIV/0!,#DIV/0!,,5.0,#NUM!,,5.0,#DIV/0!,#DIV/0!,#DIV/0!,#NUM!,,0,#DIV/0!,0,0,0,0
6,,,,,,,,,,,,,,,,#DIV/0!,#DIV/0!,,6.0,#NUM!,,6.0,0,#DIV/0!,#DIV/0!,0,#DIV/0!,0,#DIV/0!,#DIV/0!,#NUM!,,0,#DIV/0!,0,#DIV/0!,0,#DIV/0!,0.0,0.0,0.0,0.0,,0,0,0,,,,,,,,,,,,,,,,,,,,,,#DIV/0!,#DIV/0!,,6.0,#NUM!,,6.0,#DIV/0!,#DIV/0!,#DIV/0!,#NUM!,,0,#DIV/0!,0,0,0,0
7,,,,,,,,,,,,,,,,#DIV/0!,#DIV/0!,,7.0,#NUM!,,7.0,0,#DIV/0!,#DIV/0!,0,#DIV/0!,0,#DIV/0!,#DIV/0!,#NUM!,,0,#DIV/0!,0,#DIV/0!,0,#DIV/0!,0.0,0.0,0.0,0.0,,0,0,0,,,,,,,,,,,,,,,,,,,,,,#DIV/0!,#DIV/0!,,7.0,#NUM!,,7.0,#DIV/0!,#DIV/0!,#DIV/0!,#NUM!,,0,#DIV/0!,0,0,0,0
8,,,,,,,,,,,,,,,,#DIV/0!,#DIV/0!,,8.0,#NUM!,,8.0,0,#DIV/0!,#DIV/0!,0,#DIV/0!,0,#DIV/0!,#DIV/0!,#NUM!,,0,#DIV/0!,0,#DIV/0!,0,#DIV/0!,0.0,0.0,0.0,0.0,,0,0,0,,,,,,,,,,,,,,,,,,,,,,#DIV/0!,#DIV/0!,,8.0,#NUM!,,8.0,#DIV/0!,#DIV/0!,#DIV/0!,#NUM!,,0,#DIV/0!,0,0,0,0
9,,,,,,,,,,,,,,,,#DIV/0!,#DIV/0!,,9.0,#NUM!,,9.0,0,#DIV/0!,#DIV/0!,0,#DIV/0!,0,#DIV/0!,#DIV/0!,#NUM!,,0,#DIV/0!,0,#DIV/0!,0,#DIV/0!,0.0,0.0,0.0,0.0,,0,0,0,,,,,,,,,,,,,,,,,,,,,,#DIV/0!,#DIV/0!,,9.0,#NUM!,,9.0,#DIV/0!,#DIV/0!,#DIV/0!,#NUM!,,0,#DIV/0!,0,0,0,0
10,,,,,,,,,,,,,,,,#DIV/0!,#DIV/0!,,10.0,#NUM!,,10.0,0,#DIV/0!,#DIV/0!,0,#DIV/0!,0,#DIV/0!,#DIV/0!,#NUM!,,0,#DIV/0!,0,#DIV/0!,0,#DIV/0!,0.0,0.0,0.0,0.0,,0,0,0,,,,,,,,,,,,,,,,,,,,,,#DIV/0!,#DIV/0!,,10.0,#NUM!,,10.0,#DIV/0!,#DIV/0!,#DIV/0!,#NUM!,,0,#DIV/0!,0,0,0,0
11,,,,,,,,,,,,,,,,#DIV/0!,#DIV/0!,,11.0,#NUM!,,11.0,0,#DIV/0!,#DIV/0!,0,#DIV/0!,0,#DIV/0!,#DIV/0!,#NUM!,,0,#DIV/0!,0,#DIV/0!,0,#DIV/0!,0.0,0.0,0.0,0.0,,0,0,0,,,,,,,,,,,,,,,,,,,,,,#DIV/0!,#DIV/0!,,11.0,#NUM!,,11.0,#DIV/0!,#DIV/0!,#DIV/0!,#NUM!,,0,#DIV/0!,0,0,0,0
12,,,,,,,,,,,,,,,,#DIV/0!,#DIV/0!,,12.0,#NUM!,,12.0,0,#DIV/0!,#DIV/0!,0,#DIV/0!,0,#DIV/0!,#DIV/0!,#NUM!,,0,#DIV/0!,0,#DIV/0!,0,#DIV/0!,0.0,0.0,0.0,0.0,,0,0,0,,,,,,,,,,,,,,,,,,,,,,#DIV/0!,#DIV/0!,,12.0,#NUM!,,12.0,#DIV/0!,#DIV/0!,#DIV/0!,#NUM!,,0,#DIV/0!,0,0,0,0
13,,,,,,,,,,,,,,,,#DIV/0!,#DIV/0!,,13.0,#NUM!,,13.0,0,#DIV/0!,#DIV/0!,0,#DIV/0!,0,#DIV/0!,#DIV/0!,#NUM!,,0,#DIV/0!,0,#DIV/0!,0,#DIV/0!,0.0,0.0,0.0,0.0,,0,0,0,,,,,,,,,,,,,,,,,,,,,,#DIV/0!,#DIV/0!,,13.0,#NUM!,,13.0,#DIV/0!,#DIV/0!,#DIV/0!,#NUM!,,0,#DIV/0!,0,0,0,0
14,,,,,,,,,,,,,,,,#DIV/0!,#DIV/0!,,14.0,#NUM!,,14.0,0,#DIV/0!,#DIV/0!,0,#DIV/0!,0,#DIV/0!,#DIV/0!,#NUM!,,0,#DIV/0!,0,#DIV/0!,0,#DIV/0!,0.0,0.0,0.0,0.0,,0,0,0,,,,,,,,,,,,,,,,,,,,,,#DIV/0!,#DIV/0!,,14.0,#NUM!,,14.0,#DIV/0!,#DIV/0!,#DIV/0!,#NUM!,,0,#DIV/0!,0,0,0,0
