place,team,leg_1,leg_2,leg_3,leg_4,leg_5,leg_6,leg_7,leg_8,leg_9,leg_10,leg_11,leg_12,leg_13,leg_14,leg_15,average,average_round_to_five_nearest,averages_rank,final_rank__averages_rank,median,median_rank,final_rank__median_rank,of_ranks,racing_average__theoretical_season_average,racing_average__experimental_season_average,leg_wins,leg_win_rate,podium_finishes,podium_finish_rate,standard_deviation,interquartile_range,season_average,second_place_finshes,2nd_place_rate,secondtolast_place_finishes_not_final_3,2ndtolast_rate,nonelimination_legs,nonelimination_rate,uturned,used_uturn,yielded,used_yield,mode,minimum,maximum,range,unnamed_48,roadblock_split,unnamed_50,age,unnamed_52,gender,unnamed_54,leg_11,leg_21,leg_31,leg_41,leg_51,leg_61,leg_71,leg_81,leg_91,leg_101,leg_111,leg_121,leg_131,leg_141,leg_151,di_average,di_average_round_to_five_nearest,di_averages_rank,final_rank__di_averages_rank,di_median,di_median_rank,final_rank__di_median_rank,di_racing_average__di_theoretical_season_average,di_racing_average__di_experimental_season_average,di_standard_deviation,di_interquartile_range,di_season_average,equal_or_above_05,05_rate,less_than_05,maximum_di,minimum_di,range_di
Averages,,,,,,,,,,,,,,,,,5.99,5.99127,7.0,0.0,5.69,6.62,0.38,8.46,-0.246,-0.0004,1.15,0.1269,3.46,0.3519,2.28701,2.76923,,1.15,0.1201,1.08,0.0986,0.46,0.0524,,,,,5.1,3.23,9.69,6.46,,3.12,,38.23,,,,,,,,,,,,,,,,,,,0.44,0.44115,7.0,0.0,0.44481,6.85,0.15,-0.1177,0.0,0.26716,0.33872,,4.54,0.4595,3.92,0.78254,0.01923,0.76331
Standard Deviation,,,,,,,,,,,,,,,,,2.83,2.83222,3.74,2.69,2.99,3.97,2.82,5.03,0.5889,0.4728,1.61,0.1661,3.18,0.252,1.31998,1.84876,,1.03,0.1098,1.14,0.1239,0.5,0.0724,,,,,2.98,3.58,2.05,2.79,,2.04,,9.19,,,,,,,,,,,,,,,,,,,0.21,0.21318,3.74,3.88,0.24886,3.82,4.29,0.4264,0.4833,0.12268,0.14696,,4.09,0.2814,2.62,0.3158,0.06662,0.30952
1,Steve & Bernie,6.0,3.0,1.0,7.0,8.0,1.0,4.0,3.0,5.0,2.0,5.0,1.0,2.0,2.0,1.0,3.4,3.4,3.0,-2.0,3.0,2.0,-1.0,15.0,0.293,0.4324,4.0,0.2667,9.0,0.6,2.24499,3.5,4.80909,3.0,0.2,2.0,0.1333,1.0,0.0667,0.0,0.0,0.0,0.0,1.0,1.0,8.0,7.0,,4.0,7.0,48.0,50.0,Male,,0.58333333,0.81818182,1.0,0.33333333,0.125,1.0,0.57142857,0.6,0.2,0.75,0.0,1.0,0.66666667,0.66666667,1.0,0.62,0.62097,3.0,-2.0,0.66667,3.0,-2.0,0.2419,0.4076,0.3194,0.45671,0.5,11.0,0.7333,4.0,1.0,0.0,1.0
2,Rob & Georgie,4.0,4.0,4.0,5.0,2.0,4.0,6.0,1.0,3.0,1.0,1.0,4.0,1.0,1.0,2.0,2.87,2.86667,1.0,1.0,3.0,2.0,0.0,15.0,0.4032,0.5209,5.0,0.3333,8.0,0.5333,1.62754,3.0,,2.0,0.1333,1.0,0.0667,0.0,0.0,0.0,0.0,0.0,0.0,4.0,1.0,6.0,5.0,,6.0,5.0,42.0,34.0,Co-Ed,,0.75,0.72727273,0.7,0.55555556,0.875,0.625,0.28571429,1.0,0.6,1.0,1.0,0.25,1.0,1.0,0.5,0.72,0.72457,2.0,0.0,0.72727,2.0,0.0,0.4491,0.6425,0.24839,0.42222,,13.0,0.8667,2.0,1.0,0.25,0.75
3,Aesha & Scott,7.0,7.0,6.0,4.0,4.0,7.0,1.0,6.0,1.0,3.0,2.0,2.0,3.0,3.0,3.0,3.93,3.93333,5.0,-2.0,3.0,2.0,1.0,15.0,0.1828,0.3439,2.0,0.1333,8.0,0.5333,2.0806,3.5,,2.0,0.1333,2.0,0.1333,1.0,0.0667,0.0,0.0,0.0,0.0,3.0,1.0,7.0,6.0,,5.0,6.0,33.0,34.0,Co-Ed,,0.5,0.45454545,0.5,0.66666667,0.625,0.25,1.0,0.0,1.0,0.5,0.75,0.75,0.33333333,0.33333333,0.0,0.51,0.51086,7.0,-4.0,0.5,6.0,-3.0,0.0217,0.158,0.29289,0.375,,9.0,0.6,6.0,1.0,0.0,1.0
4,Luke & Scott,11.0,10.0,10.0,8.0,7.0,2.0,5.0,4.0,2.0,4.0,3.0,3.0,4.0,4.0,,5.5,5.5,7.0,-3.0,4.0,5.0,-1.0,14.0,-0.1437,0.0818,0.0,0.0,4.0,0.2857,2.99404,4.5,,2.0,0.1429,3.0,0.2143,1.0,0.0714,0.0,0.0,0.0,0.0,4.0,2.0,11.0,9.0,,5.0,6.0,34.0,39.0,Male,,0.16666667,0.18181818,0.1,0.22222222,0.25,0.875,0.42857143,0.4,0.8,0.25,0.5,0.5,0.0,0.0,,0.33,0.33388,10.0,-6.0,0.25,10.0,-6.0,-0.3322,-0.2432,0.25827,0.31169,,4.0,0.2857,10.0,0.875,0.0,0.875
5,Gretel & Epiphany,8.0,5.0,2.0,3.0,1.0,5.0,3.0,2.0,4.0,5.0,4.0,5.0,,,,3.92,3.91667,4.0,1.0,4.0,5.0,0.0,12.0,0.1849,0.3456,1.0,0.0833,5.0,0.4167,1.80085,2.25,,2.0,0.1667,1.0,0.0833,1.0,0.0833,0.0,0.0,0.0,0.0,5.0,1.0,8.0,7.0,,4.0,5.0,62.0,33.0,Female,,0.41666667,0.63636364,0.9,0.77777778,1.0,0.5,0.71428571,0.8,0.4,0.0,0.25,0.0,,,,0.53,0.53292,4.0,1.0,0.56818,5.0,0.0,0.0658,0.208,0.31729,0.42083,,7.0,0.5833,5.0,1.0,0.0,1.0
6,Melissa & Leah,9.0,6.0,5.0,6.0,6.0,3.0,7.0,5.0,6.0,,,,,,,5.89,5.88889,8.0,-2.0,6.0,8.0,-2.0,9.0,-0.2248,0.0167,0.0,0.0,1.0,0.1111,1.52348,1.0,,0.0,0.0,2.0,0.2222,0.0,0.0,0.0,0.0,0.0,0.0,6.0,3.0,9.0,6.0,,3.0,3.0,43.0,44.0,Female,,0.33333333,0.54545455,0.6,0.44444444,0.375,0.75,0.14285714,0.2,0.0,,,,,,,0.38,0.37679,9.0,-3.0,0.375,9.0,-3.0,-0.2464,-0.1459,0.2241,0.34545,,3.0,0.3333,6.0,0.75,0.0,0.75
7,Brendan & Leni,3.0,9.0,7.0,2.0,9.0,6.0,2.0,,,,,,,,,5.43,5.42857,6.0,1.0,6.0,8.0,-1.0,7.0,-0.1291,0.0935,0.0,0.0,3.0,0.4286,2.87139,5.5,,2.0,0.2857,0.0,0.0,1.0,0.1429,0.0,0.0,0.0,0.0,9.0,2.0,9.0,7.0,,3.0,3.0,44.0,18.0,Co-Ed,,0.83333333,0.27272727,0.4,0.88888889,0.0,0.375,0.85714286,,,,,,,,,0.52,0.51816,6.0,1.0,0.4,8.0,-1.0,0.0363,0.1746,0.31957,0.52137,,3.0,0.4286,4.0,0.88889,0.0,0.88889
8,Lindy & Stella,12.0,8.0,8.0,9.0,5.0,8.0,8.0,,,,,,,,,8.29,8.28571,11.0,-3.0,8.0,11.0,-3.0,7.0,-0.7238,-0.384,0.0,0.0,0.0,0.0,1.90595,0.5,,0.0,0.0,3.0,0.4286,0.0,0.0,0.0,0.0,0.0,0.0,8.0,5.0,12.0,7.0,,3.0,2.0,46.0,19.0,Female,,0.08333333,0.36363636,0.3,0.11111111,0.5,0.125,0.0,,,,,,,,,0.21,0.21187,11.0,-3.0,0.125,12.0,-4.0,-0.5763,-0.5197,0.16602,0.2346,,1.0,0.1429,6.0,0.5,0.0,0.5
9,Dom & Marx,2.0,1.0,3.0,1.0,3.0,9.0,,,,,,,,,,3.17,3.16667,2.0,7.0,2.5,1.0,8.0,6.0,0.3408,0.4708,2.0,0.3333,5.0,0.8333,2.73354,1.75,,1.0,0.1667,0.0,0.0,0.0,0.0,0.0,0.0,0.0,0.0,1.0,1.0,9.0,8.0,,2.0,3.0,32.0,33.0,Male,,0.91666667,1.0,0.8,1.0,0.75,0.0,,,,,,,,,,0.74,0.74444,1.0,8.0,0.85833,1.0,8.0,0.4889,0.6875,0.34583,0.21667,,5.0,0.8333,1.0,1.0,0.0,1.0
10,Steph & Ben,10.0,11.0,9.0,10.0,,,,,,,,,,,,10.0,10.0,12.0,-2.0,10.0,12.0,-2.0,4.0,-1.0794,-0.6694,0.0,0.0,0.0,0.0,0.70711,0.5,,0.0,0.0,0.0,0.0,1.0,0.25,0.0,0.0,0.0,0.0,10.0,9.0,11.0,2.0,,1.0,2.0,32.0,34.0,Co-Ed,,0.25,0.09090909,0.2,0.0,,,,,,,,,,,,0.14,0.13523,12.0,-2.0,0.14545,11.0,-1.0,-0.7295,-0.6935,0.09698,0.14432,,0.0,0.0,4.0,0.25,0.0,0.25
11,Bronte & Benfield,5.0,2.0,11.0,,,,,,,,,,,,,6.0,6.0,9.0,2.0,5.0,7.0,4.0,3.0,-0.2476,-0.0017,0.0,0.0,1.0,0.3333,3.74166,4.5,,1.0,0.3333,0.0,0.0,0.0,0.0,0.0,0.0,0.0,0.0,,2.0,11.0,9.0,,1.0,2.0,30.0,35.0,Co-Ed,,0.66666667,0.90909091,0.0,,,,,,,,,,,,,0.53,0.52525,5.0,6.0,0.66667,3.0,8.0,0.0505,0.1906,0.38437,0.45455,,2.0,0.6667,1.0,0.90909,0.0,0.90909
12,Ant & Dan ,1.0,12.0,,,,,,,,,,,,,,6.5,6.5,10.0,2.0,6.5,10.0,2.0,2.0,-0.3516,-0.0851,1.0,0.5,1.0,0.5,5.5,5.5,,0.0,0.0,0.0,0.0,0.0,0.0,0.0,0.0,0.0,0.0,,1.0,12.0,11.0,,0.0,0.0,44.0,46.0,Male,,1.0,0.0,,,,,,,,,,,,,,0.5,0.5,8.0,4.0,0.5,6.0,6.0,0.0,0.1334,0.5,0.5,,1.0,0.5,1.0,1.0,0.0,1.0
13,Ed & Tiff,13.0,,,,,,,,,,,,,,,13.0,13.0,13.0,0.0,13.0,13.0,0.0,1.0,-1.7032,-1.1703,0.0,0.0,0.0,0.0,0.0,0.0,,0.0,0.0,0.0,0.0,0.0,0.0,0.0,0.0,0.0,0.0,,13.0,13.0,0.0,,0.0,0.0,45.0,40.0,Co-Ed,,0.0,,,,,,,,,,,,,,,0.0,0.0,13.0,0.0,0.0,13.0,0.0,-1.0,-1.0,0.0,0.0,,0.0,0.0,1.0,0.0,0.0,0.0
