rank,of_teams,performance_index,0,rank1,of_teams1,performance_index1,rank2,of_teams2,performance_index2,rank3,of_teams3,performance_index3,rank4,of_teams4,performance_index4,rank5,of_teams5,performance_index5,rank6,of_teams6,performance_index6,rank7,of_teams7,performance_index7,rank8,of_teams8,performance_index8,rank9,of_teams9,performance_index9,rank10,of_teams10,performance_index10,rank11,of_teams11,performance_index11,rank12,of_teams12,performance_index12,rank13,of_teams13,performance_index13,rank14,of_teams14,performance_index14
1.0,3.0,1.0,1,1.0,3.0,1.0,2.0,3.0,0.5,3.0,3.0,0.0,,,,,,,,,,,,,,,,,,,,,,,,,,,,,,,,,
1.0,4.0,1.0,2,1.0,4.0,1.0,2.0,4.0,0.66666667,3.0,4.0,0.33333333,4.0,4.0,0.0,,,,,,,,,,,,,,,,,,,,,,,,,,,,,,
1.0,5.0,1.0,3,1.0,5.0,1.0,2.0,5.0,0.75,3.0,5.0,0.5,4.0,5.0,0.25,5.0,5.0,0.0,,,,,,,,,,,,,,,,,,,,,,,,,,,
1.0,6.0,1.0,4,1.0,6.0,1.0,2.0,6.0,0.8,3.0,6.0,0.6,4.0,6.0,0.4,5.0,6.0,0.2,6.0,6.0,0.0,,,,,,,,,,,,,,,,,,,,,,,,
1.0,7.0,1.0,5,1.0,7.0,1.0,2.0,7.0,0.83333333,3.0,7.0,0.66666667,4.0,7.0,0.5,5.0,7.0,0.33333333,6.0,7.0,0.16666667,7.0,7.0,0.0,,,,,,,,,,,,,,,,,,,,,
1.0,8.0,1.0,6,1.0,8.0,1.0,2.0,8.0,0.85714286,3.0,8.0,0.71428571,4.0,8.0,0.57142857,5.0,8.0,0.42857143,6.0,8.0,0.28571429,7.0,8.0,0.14285714,8.0,8.0,0.0,,,,,,,,,,,,,,,,,,
1.0,9.0,1.0,7,1.0,9.0,1.0,2.0,9.0,0.875,3.0,9.0,0.75,4.0,9.0,0.625,5.0,9.0,0.5,6.0,9.0,0.375,7.0,9.0,0.25,8.0,9.0,0.125,9.0,9.0,0.0,,,,,,,,,,,,,,,
1.0,10.0,1.0,8,1.0,10.0,1.0,2.0,10.0,0.88888889,3.0,10.0,0.77777778,4.0,10.0,0.66666667,5.0,10.0,0.55555556,6.0,10.0,0.44444444,7.0,10.0,0.33333333,8.0,10.0,0.22222222,9.0,10.0,0.11111111,10.0,10.0,0.0,,,,,,,,,,,,
1.0,11.0,1.0,9,1.0,11.0,1.0,2.0,11.0,0.9,3.0,11.0,0.8,4.0,11.0,0.7,5.0,11.0,0.6,6.0,11.0,0.5,7.0,11.0,0.4,8.0,11.0,0.3,9.0,11.0,0.2,10.0,11.0,0.1,11.0,11.0,0.0,,,,,,,,,
1.0,12.0,1.0,10,1.0,12.0,1.0,2.0,12.0,0.90909091,3.0,12.0,0.81818182,4.0,12.0,0.72727273,5.0,12.0,0.63636364,6.0,12.0,0.54545455,7.0,12.0,0.45454545,8.0,12.0,0.36363636,9.0,12.0,0.27272727,10.0,12.0,0.18181818,11.0,12.0,0.09090909,12.0,12.0,0.0,,,,,,
1.0,13.0,1.0,11,1.0,13.0,1.0,2.0,13.0,0.91666667,3.0,13.0,0.83333333,4.0,13.0,0.75,5.0,13.0,0.66666667,6.0,13.0,0.58333333,7.0,13.0,0.5,8.0,13.0,0.41666667,9.0,13.0,0.33333333,10.0,13.0,0.25,11.0,13.0,0.16666667,12.0,13.0,0.08333333,13.0,13.0,0.0,,,
1.0,14.0,1.0,12,1.0,14.0,1.0,2.0,14.0,0.92307692,3.0,14.0,0.84615385,4.0,14.0,0.76923077,5.0,14.0,0.69230769,6.0,14.0,0.61538462,7.0,14.0,0.53846154,8.0,14.0,0.46153846,9.0,14.0,0.38461538,10.0,14.0,0.30769231,11.0,14.0,0.23076923,12.0,14.0,0.15384615,13.0,14.0,0.07692308,14.0,14.0,0.0
2.0,14.0,0.92307692,24,,,,,,,,,,,,,,,,,,,,,,,,,,,,,,,,,,,,,,,,,,
2.0,13.0,0.91666667,23,,,,,,,,,,,,,,,,,,,,,,,,,,,,,,,,,,,,,,,,,,
2.0,12.0,0.90909091,22,,,,,,,,,,,,,,,,,,,,,,,,,,,,,,,,,,,,,,,,,,
2.0,11.0,0.9,21,,,,,,,,,,,,,,,,,,,,,,,,,,,,,,,,,,,,,,,,,,
2.0,10.0,0.88888889,20,,,,,,,,,,,,,,,,,,,,,,,,,,,,,,,,,,,,,,,,,,
2.0,9.0,0.875,19,,,,,,,,,,,,,,,,,,,,,,,,,,,,,,,,,,,,,,,,,,
2.0,8.0,0.85714286,18,,,,,,,,,,,,,,,,,,,,,,,,,,,,,,,,,,,,,,,,,,
3.0,14.0,0.84615385,36,,,,,,,,,,,,,,,,,,,,,,,,,,,,,,,,,,,,,,,,,,
2.0,7.0,0.83333333,17,,,,,,,,,,,,,,,,,,,,,,,,,,,,,,,,,,,,,,,,,,
3.0,13.0,0.83333333,35,,,,,,,,,,,,,,,,,,,,,,,,,,,,,,,,,,,,,,,,,,
3.0,12.0,0.81818182,34,,,,,,,,,,,,,,,,,,,,,,,,,,,,,,,,,,,,,,,,,,
2.0,6.0,0.8,16,,,,,,,,,,,,,,,,,,,,,,,,,,,,,,,,,,,,,,,,,,
3.0,11.0,0.8,33,,,,,,,,,,,,,,,,,,,,,,,,,,,,,,,,,,,,,,,,,,
3.0,10.0,0.77777778,32,,,,,,,,,,,,,,,,,,,,,,,,,,,,,,,,,,,,,,,,,,
4.0,14.0,0.76923077,47,,,,,,,,,,,,,,,,,,,,,,,,,,,,,,,,,,,,,,,,,,
2.0,5.0,0.75,15,,,,,,,,,,,,,,,,,,,,,,,,,,,,,,,,,,,,,,,,,,
3.0,9.0,0.75,31,,,,,,,,,,,,,,,,,,,,,,,,,,,,,,,,,,,,,,,,,,
4.0,13.0,0.75,46,,,,,,,,,,,,,,,,,,,,,,,,,,,,,,,,,,,,,,,,,,
4.0,12.0,0.72727273,45,,,,,,,,,,,,,,,,,,,,,,,,,,,,,,,,,,,,,,,,,,
3.0,8.0,0.71428571,30,,,,,,,,,,,,,,,,,,,,,,,,,,,,,,,,,,,,,,,,,,
4.0,11.0,0.7,44,,,,,,,,,,,,,,,,,,,,,,,,,,,,,,,,,,,,,,,,,,
5.0,14.0,0.69230769,57,,,,,,,,,,,,,,,,,,,,,,,,,,,,,,,,,,,,,,,,,,
2.0,4.0,0.66666667,14,,,,,,,,,,,,,,,,,,,,,,,,,,,,,,,,,,,,,,,,,,
3.0,7.0,0.66666667,29,,,,,,,,,,,,,,,,,,,,,,,,,,,,,,,,,,,,,,,,,,
4.0,10.0,0.66666667,43,,,,,,,,,,,,,,,,,,,,,,,,,,,,,,,,,,,,,,,,,,
5.0,13.0,0.66666667,56,,,,,,,,,,,,,,,,,,,,,,,,,,,,,,,,,,,,,,,,,,
5.0,12.0,0.63636364,55,,,,,,,,,,,,,,,,,,,,,,,,,,,,,,,,,,,,,,,,,,
4.0,9.0,0.625,42,,,,,,,,,,,,,,,,,,,,,,,,,,,,,,,,,,,,,,,,,,
6.0,14.0,0.61538462,66,,,,,,,,,,,,,,,,,,,,,,,,,,,,,,,,,,,,,,,,,,
3.0,6.0,0.6,28,,,,,,,,,,,,,,,,,,,,,,,,,,,,,,,,,,,,,,,,,,
5.0,11.0,0.6,54,,,,,,,,,,,,,,,,,,,,,,,,,,,,,,,,,,,,,,,,,,
6.0,13.0,0.58333333,65,,,,,,,,,,,,,,,,,,,,,,,,,,,,,,,,,,,,,,,,,,
4.0,8.0,0.57142857,41,,,,,,,,,,,,,,,,,,,,,,,,,,,,,,,,,,,,,,,,,,
5.0,10.0,0.55555556,53,,,,,,,,,,,,,,,,,,,,,,,,,,,,,,,,,,,,,,,,,,
6.0,12.0,0.54545455,64,,,,,,,,,,,,,,,,,,,,,,,,,,,,,,,,,,,,,,,,,,
7.0,14.0,0.53846154,74,,,,,,,,,,,,,,,,,,,,,,,,,,,,,,,,,,,,,,,,,,
2.0,3.0,0.5,13,,,,,,,,,,,,,,,,,,,,,,,,,,,,,,,,,,,,,,,,,,
3.0,5.0,0.5,27,,,,,,,,,,,,,,,,,,,,,,,,,,,,,,,,,,,,,,,,,,
4.0,7.0,0.5,40,,,,,,,,,,,,,,,,,,,,,,,,,,,,,,,,,,,,,,,,,,
5.0,9.0,0.5,52,,,,,,,,,,,,,,,,,,,,,,,,,,,,,,,,,,,,,,,,,,
6.0,11.0,0.5,63,,,,,,,,,,,,,,,,,,,,,,,,,,,,,,,,,,,,,,,,,,
7.0,13.0,0.5,73,,,,,,,,,,,,,,,,,,,,,,,,,,,,,,,,,,,,,,,,,,
8.0,14.0,0.46153846,81,,,,,,,,,,,,,,,,,,,,,,,,,,,,,,,,,,,,,,,,,,
7.0,12.0,0.45454545,72,,,,,,,,,,,,,,,,,,,,,,,,,,,,,,,,,,,,,,,,,,
6.0,10.0,0.44444444,62,,,,,,,,,,,,,,,,,,,,,,,,,,,,,,,,,,,,,,,,,,
5.0,8.0,0.42857143,51,,,,,,,,,,,,,,,,,,,,,,,,,,,,,,,,,,,,,,,,,,
8.0,13.0,0.41666667,80,,,,,,,,,,,,,,,,,,,,,,,,,,,,,,,,,,,,,,,,,,
4.0,6.0,0.4,39,,,,,,,,,,,,,,,,,,,,,,,,,,,,,,,,,,,,,,,,,,
7.0,11.0,0.4,71,,,,,,,,,,,,,,,,,,,,,,,,,,,,,,,,,,,,,,,,,,
9.0,14.0,0.38461538,87,,,,,,,,,,,,,,,,,,,,,,,,,,,,,,,,,,,,,,,,,,
6.0,9.0,0.375,61,,,,,,,,,,,,,,,,,,,,,,,,,,,,,,,,,,,,,,,,,,
8.0,12.0,0.36363636,79,,,,,,,,,,,,,,,,,,,,,,,,,,,,,,,,,,,,,,,,,,
3.0,4.0,0.33333333,26,,,,,,,,,,,,,,,,,,,,,,,,,,,,,,,,,,,,,,,,,,
5.0,7.0,0.33333333,50,,,,,,,,,,,,,,,,,,,,,,,,,,,,,,,,,,,,,,,,,,
7.0,10.0,0.33333333,70,,,,,,,,,,,,,,,,,,,,,,,,,,,,,,,,,,,,,,,,,,
9.0,13.0,0.33333333,86,,,,,,,,,,,,,,,,,,,,,,,,,,,,,,,,,,,,,,,,,,
10.0,14.0,0.30769231,92,,,,,,,,,,,,,,,,,,,,,,,,,,,,,,,,,,,,,,,,,,
8.0,11.0,0.3,78,,,,,,,,,,,,,,,,,,,,,,,,,,,,,,,,,,,,,,,,,,
6.0,8.0,0.28571429,60,,,,,,,,,,,,,,,,,,,,,,,,,,,,,,,,,,,,,,,,,,
9.0,12.0,0.27272727,85,,,,,,,,,,,,,,,,,,,,,,,,,,,,,,,,,,,,,,,,,,
4.0,5.0,0.25,38,,,,,,,,,,,,,,,,,,,,,,,,,,,,,,,,,,,,,,,,,,
7.0,9.0,0.25,69,,,,,,,,,,,,,,,,,,,,,,,,,,,,,,,,,,,,,,,,,,
10.0,13.0,0.25,91,,,,,,,,,,,,,,,,,,,,,,,,,,,,,,,,,,,,,,,,,,
11.0,14.0,0.23076923,96,,,,,,,,,,,,,,,,,,,,,,,,,,,,,,,,,,,,,,,,,,
8.0,10.0,0.22222222,77,,,,,,,,,,,,,,,,,,,,,,,,,,,,,,,,,,,,,,,,,,
5.0,6.0,0.2,49,,,,,,,,,,,,,,,,,,,,,,,,,,,,,,,,,,,,,,,,,,
9.0,11.0,0.2,84,,,,,,,,,,,,,,,,,,,,,,,,,,,,,,,,,,,,,,,,,,
10.0,12.0,0.18181818,90,,,,,,,,,,,,,,,,,,,,,,,,,,,,,,,,,,,,,,,,,,
6.0,7.0,0.16666667,59,,,,,,,,,,,,,,,,,,,,,,,,,,,,,,,,,,,,,,,,,,
11.0,13.0,0.16666667,95,,,,,,,,,,,,,,,,,,,,,,,,,,,,,,,,,,,,,,,,,,
12.0,14.0,0.15384615,99,,,,,,,,,,,,,,,,,,,,,,,,,,,,,,,,,,,,,,,,,,
7.0,8.0,0.14285714,68,,,,,,,,,,,,,,,,,,,,,,,,,,,,,,,,,,,,,,,,,,
8.0,9.0,0.125,76,,,,,,,,,,,,,,,,,,,,,,,,,,,,,,,,,,,,,,,,,,
9.0,10.0,0.11111111,83,,,,,,,,,,,,,,,,,,,,,,,,,,,,,,,,,,,,,,,,,,
10.0,11.0,0.1,89,,,,,,,,,,,,,,,,,,,,,,,,,,,,,,,,,,,,,,,,,,
11.0,12.0,0.09090909,94,,,,,,,,,,,,,,,,,,,,,,,,,,,,,,,,,,,,,,,,,,
12.0,13.0,0.08333333,98,,,,,,,,,,,,,,,,,,,,,,,,,,,,,,,,,,,,,,,,,,
13.0,14.0,0.07692308,101,,,,,,,,,,,,,,,,,,,,,,,,,,,,,,,,,,,,,,,,,,
3.0,3.0,0.0,25,,,,,,,,,,,,,,,,,,,,,,,,,,,,,,,,,,,,,,,,,,
4.0,4.0,0.0,37,,,,,,,,,,,,,,,,,,,,,,,,,,,,,,,,,,,,,,,,,,
5.0,5.0,0.0,48,,,,,,,,,,,,,,,,,,,,,,,,,,,,,,,,,,,,,,,,,,
6.0,6.0,0.0,58,,,,,,,,,,,,,,,,,,,,,,,,,,,,,,,,,,,,,,,,,,
7.0,7.0,0.0,67,,,,,,,,,,,,,,,,,,,,,,,,,,,,,,,,,,,,,,,,,,
8.0,8.0,0.0,75,,,,,,,,,,,,,,,,,,,,,,,,,,,,,,,,,,,,,,,,,,
9.0,9.0,0.0,82,,,,,,,,,,,,,,,,,,,,,,,,,,,,,,,,,,,,,,,,,,
10.0,10.0,0.0,88,,,,,,,,,,,,,,,,,,,,,,,,,,,,,,,,,,,,,,,,,,
11.0,11.0,0.0,93,,,,,,,,,,,,,,,,,,,,,,,,,,,,,,,,,,,,,,,,,,
12.0,12.0,0.0,97,,,,,,,,,,,,,,,,,,,,,,,,,,,,,,,,,,,,,,,,,,
13.0,13.0,0.0,100,,,,,,,,,,,,,,,,,,,,,,,,,,,,,,,,,,,,,,,,,,
14.0,14.0,0.0,102,,,,,,,,,,,,,,,,,,,,,,,,,,,,,,,,,,,,,,,,,,
,,,103,,,,,,,,,,,,,,,,,,,,,,,,,,,,,,,,,,,,,,,,,,
,,,104,,,,,,,,,,,,,,,,,,,,,,,,,,,,,,,,,,,,,,,,,,
,,,105,,,,,,,,,,,,,,,,,,,,,,,,,,,,,,,,,,,,,,,,,,
,,,106,,,,,,,,,,,,,,,,,,,,,,,,,,,,,,,,,,,,,,,,,,
,,,107,,,,,,,,,,,,,,,,,,,,,,,,,,,,,,,,,,,,,,,,,,
,,,108,,,,,,,,,,,,,,,,,,,,,,,,,,,,,,,,,,,,,,,,,,
,,,109,,,,,,,,,,,,,,,,,,,,,,,,,,,,,,,,,,,,,,,,,,
,,,110,,,,,,,,,,,,,,,,,,,,,,,,,,,,,,,,,,,,,,,,,,
,,,111,,,,,,,,,,,,,,,,,,,,,,,,,,,,,,,,,,,,,,,,,,
