unnamed_0,unnamed_1,unnamed_2,unnamed_3,unnamed_4,unnamed_5,unnamed_6,unnamed_7,unnamed_8,unnamed_9,unnamed_10,unnamed_11,unnamed_12,unnamed_13,unnamed_14,unnamed_15,unnamed_16,unnamed_17,unnamed_18,unnamed_19,unnamed_20,unnamed_21,unnamed_22,unnamed_23,unnamed_24,unnamed_25,unnamed_26,unnamed_27,unnamed_28,unnamed_29,unnamed_30,unnamed_31,unnamed_32,unnamed_33,unnamed_34,unnamed_35,unnamed_36,unnamed_37,unnamed_38,unnamed_39,unnamed_40,unnamed_41
,,,,,,,,,,,,,,,,,,,,,,,,,,,,,,,,,,,,,,,,,
,Leg-by-Leg,,,,,,,,,,,,,,,,,,,,,,,,,,,,,,,,,,,,,,,,
,,,,,,,,,,,,,,,,,,,,,,,,,,,,,,,,,,,,,,,,,
,"This sheet details each season's amount of challenges per leg.
Each season includes its respective amount of legs, and types of challenges included during it.",,,,,,,,,,,,,,,,,,,,,,,,,,,,,,,,,,,,,,,,
,,,,,,,,,,,,,,,,,,,,,,,,,,,,,,,,,,,,,,,,,
,Leg-by-Leg Challenges:,,,,,,,,,,,,,,,,,,,,,,,,,,,,,,,,,,,,,,,,
,"*NOTE: All final legs are categorized under Final Legs, even if they are Leg 10, 11, 12 of that season.",,,,,,,,,,,,,,,,,,,,,,,,,,,,,,,,,,,,,,,,
,"*NOTE: Average number is divided by 36 for Route Infos, Road Blocks, and Detours, and divided by the respective number of seasons for Speed Bumps and Fast Forwards.",,,,,,,,,,,,,,,,,,,,,,,,,,,,,,,,,,,,,,,,
,,Route Info,,Road Block,,Detour,,Speed Bump,,Fast Forward (1-4),,Fast Forward (5-29),,,,,,,,,,,,,,,,,,,,,,,,,,,,,
,Leg #,Total #,Avg #,Total # ,Avg # ,Total #  , Avg # ,Total #   ,Avg #   ,Total #   2,Avg #    ,   Total #   ,    Avg #    ,,,,,,,,,,,,,,,,,,,,,,,,,,,,
,Leg 1,177,4.657894736842105,27,0.7105263157894737,19,0.5,0,0,4,1,1,0.037037037037037035,,,,,,,,,,,,,,,,,,,,,,,,,,,,
,Leg 2,140,3.6842105263157894,36,0.9473684210526315,36,0.9473684210526315,3,0.13636363636363635,4,1,0,0,,,,,,,,,,,,,,,,,,,,,,,,,,,,
,Leg 3,147,3.8684210526315788,36,0.9473684210526315,38,1,0,0,4,1,0,0,,,,,,,,,,,,,,,,,,,,,,,,,,,,
,Leg 4,158,4.157894736842105,38,1,38,1,5,0.22727272727272727,4,1,4,0.14814814814814814,,,,,,,,,,,,,,,,,,,,,,,,,,,,
,Leg 5,146,3.8421052631578947,38,1,36,0.9473684210526315,6,0.2727272727272727,4,1,6,0.2222222222222222,,,,,,,,,,,,,,,,,,,,,,,,,,,,
,Leg 6,151,3.973684210526316,42,1.105263157894737,39,1.0263157894736843,3,0.13636363636363635,4,1,5,0.18518518518518517,,,,,,,,,,,,,,,,,,,,,,,,,,,,
,Leg 7,148,3.8947368421052633,35,0.9210526315789473,38,1,5,0.22727272727272727,4,1,5,0.18518518518518517,,,,,,,,,,,,,,,,,,,,,,,,,,,,
,Leg 8,163,4.2894736842105265,40,1.0526315789473684,37,0.9736842105263158,9,0.4090909090909091,4,1,3,0.1111111111111111,,,,,,,,,,,,,,,,,,,,,,,,,,,,
,Leg 9,186,4.894736842105263,40,1.0526315789473684,33,0.868421052631579,5,0.22727272727272727,4,1,5,0.18518518518518517,,,,,,,,,,,,,,,,,,,,,,,,,,,,
,Leg 10,165,4.342105263157895,37,0.9736842105263158,32,0.8421052631578947,7,0.3181818181818182,4,1,2,0.07407407407407407,,,,,,,,,,,,,,,,,,,,,,,,,,,,
,Leg 11,140,3.6842105263157894,35,0.9210526315789473,28,0.7368421052631579,6,0.3333333333333333,3,0.75,1,0.037037037037037035,,,,,,,,,,,,,,,,,,,,,,,,,,,,
,Leg 12,39,1.0263157894736843,8,0.21052631578947367,7,0.18421052631578946,0,0,0,0,0,0,,,,,,,,,,,,,,,,,,,,,,,,,,,,
,Final Legs,256,6.7368421052631575,42,1.105263157894737,13,0.34210526315789475,7,0.3181818181818182,0,0,0,0,,,,,,,,,,,,,,,,,,,,,,,,,,,,
,Totals,2016,4.080971659919028,454,0.9190283400809716,394,0.7975708502024291,56,0.2004662004662005,43,0.8269230769230769,32,0.09116809116809114,,,,,,,,,,,,,,,,,,,,,,,,,,,,
,,,,,,,,,,,,,,,,,,,,,,,,,,,,,,,,,,,,,,,,,
,,,,,,,,,,,,,,,,,,,,,,,,,,,,,,,,,,,,,,,,,
,,,,,,,,,,,,,,,,,,,,,,,,,,,,,,,,,,,,,,,,,
,,,,,,,,,,,,,,,,,,,,,,,,,,,,,,,,,,,,,,,,,
,,,,,,,,,,,,,,,,,,,,,,,,,,,,,,,,,,,,,,,,,
,,,,,,,,,,,,,,,,,,,,,,,,,,,,,,,,,,,,,,,,,
,,,,,,,,,,,,,,,,,,,,,,,,,,,,,,,,,,,,,,,,,
,,,,,,,,,,,,,,,,,,,,,,,,,,,,,,,,,,,,,,,,,
,,,,,,,,,,,,,,,,,,,,,,,,,,,,,,,,,,,,,,,,,
,,,,,,,,,,,,,,,,,,,,,,,,,,,,,,,,,,,,,,,,,
,,,,,,,,,,,,,,,,,,,,,,,,,,,,,,,,,,,,,,,,,
,,,,,,,,,,,,,,,,,,,,,,,,,,,,,,,,,,,,,,,,,
,,,,,,,,,,,,,,,,,,,,,,,,,,,,,,,,,,,,,,,,,
,,,,,,,,,,,,,,,,,,,,,,,,,,,,,,,,,,,,,,,,,
,,,,,,,,,,,,,,,,,,,,,,,,,,,,,,,,,,,,,,,,,
,,,,,,,,,,,,,,,,,,,,,,,,,,,,,,,,,,,,,,,,,
,,,,,,,,,,,,,,,,,,,,,,,,,,,,,,,,,,,,,,,,,
,,,,,,,,,,,,,,,,,,,,,,,,,,,,,,,,,,,,,,,,,
,,,,,,,,,,,,,,,,,,,,,,,,,,,,,,,,,,,,,,,,,
,,,,,,,,,,,,,,,,,,,,,,,,,,,,,,,,,,,,,,,,,
,,,,,,,,,,,,,,,,,,,,,,,,,,,,,,,,,,,,,,,,,
,,,,,,,,,,,,,,,,,,,,,,,,,,,,,,,,,,,,,,,,,
,Challenges-per-Leg:,,,,,,,,,,,,,,,,,,,,,,,,,,,,,,,,,,,,,,,,
,Leg #,Totals,Average,Season 1,Season 2,Season 3,Season 4,Season 5,Season 6,Season 7,Season 8,Season 9,Season 10,Season 11,Season 12,Season 13,Season 14,Season 15,Season 16,Season 17,Season 18,Season 19,Season 20,Season 21,Season 22,Season 23,Season 24,Season 25,Season 26,Season 27,Season 28,Season 29,Season 30,Season 31,Season 32,Season 33,Season 34,Season 35,Season 36,Season 37,Season 38
,Leg 1,230,5.945945945945946,6,6,6,6,8,8,8,8,5,6,5,5,6,6,3,5,5,5,8,6,7,7,6,6,6,4,6,5,5,6,8,5,5,5,7,5,6,10
,Leg 2,219,5.756756756756757,5,8,7,7,6,8,5,6,5,5,5,5,6,6,6,5,6,7,6,5,7,4,6,6,6,5,5,6,5,4,7,7,5,5,5,5,6,6
,Leg 3,225,5.891891891891892,6,6,6,7,6,7,5,7,6,7,6,6,6,5,6,6,7,6,6,5,6,6,6,5,6,6,5,6,6,5,4,5,6,8,5,5,6,7
,Leg 4,245,6.378378378378378,5,10,7,7,6,8,6,10,7,6,6,7,9,7,6,6,7,8,5,7,6,4,6,5,6,6,6,6,5,5,7,5,7,5,5,5,7,9
,Leg 5,235,6.1891891891891895,6,6,7,7,8,7,7,6,6,6,6,6,7,4,7,7,7,7,7,7,5,5,7,7,9,7,5,6,6,5,6,6,4,4,5,5,6,6
,Leg 6,245,6.486486486486487,6,7,7,7,6,13,6,6,6,6,5,5,5,7,6,6,6,6,6,7,8,6,7,7,6,5,6,7,6,5,8,6,5,5,7,9,8,5
,Leg 7,235,6.162162162162162,5,8,7,7,6,8,5,6,8,6,5,7,6,6,6,6,7,5,6,5,6,7,6,6,5,6,7,6,5,5,5,7,5,5,8,5,9,7
,Leg 8,258,6.783783783783784,7,7,8,6,6,7,6,6,6,5,6,8,6,5,6,6,7,7,7,7,5,8,8,6,7,7,6,6,8,5,6,11,6,9,8,6,10,7
,Leg 9,273,7.1891891891891895,5,7,7,7,9,7,8,9,6,13,6,6,6,6,6,9,6,7,8,5,8,7,7,8,8,5,7,9,6,9,7,8,5,6,7,8,8,7
,Leg 10,254,6.833333333333333,7,6,8,8,4,7,6,10,7,6,7,9,7,5,6,7,6,5,7,8,6,7,5,8,6,9,5,7,8,5,5,10,7,,9,5,8,8
,Leg 11,212,6.645161290322581,5,7,5,7,7,6,7,6,6,5,7,,,8,9,7,8,7,7,6,8,5,7,6,6,5,5,6,8,8,7,,,,7,,8,6
,Leg 12,54,6.75,8,7,6,8,7,,5,,8,,5,,,,,,,,,,,,,,,,,,,,,,,,,,,
,Final Leg,307,8.08108108108108,5,9,9,10,6,7,9,12,7,9,8,9,8,5,9,9,7,9,7,8,7,10,7,7,9,8,8,8,9,7,7,8,8,8,8,10,8,8
,Total,2992,6.545643037578521,76,94,90,94,85,93,83,92,83,80,77,73,72,70,76,79,79,79,80,76,79,76,78,77,80,73,71,78,77,69,77,78,63,60,81,68,90,86
,,,,,,,,,,,,,,,,,,,,,,,,,,,,,,,,,,,,,,,,,
,Legs with # of Challenges:,,,,,,,,,,,,,,,,,,,,,,,,,,,,,,,,,,,,,,,,
,# of Challenges,Totals,%,Season 1,Season 2,Season 3,Season 4,Season 5,Season 6,Season 7,Season 8,Season 9,Season 10,Season 11,Season 12,Season 13,Season 14,Season 15,Season 16,Season 17,Season 18,Season 19,Season 20,Season 21,Season 22,Season 23,Season 24,Season 25,Season 26,Season 27,Season 28,Season 29,Season 30,Season 31,Season 32,Season 33,Season 34,Season 35,Season 36,Season 37,Season 38
,1,0,0,0,0,0,0,0,0,0,0,0,0,0,0,0,0,0,0,0,0,0,0,0,0,0,0,0,0,0,0,0,0,0,0,0,0,0,0,0,0
,2,0,0,0,0,0,0,0,0,0,0,0,0,0,0,0,0,0,0,0,0,0,0,0,0,0,0,0,0,0,0,0,0,0,0,0,0,0,0,0,0
,3,1,0.0022471910112359553,0,0,0,0,0,0,0,0,0,0,0,0,0,0,1,0,0,0,0,0,0,0,0,0,0,0,0,0,0,0,0,0,0,0,0,0,0,0
,4,9,0.020224719101123594,0,0,0,0,1,0,0,0,0,0,0,0,0,1,0,0,0,0,0,0,0,2,0,0,0,1,0,0,0,1,1,0,1,1,0,0,0,0
,5,95,0.21348314606741572,6,0,1,0,0,0,4,0,2,3,5,3,1,4,0,2,1,3,1,4,2,2,1,2,1,4,5,1,4,7,2,3,5,5,4,7,0,1
,6,140,0.3146067415730337,4,4,3,2,7,1,4,6,6,6,5,3,6,4,8,5,4,2,4,2,4,2,5,5,7,3,4,7,4,1,2,2,2,1,0,1,4,3
,7,105,0.23595505617977527,2,5,6,8,2,6,2,1,3,1,2,2,2,2,1,3,6,5,5,4,3,4,5,3,1,2,2,2,0,1,5,2,2,0,4,0,1,4
,8,59,0.13258426966292136,1,2,2,2,2,4,2,1,2,0,1,1,1,1,0,0,1,1,2,2,3,1,1,2,1,1,1,1,3,1,2,2,1,2,3,1,5,2
,9,24,0.05393258426966292,0,1,1,0,1,0,1,1,0,1,0,2,1,0,2,2,0,1,0,0,0,0,0,0,2,1,0,1,1,1,0,0,0,1,1,1,1,1
,10,8,0.017977528089887642,0,1,0,1,0,0,0,2,0,0,0,0,0,0,0,0,0,0,0,0,0,1,0,0,0,0,0,0,0,0,0,1,0,0,0,1,1,1
,11,1,0.0022471910112359553,0,0,0,0,0,0,0,0,0,0,0,0,0,0,0,0,0,0,0,0,0,0,0,0,0,0,0,0,0,0,0,1,0,0,0,0,0,0
,12,1,0.0022471910112359553,0,0,0,0,0,0,0,1,0,0,0,0,0,0,0,0,0,0,0,0,0,0,0,0,0,0,0,0,0,0,0,0,0,0,0,0,0,0
,13,2,0.0044943820224719105,0,0,0,0,0,1,0,0,0,1,0,0,0,0,0,0,0,0,0,0,0,0,0,0,0,0,0,0,0,0,0,0,0,0,0,0,0,0
,,,,,,,,,,,,,,,,,,,,,,,,,,,,,,,,,,,,,,,,,
,% of Challenges per Leg,,,,,,,,,,,,,,,,,,,,,,,,,,,,,,,,,,,,,,,,
,# of Challenges,1,2,3,4,5,6,7,8,9,10,11,12,13,,,,,,,,,,,,,,,,,,,,,,,,,,,
,Leg 1,0,0,0.02631578947368421,0.02631578947368421,0.3157894736842105,0.3684210526315789,0.07894736842105263,0.15789473684210525,0,0.02631578947368421,0,0,0,,,,,,,,,,,,,,,,,,,,,,,,,,,
,Leg 2,0,0,0,0.05263157894736842,0.39473684210526316,0.34210526315789475,0.15789473684210525,0.05263157894736842,0,0,0,0,0,,,,,,,,,,,,,,,,,,,,,,,,,,,
,Leg 3,0,0,0,0.02631578947368421,0.23684210526315788,0.5526315789473685,0.15789473684210525,0.02631578947368421,0,0,0,0,0,,,,,,,,,,,,,,,,,,,,,,,,,,,
,Leg 4,0,0,0,0.02631578947368421,0.23684210526315788,0.3157894736842105,0.2631578947368421,0.05263157894736842,0.05263157894736842,0.05263157894736842,0,0,0,,,,,,,,,,,,,,,,,,,,,,,,,,,
,Leg 5,0,0,0,0.07894736842105263,0.15789473684210525,0.34210526315789475,0.3684210526315789,0.02631578947368421,0.02631578947368421,0,0,0,0,,,,,,,,,,,,,,,,,,,,,,,,,,,
,Leg 6,0,0,0,0,0.21052631578947367,0.42105263157894735,0.23684210526315788,0.07894736842105263,0.02631578947368421,0,0,0,0.02631578947368421,,,,,,,,,,,,,,,,,,,,,,,,,,,
,Leg 7,0,0,0,0,0.3157894736842105,0.34210526315789475,0.21052631578947367,0.10526315789473684,0.02631578947368421,0,0,0,0,,,,,,,,,,,,,,,,,,,,,,,,,,,
,Leg 8,0,0,0,0,0.10526315789473684,0.39473684210526316,0.2631578947368421,0.15789473684210525,0.02631578947368421,0.02631578947368421,0.02631578947368421,0,0,,,,,,,,,,,,,,,,,,,,,,,,,,,
,Leg 9,0,0,0,0,0.10526315789473684,0.23684210526315788,0.2894736842105263,0.21052631578947367,0.13157894736842105,0,0,0,0.02631578947368421,,,,,,,,,,,,,,,,,,,,,,,,,,,
,Leg 10,0,0,0,0.02702702702702703,0.1891891891891892,0.1891891891891892,0.2702702702702703,0.1891891891891892,0.08108108108108109,0.05405405405405406,0,0,0,,,,,,,,,,,,,,,,,,,,,,,,,,,
,Leg 11,0,0,0,0,0.1875,0.25,0.34375,0.1875,0.03125,0,0,0,0,,,,,,,,,,,,,,,,,,,,,,,,,,,
,Leg 12,0,0,0,0,0.25,0.125,0.25,0.375,0,0,0,0,0,,,,,,,,,,,,,,,,,,,,,,,,,,,
,Final Leg,0,0,0,0,0.05263157894736842,0.02631578947368421,0.23684210526315788,0.3157894736842105,0.2631578947368421,0.07894736842105263,0,0.02631578947368421,0,,,,,,,,,,,,,,,,,,,,,,,,,,,
,,,,,,,,,,,,,,,,,,,,,,,,,,,,,,,,,,,,,,,,,
,Longest Leg per Season,,,,,,,,,,,,,,,,,,,,,,,,,,,,,,,,,,,,,,,,
,Season #,Leg #,Challenge #,,,,,,,,,,,,,,,,,,,,,,,,,,,,,,,,,,,,,,
,Season 1,Leg 12,8,,Longest Legs by Number,,,,,,,,,,,,,,,,,,,,,,,,,,,,,,,,,,,,
,Season 2,Leg 4,10,,Leg #,# of Seasons,,,,,,,,,,,,,,,,,,,,,,,,,,,,,,,,,,,
,Season 3,Final Leg,9,,Leg 1,3,,,,,,,,,,,,,,,,,,,,,,,,,,,,,,,,,,,
,Season 4,Final Leg,10,,Leg 2,0,,,,,,,,,,,,,,,,,,,,,,,,,,,,,,,,,,,
,Season 5,Leg 9,9,,Leg 3,0,,,,,,,,,,,,,,,,,,,,,,,,,,,,,,,,,,,
,Season 6,Leg 6,13,,Leg 4,2,,,,,,,,,,,,,,,,,,,,,,,,,,,,,,,,,,,
,Season 7,Final Leg,9,,Leg 5,1,,,,,,,,,,,,,,,,,,,,,,,,,,,,,,,,,,,
,Season 8,Final Leg,12,,Leg 6,3,,,,,,,,,,,,,,,,,,,,,,,,,,,,,,,,,,,
,Season 9,Leg 7 ,8,,Leg 7,0,,,,,,,,,,,,,,,,,,,,,,,,,,,,,,,,,,,
,,Leg 12,,,Leg 8,4,,,,,,,,,,,,,,,,,,,,,,,,,,,,,,,,,,,
,Season 10,Leg 9,13,,Leg 9,8,,,,,,,,,,,,,,,,,,,,,,,,,,,,,,,,,,,
,Season 11,Final Leg,8,,Leg 10,5,,,,,,,,,,,,,,,,,,,,,,,,,,,,,,,,,,,
,Season 12,Leg 10,9,,Leg 11,4,,,,,,,,,,,,,,,,,,,,,,,,,,,,,,,,,,,
,,Final Leg,,,Leg 12,2,,,,,,,,,,,,,,,,,,,,,,,,,,,,,,,,,,,
,Season 13,Leg 4,9,,Final Leg,16,,,,,,,,,,,,,,,,,,,,,,,,,,,,,,,,,,,
,Season 14,Leg 11,8,,,,,,,,,,,,,,,,,,,,,,,,,,,,,,,,,,,,,,
,Season 15,Leg 11,9,,Longest Legs by Challenge Number,,,,,,,,,,,,,,,,,,,,,,,,,,,,,,,,,,,,
,,Final Leg,,,Challenge #,# of Seasons,,,,,,,,,,,,,,,,,,,,,,,,,,,,,,,,,,,
,Season 16,Leg 9,9,,1,0,,,,,,,,,,,,,,,,,,,,,,,,,,,,,,,,,,,
,,Final Leg,,,2,0,,,,,,,,,,,,,,,,,,,,,,,,,,,,,,,,,,,
,Season 17,Leg 11,8,,3,0,,,,,,,,,,,,,,,,,,,,,,,,,,,,,,,,,,,
,Season 18,Final Leg,9,,4,0,,,,,,,,,,,,,,,,,,,,,,,,,,,,,,,,,,,
,Season 19,Leg 1,8,,5,0,,,,,,,,,,,,,,,,,,,,,,,,,,,,,,,,,,,
,,Leg 9,,,6,0,,,,,,,,,,,,,,,,,,,,,,,,,,,,,,,,,,,
,Season 20,Leg 10,8,,7,0,,,,,,,,,,,,,,,,,,,,,,,,,,,,,,,,,,,
,,Final Leg,,,8,13,,,,,,,,,,,,,,,,,,,,,,,,,,,,,,,,,,,
,Season 21,Leg 6,8,,9,15,,,,,,,,,,,,,,,,,,,,,,,,,,,,,,,,,,,
,,Leg 9,,,10,6,,,,,,,,,,,,,,,,,,,,,,,,,,,,,,,,,,,
,,Leg 11,,,11,1,,,,,,,,,,,,,,,,,,,,,,,,,,,,,,,,,,,
,Season 22,Final Leg,10,,12,1,,,,,,,,,,,,,,,,,,,,,,,,,,,,,,,,,,,
,Season 23,Leg 8,8,,13,2,,,,,,,,,,,,,,,,,,,,,,,,,,,,,,,,,,,
,Season 24,Leg 9,8,,,,,,,,,,,,,,,,,,,,,,,,,,,,,,,,,,,,,,
,,Leg 10,,,,,,,,,,,,,,,,,,,,,,,,,,,,,,,,,,,,,,,
,Season 25,Leg 5,9,,,,,,,,,,,,,,,,,,,,,,,,,,,,,,,,,,,,,,
,,Final Leg,,,,,,,,,,,,,,,,,,,,,,,,,,,,,,,,,,,,,,,
,Season 26,Leg 10,9,,,,,,,,,,,,,,,,,,,,,,,,,,,,,,,,,,,,,,
,Season 27,Final Leg,8,,,,,,,,,,,,,,,,,,,,,,,,,,,,,,,,,,,,,,
,Season 28,Leg 9,9,,,,,,,,,,,,,,,,,,,,,,,,,,,,,,,,,,,,,,
,Season 29,Final Leg,9,,,,,,,,,,,,,,,,,,,,,,,,,,,,,,,,,,,,,,
,Season 30,Leg 9,9,,,,,,,,,,,,,,,,,,,,,,,,,,,,,,,,,,,,,,
,Season 31,Leg 1,8,,,,,,,,,,,,,,,,,,,,,,,,,,,,,,,,,,,,,,
,,Leg 6,,,,,,,,,,,,,,,,,,,,,,,,,,,,,,,,,,,,,,,
,Season 32,Leg 8,11,,,,,,,,,,,,,,,,,,,,,,,,,,,,,,,,,,,,,,
,Season 33,Final Leg,8,,,,,,,,,,,,,,,,,,,,,,,,,,,,,,,,,,,,,,
,Season 34,Leg 8,9,,,,,,,,,,,,,,,,,,,,,,,,,,,,,,,,,,,,,,
,Season 35,Leg 10,9,,,,,,,,,,,,,,,,,,,,,,,,,,,,,,,,,,,,,,
,Season 36,Final Leg,10,,,,,,,,,,,,,,,,,,,,,,,,,,,,,,,,,,,,,,
,Season 37,Leg 8,10,,,,,,,,,,,,,,,,,,,,,,,,,,,,,,,,,,,,,,
,Season 38,Leg 1,10,,,,,,,,,,,,,,,,,,,,,,,,,,,,,,,,,,,,,,
,,Average,9.157894736842104,,,,,,,,,,,,,,,,,,,,,,,,,,,,,,,,,,,,,,
,,Max,13,,,,,,,,,,,,,,,,,,,,,,,,,,,,,,,,,,,,,,
,,Min,8,,,,,,,,,,,,,,,,,,,,,,,,,,,,,,,,,,,,,,
,,Mode,9,,,,,,,,,,,,,,,,,,,,,,,,,,,,,,,,,,,,,,
,,,,,,,,,,,,,,,,,,,,,,,,,,,,,,,,,,,,,,,,,
,,,,,,,,,,,,,,,,,,,,,,,,,,,,,,,,,,,,,,,,,
,Megalegs/Superlegs,,*NOTE: Seasons not shown don't have a Megaleg(s)/Superleg(s),,,,,,,,,,,,,,,,,,,,,,,,,,,,,,,,,,,,,,
,Season #,Leg 1,Leg 2,Leg 3,Leg 4,Leg 5,Leg 6,Leg 7,Leg 8,Leg 9,Leg 10,Leg 11,Leg 12,Leg 13,,,,,,,,,,,,,,,,,,,,,,,,,,,
,Season 6,,,,,,1,,,,,,,,,,,,,,,,,,,,,,,,,,,,,,,,,,
,Season 8,,,,,,,,,,,,1,,,,,,,,,,,,,,,,,,,,,,,,,,,,
,Season 10,,,,,,,,,1,,,,,,,,,,,,,,,,,,,,,,,,,,,,,,,
,Season 32,,,,,,,,1,,,,,,,,,,,,,,,,,,,,,,,,,,,,,,,,
,Season 34,,,1,,,,,1,,,,,,,,,,,,,,,,,,,,,,,,,,,,,,,,
,Season 36,,,,,,1,,,,,,,,,,,,,,,,,,,,,,,,,,,,,,,,,,
,Totals,0,0,1,0,0,2,0,2,1,0,0,1,0,,,,,,,,,,,,,,,,,,,,,,,,,,,
,%,0,0,0.14285714285714285,0,0,0.2857142857142857,0,0.2857142857142857,0.14285714285714285,0,0,0.14285714285714285,0,,,,,,,,,,,,,,,,,,,,,,,,,,,
,,,,,,,,,,,,,,,,,,,,,,,,,,,,,,,,,,,,,,,,,
,Legs with a/multiple Road Block(s) and no Detour,,,,,,,,,,,,,,,,,,,,,,,,,,,,,,,,,,,,,,,,
,Season #,Leg 1,Leg 2,Leg 3,Leg 4,Leg 5,Leg 6,Leg 7,Leg 8,Leg 9,Leg 10,Leg 11,Leg 12,Leg 13,,,,,,,,,,,,,,,,,,,,,,,,,,,
,Season 1,,,,,,,,,,,,,,,,,,,,,,,,,,,,,,,,,,,,,,,,
,Season 2,,,,,,,,,,,,,1,,,,,,,,,,,,,,,,,,,,,,,,,,,
,Season 3,,,,,,,,,,,,,,,,,,,,,,,,,,,,,,,,,,,,,,,,
,Season 4,,,,,,,,,,,,,,,,,,,,,,,,,,,,,,,,,,,,,,,,
,Season 5,,,,,,,,,,,,1,,,,,,,,,,,,,,,,,,,,,,,,,,,,
,Season 6,,,,,,,,,,,,,,,,,,,,,,,,,,,,,,,,,,,,,,,,
,Season 7,,,,,,,,,,,,,,,,,,,,,,,,,,,,,,,,,,,,,,,,
,Season 8,,,,,,,,,,,,,,,,,,,,,,,,,,,,,,,,,,,,,,,,
,Season 9,,,,,,,,,,,,,,,,,,,,,,,,,,,,,,,,,,,,,,,,
,Season 10,,,,,,,,,,,,,,,,,,,,,,,,,,,,,,,,,,,,,,,,
,Season 11,,,,,,,,,,,,,,,,,,,,,,,,,,,,,,,,,,,,,,,,
,Season 12,1,,,,,,,,,,,,,,,,,,,,,,,,,,,,,,,,,,,,,,,
,Season 13,,,,,,,,,,,,,,,,,,,,,,,,,,,,,,,,,,,,,,,,
,Season 14,1,,,,,,,,,,,1,,,,,,,,,,,,,,,,,,,,,,,,,,,,
,Season 15,1,1,,,,,,,,,,1,,,,,,,,,,,,,,,,,,,,,,,,,,,,
,Season 16,1,,,,,,,,,2,,1,,,,,,,,,,,,,,,,,,,,,,,,,,,,
,Season 17,1,,,,,,,,,,,1,,,,,,,,,,,,,,,,,,,,,,,,,,,,
,Season 18,1,,,,,,,,,,,2,,,,,,,,,,,,,,,,,,,,,,,,,,,,
,Season 19,1,,,,2,,,,1,,,1,,,,,,,,,,,,,,,,,,,,,,,,,,,,
,Season 20,1,,,,,,,,,,,2,,,,,,,,,,,,,,,,,,,,,,,,,,,,
,Season 21,2,,,,,,,,,,,2,,,,,,,,,,,,,,,,,,,,,,,,,,,,
,Season 22,2,,,,,,,1,,,,1,,,,,,,,,,,,,,,,,,,,,,,,,,,,
,Season 23,2,,,,,,,,,,,1,,,,,,,,,,,,,,,,,,,,,,,,,,,,
,Season 24,1,,,,,,,,1,,,1,,,,,,,,,,,,,,,,,,,,,,,,,,,,
,Season 25,1,,,,,,,,,,,2,,,,,,,,,,,,,,,,,,,,,,,,,,,,
,Season 26,,,,,,,,,,,,2,,,,,,,,,,,,,,,,,,,,,,,,,,,,
,Season 27,,,,,,,,,,,,1,,,,,,,,,,,,,,,,,,,,,,,,,,,,
,Season 28,,,,,,,,,2,,,2,,,,,,,,,,,,,,,,,,,,,,,,,,,,
,Season 29,,,,,,,,,,1,2,,,,,,,,,,,,,,,,,,,,,,,,,,,,,
,Season 30,1,,,,,,,,,,,1,,,,,,,,,,,,,,,,,,,,,,,,,,,,
,Season 31,2,,,,,,,,,,,1,,,,,,,,,,,,,,,,,,,,,,,,,,,,
,Season 32,1,1,,,2,,,,,,2,,,,,,,,,,,,,,,,,,,,,,,,,,,,,
,Season 33,,,,,,,,2,,2,,,,,,,,,,,,,,,,,,,,,,,,,,,,,,
,Season 34,1,,,,,,,,1,1,,,,,,,,,,,,,,,,,,,,,,,,,,,,,,
,Season 35,,,,,,,,,,,2,,,,,,,,,,,,,,,,,,,,,,,,,,,,,
,Season 36,,,,,,,,,2,,2,,,,,,,,,,,,,,,,,,,,,,,,,,,,,
,Season 37,1,,,,,2,,1,,,1,1,,,,,,,,,,,,,,,,,,,,,,,,,,,,
,Season 38,1,,2,,,,,,,2,1,,,,,,,,,,,,,,,,,,,,,,,,,,,,,
,Totals,23,2,2,,4,2,,4,7,8,10,25,1,,,,,,,,,,,,,,,,,,,,,,,,,,,
,,,,,,,,,,,,,,,,,,,,,,,,,,,,,,,,,,,,,,,,,
,Legs with a/multiple Detour(s) and no Road Block,,,,,,,,,,,,,,,,,,,,,,,,,,,,,,,,,,,,,,,,
,Season #,Leg 1,Leg 2,Leg 3,Leg 4,Leg 5,Leg 6,Leg 7,Leg 8,Leg 9,Leg 10,Leg 11,Leg 12,Leg 13,,,,,,,,,,,,,,,,,,,,,,,,,,,
,Season 1,1,,,,,,,,,,,,,,,,,,,,,,,,,,,,,,,,,,,,,,,
,Season 2,1,,,,,,,,,,,,,,,,,,,,,,,,,,,,,,,,,,,,,,,
,Season 3,1,,,,,,,,,,,,,,,,,,,,,,,,,,,,,,,,,,,,,,,
,Season 4,1,,,,,,,,,,,,,,,,,,,,,,,,,,,,,,,,,,,,,,,
,Season 5,1,,,,,,,,,,,,,,,,,,,,,,,,,,,,,,,,,,,,,,,
,Season 6,1,,,,,,,,,,,,,,,,,,,,,,,,,,,,,,,,,,,,,,,
,Season 7,1,,,,,,,,,,,,,,,,,,,,,,,,,,,,,,,,,,,,,,,
,Season 8,1,,,,,,,,,,,,,,,,,,,,,,,,,,,,,,,,,,,,,,,
,Season 9,1,,,,,,,,,,,,,,,,,,,,,,,,,,,,,,,,,,,,,,,
,Season 10,,,,,,,,,,,,,,,,,,,,,,,,,,,,,,,,,,,,,,,,
,Season 11,1,,,,,,,,,,,,,,,,,,,,,,,,,,,,,,,,,,,,,,,
,Season 12,,,,,,,,,,,,,,,,,,,,,,,,,,,,,,,,,,,,,,,,
,Season 13,1,,,,,,,,,,1,,,,,,,,,,,,,,,,,,,,,,,,,,,,,
,Season 14,,,,,,,1,,,,,,,,,,,,,,,,,,,,,,,,,,,,,,,,,
,Season 15,,,,,,,,,,,,,,,,,,,,,,,,,,,,,,,,,,,,,,,,
,Season 16,,,,,1,,,,,,,,,,,,,,,,,,,,,,,,,,,,,,,,,,,
,Season 17,,,,,,,,,,,,,,,,,,,,,,,,,,,,,,,,,,,,,,,,
,Season 18,,1,,,,,,,,,,,,,,,,,,,,,,,,,,,,,,,,,,,,,,
,Season 19,,,,,,,,,,,,,,,,,,,,,,,,,,,,,,,,,,,,,,,,
,Season 20,,,,,,,1,,,,,,,,,,,,,,,,,,,,,,,,,,,,,,,,,
,Season 21,,,,,,,,,,,,,,,,,,,,,,,,,,,,,,,,,,,,,,,,
,Season 22,,,,,,,,,,,,,,,,,,,,,,,,,,,,,,,,,,,,,,,,
,Season 23,,,,,,,,,,,,,,,,,,,,,,,,,,,,,,,,,,,,,,,,
,Season 24,,,,,,,,,,,,,,,,,,,,,,,,,,,,,,,,,,,,,,,,
,Season 25,,1,1,,,,,,,1,,,,,,,,,,,,,,,,,,,,,,,,,,,,,,
,Season 26,1,,1,,1,,,,,,,,,,,,,,,,,,,,,,,,,,,,,,,,,,,
,Season 27,1,,,,,,,,,,,,,,,,,,,,,,,,,,,,,,,,,,,,,,,
,Season 28,,,,,,,,,,,,,,,,,,,,,,,,,,,,,,,,,,,,,,,,
,Season 29,1,,,,,,,,,,,,,,,,,,,,,,,,,,,,,,,,,,,,,,,
,Season 30,,,,,,,1,1,,,,,,,,,,,,,,,,,,,,,,,,,,,,,,,,
,Season 31,,,,,,,,,,1,,,,,,,,,,,,,,,,,,,,,,,,,,,,,,
,Season 32,,,1,,,,1,,,,,,,,,,,,,,,,,,,,,,,,,,,,,,,,,
,Season 33,1,,,,,,,,,,,,,,,,,,,,,,,,,,,,,,,,,,,,,,,
,Season 34,,,,,,,,,,,,,,,,,,,,,,,,,,,,,,,,,,,,,,,,
,Season 35,,,1,,,,,,,,,,,,,,,,,,,,,,,,,,,,,,,,,,,,,
,Season 36,,,,,,,,,,,,,,,,,,,,,,,,,,,,,,,,,,,,,,,,
,Season 37,,,,,,,,,,,,,,,,,,,,,,,,,,,,,,,,,,,,,,,,
,Season 38,,,,,,,,,,,,,,,,,,,,,,,,,,,,,,,,,,,,,,,,
,Totals,15,2,4,,2,,4,1,,2,1,,,,,,,,,,,,,,,,,,,,,,,,,,,,,
,,,,,,,,,,,,,,,,,,,,,,,,,,,,,,,,,,,,,,,,,
,Legs with no Detour(s) OR Road Block(s),,,,,,,,,,,,,,,,,,,,,,,,,,,,,,,,,,,,,,,,
,Season #,Leg 1,Leg 2,Leg 3,Leg 4,Leg 5,Leg 6,Leg 7,Leg 8,Leg 9,Leg 10,Leg 11,Leg 12,Leg 13,,,,,,,,,,,,,,,,,,,,,,,,,,,
,Season 1,,,,,,,,,,,,,,,,,,,,,,,,,,,,,,,,,,,,,,,,
,Season 2,,,,,,,,,,,,,,,,,,,,,,,,,,,,,,,,,,,,,,,,
,Season 3,,,,,,,,,,,,,,,,,,,,,,,,,,,,,,,,,,,,,,,,
,Season 4,,,,,,,,,,,,,,,,,,,,,,,,,,,,,,,,,,,,,,,,
,Season 5,,,,,,,,,,,,,,,,,,,,,,,,,,,,,,,,,,,,,,,,
,Season 6,,,,,,,,,,,,,,,,,,,,,,,,,,,,,,,,,,,,,,,,
,Season 7,,,,,,,,,,,,,,,,,,,,,,,,,,,,,,,,,,,,,,,,
,Season 8,,,,,,,,,,,,,,,,,,,,,,,,,,,,,,,,,,,,,,,,
,Season 9,,,,,,,,,,,,,,,,,,,,,,,,,,,,,,,,,,,,,,,,
,Season 10,,,,,,,,,,,,,,,,,,,,,,,,,,,,,,,,,,,,,,,,
,Season 11,,,,,,,,,,,,,,,,,,,,,,,,,,,,,,,,,,,,,,,,
,Season 12,,,,,,,,,,,,,,,,,,,,,,,,,,,,,,,,,,,,,,,,
,Season 13,,,,,,,,,,,,,,,,,,,,,,,,,,,,,,,,,,,,,,,,
,Season 14,,,,,,,,,,,,,,,,,,,,,,,,,,,,,,,,,,,,,,,,
,Season 15,,,,,,,,,,,,,,,,,,,,,,,,,,,,,,,,,,,,,,,,
,Season 16,,,,,,,,,,,,,,,,,,,,,,,,,,,,,,,,,,,,,,,,
,Season 17,,,,,,,,,,,,,,,,,,,,,,,,,,,,,,,,,,,,,,,,
,Season 18,,,,,,,,,,,,,,,,,,,,,,,,,,,,,,,,,,,,,,,,
,Season 19,,,,,,,,,,,,,,,,,,,,,,,,,,,,,,,,,,,,,,,,
,Season 20,,,,,,,,,,,,,,,,,,,,,,,,,,,,,,,,,,,,,,,,
,Season 21,,,,,,,,,,,,,,,,,,,,,,,,,,,,,,,,,,,,,,,,
,Season 22,,,,,,,,,,,,,,,,,,,,,,,,,,,,,,,,,,,,,,,,
,Season 23,,,,,,,,,,,,,,,,,,,,,,,,,,,,,,,,,,,,,,,,
,Season 24,,,,,,,,,,,,,,,,,,,,,,,,,,,,,,,,,,,,,,,,
,Season 25,,,,,,,,,,,,,,,,,,,,,,,,,,,,,,,,,,,,,,,,
,Season 26,,,,,,,,,,,,,,,,,,,,,,,,,,,,,,,,,,,,,,,,
,Season 27,,,,,,,,,,,,,,,,,,,,,,,,,,,,,,,,,,,,,,,,
,Season 28,,,,,,,,,,,,,,,,,,,,,,,,,,,,,,,,,,,,,,,,
,Season 29,,,,,,,,,,,,9,,,,,,,,,,,,,,,,,,,,,,,,,,,,
,Season 30,,,,,,,,,9,,,,,,,,,,,,,,,,,,,,,,,,,,,,,,,
,Season 31,,,,,,,,,,,,,,,,,,,,,,,,,,,,,,,,,,,,,,,,
,Season 32,,,,,,,,,,11,,,,,,,,,,,,,,,,,,,,,,,,,,,,,,
,Season 33,,,,,,,,,,,8,,,,,,,,,,,,,,,,,,,,,,,,,,,,,
,Season 34,,,,,,,,,,,,,,,,,,,,,,,,,,,,,,,,,,,,,,,,
,Season 35,,,,,,,,,,,,8,,,,,,,,,,,,,,,,,,,,,,,,,,,,
,Season 36,,,,,,,,,,,,,,,,,,,,,,,,,,,,,,,,,,,,,,,,
,Season 37,,,,,,,,,,,,,,,,,,,,,,,,,,,,,,,,,,,,,,,,
,Season 38,,,,,,,,,,,,8,,,,,,,,,,,,,,,,,,,,,,,,,,,,
,Averages,,,,,,,,,9,11,8,8.333333333333334,,,,,,,,,,,,,,,,,,,,,,,,,,,,
,,,,,,,,,,,,,,,,,,,,,,,,,,,,,,,,,,,,,,,,,
,Season-by-Season Breakdown:,,,,,,,,,,,,,,,,,,,,,,,,,,,,,,,,,,,,,,,,
,"*NOTE: Bolded Legs indicate ""mega-legs"", which feature twice the amount of Road Blocks and Detours",,,,,,,,,,,,,,,,,,,,,,,,,,,,,,,,,,,,,,,,
,Season 1,,,,,,Season 2,,,,,,Season 3,,,,,,Season 4,,,,,,,,,,,,,,,,,,,,,,
,Leg #,Route Info,Road Block,Detour,Fast Forward,,Leg #,Route Info,Road Block,Detour,Fast Forward,,Leg #,Route Info,Road Block,Detour,Fast Forward,,Leg #,Route Info,Road Block,Detour,Fast Forward,,,,,,,,,,,,,,,,,,
,Leg 1,4,0,1,1,,Leg 1,4,0,1,1,,Leg 1,4,0,1,1,,Leg 1,4,0,1,1,,,,,,,,,,,,,,,,,,
,Leg 2,2,1,1,1,,Leg 2,5,1,1,1,,Leg 2,4,1,1,1,,Leg 2,4,1,1,1,,,,,,,,,,,,,,,,,,
,Leg 3,3,1,1,1,,Leg 3,3,1,1,1,,Leg 3,3,1,1,1,,Leg 3,4,1,1,1,,,,,,,,,,,,,,,,,,
,Leg 4,2,1,1,1,,Leg 4,7,1,1,1,,Leg 4,4,1,1,1,,Leg 4,4,1,1,1,,,,,,,,,,,,,,,,,,
,Leg 5,3,1,1,1,,Leg 5,3,1,1,1,,Leg 5,4,1,1,1,,Leg 5,4,1,1,1,,,,,,,,,,,,,,,,,,
,Leg 6,3,1,1,1,,Leg 6,3,1,1,1,,Leg 6,4,1,1,1,,Leg 6,4,1,1,1,,,,,,,,,,,,,,,,,,
,Leg 7,2,1,1,1,,Leg 7,5,1,1,1,,Leg 7,4,1,1,1,,Leg 7,4,1,1,1,,,,,,,,,,,,,,,,,,
,Leg 8,4,1,1,1,,Leg 8,4,1,1,1,,Leg 8,5,1,1,1,,Leg 8,3,1,1,1,,,,,,,,,,,,,,,,,,
,Leg 9,2,1,1,1,,Leg 9,4,1,1,1,,Leg 9,4,1,1,1,,Leg 9,4,1,1,1,,,,,,,,,,,,,,,,,,
,Leg 10,4,1,1,1,,Leg 10,3,1,1,1,,Leg 10,6,1,1,1,,Leg 10,5,1,1,1,,,,,,,,,,,,,,,,,,
,Leg 11,3,1,1,0,,Leg 11,4,1,1,1,,Leg 11,3,1,1,1,,Leg 11,4,1,1,1,,,,,,,,,,,,,,,,,,
,Leg 12,6,1,1,0,,Leg 12,5,1,1,0,,Leg 12,4,1,1,0,,Leg 12,6,1,1,0,,,,,,,,,,,,,,,,,,
,Leg 13,3,1,1,0,,Leg 13,8,1,0,0,,Leg 13,7,1,1,0,,Leg 13,8,1,1,0,,,,,,,,,,,,,,,,,,
,Totals,41,12,13,10,,Totals,58,12,12,11,,Totals,56,12,13,11,,Totals,58,12,13,11,,,,,,,,,,,,,,,,,,
,,,,,,,,,,,,,,,,,,,,,,,,,,,,,,,,,,,,,,,,,
,Season 5,,,,,,Season 6,,,,,,Season 7,,,,,,Season 8,,,,,,,,,,,,,,,,,,,,,,
,Leg #,Route Info,Road Block,Detour,Fast Forward,,Leg #,Route Info,Road Block,Detour,Fast Forward,,Leg #,Route Info,Road Block,Detour,Fast Forward,,Leg #,Route Info,Road Block,Detour,Fast Forward,,,,,,,,,,,,,,,,,,
,Leg 1,7,0,1,0,,Leg 1,7,0,1,0,,Leg 1,7,0,1,0,,Leg 1,7,0,1,0,,,,,,,,,,,,,,,,,,
,Leg 2,4,1,1,0,,Leg 2,6,1,1,0,,Leg 2,3,1,1,0,,Leg 2,4,1,1,0,,,,,,,,,,,,,,,,,,
,Leg 3,4,1,1,0,,Leg 3,5,1,1,0,,Leg 3,3,1,1,0,,Leg 3,5,1,1,0,,,,,,,,,,,,,,,,,,
,Leg 4,4,1,1,0,,Leg 4,6,1,1,0,,Leg 4,4,1,1,0,,Leg 4,8,1,1,0,,,,,,,,,,,,,,,,,,
,Leg 5,5,1,1,1,,Leg 5,5,1,1,0,,Leg 5,4,1,1,1,,Leg 5,3,1,1,1,,,,,,,,,,,,,,,,,,
,Leg 6,4,1,1,0,,Leg 6,8,2,2,1,,Leg 6,4,1,1,0,,Leg 6,4,1,1,0,,,,,,,,,,,,,,,,,,
,Leg 7,4,1,1,0,,Leg 7,5,1,1,1,,Leg 7,3,1,1,0,,Leg 7,4,1,1,0,,,,,,,,,,,,,,,,,,
,Leg 8,4,1,1,0,,Leg 8,5,1,1,0,,Leg 8,4,1,1,0,,Leg 8,4,1,1,0,,,,,,,,,,,,,,,,,,
,Leg 9,6,1,1,1,,Leg 9,5,1,1,0,,Leg 9,5,1,1,1,,Leg 9,7,1,1,0,,,,,,,,,,,,,,,,,,
,Leg 10,2,1,1,0,,Leg 10,5,1,1,0,,Leg 10,4,1,1,0,,Leg 10,8,1,1,0,,,,,,,,,,,,,,,,,,
,Leg 11,5,1,1,0,,Leg 11,4,1,1,0,,Leg 11,5,1,1,0,,Leg 11,4,1,1,0,,,,,,,,,,,,,,,,,,
,Leg 12,6,1,0,0,,Leg 12,5,1,1,0,,Leg 12,3,1,1,0,,Leg 12,8,2,2,0,,,,,,,,,,,,,,,,,,
,Leg 13,7,1,1,0,,Totals,66,12,13,2,,Leg 13,7,1,1,0,,Totals,66,12,13,1,,,,,,,,,,,,,,,,,,
,Totals,62,12,12,2,,,,,,,,Totals,56,12,13,2,,,,,,,,,,,,,,,,,,,,,,,,
,,,,,,,,,,,,,,,,,,,,,,,,,,,,,,,,,,,,,,,,,
,Season 9,,,,,,Season 10,,,,,,Season 11,,,,,,Season 12,,,,,,,,,,,,,,,,,,,,,,
,Leg #,Route Info,Road Block,Detour,Fast Forward,,Leg #,Route Info,Road Block,Detour,Fast Forward,,Leg #,Route Info,Road Block,Detour,Fast Forward,,Leg #,Route Info,Road Block,Detour,Fast Forward,Speed Bump,,,,,,,,,,,,,,,,,
,Leg 1,4,0,1,0,,Leg 1,4,1,1,0,,Leg 1,4,0,1,0,,Leg 1,4,1,0,0,0,,,,,,,,,,,,,,,,,
,Leg 2,3,1,1,0,,Leg 2,3,1,1,0,,Leg 2,3,1,1,0,,Leg 2,3,1,1,0,0,,,,,,,,,,,,,,,,,
,Leg 3,4,1,1,0,,Leg 3,5,1,1,0,,Leg 3,4,1,1,0,,Leg 3,4,1,1,0,0,,,,,,,,,,,,,,,,,
,Leg 4,5,1,1,0,,Leg 4,4,1,1,0,,Leg 4,4,1,1,0,,Leg 4,5,1,1,0,0,,,,,,,,,,,,,,,,,
,Leg 5,4,1,1,0,,Leg 5,4,1,1,0,,Leg 5,4,1,1,0,,Leg 5,4,1,1,0,0,,,,,,,,,,,,,,,,,
,Leg 6,4,1,1,0,,Leg 6,3,1,1,1,,Leg 6,3,1,1,0,,Leg 6,3,1,1,0,0,,,,,,,,,,,,,,,,,
,Leg 7,5,1,1,1,,Leg 7,4,1,1,0,,Leg 7,3,1,1,0,,Leg 7,4,1,1,1,0,,,,,,,,,,,,,,,,,
,Leg 8,4,1,1,0,,Leg 8,2,1,1,1,,Leg 8,3,1,1,1,,Leg 8,5,1,1,0,1,,,,,,,,,,,,,,,,,
,Leg 9,4,1,1,0,,Leg 9,9,2,2,0,,Leg 9,4,1,1,0,,Leg 9,4,1,1,0,0,,,,,,,,,,,,,,,,,
,Leg 10,5,1,1,0,,Leg 10,4,1,1,0,,Leg 10,4,1,1,1,,Leg 10,6,1,1,0,1,,,,,,,,,,,,,,,,,
,Leg 11,3,1,1,1,,Leg 11,3,1,1,0,,Leg 11,5,1,1,0,,Leg 11,7,1,1,0,0,,,,,,,,,,,,,,,,,
,Leg 12,6,1,1,0,,Leg 12,7,1,1,0,,Leg 12,3,1,1,0,,Totals,49,11,10,1,2,,,,,,,,,,,,,,,,,
,Leg 13,5,1,1,0,,Totals,52,13,13,2,,Leg 13,6,1,1,0,,,,,,,,,,,,,,,,,,,,,,,,
,Totals,56,12,13,2,,,,,,,,Totals,50,12,13,2,,,,,,,,,,,,,,,,,,,,,,,,
,,,,,,,,,,,,,,,,,,,,,,,,,,,,,,,,,,,,,,,,,
,Season 13,,,,,,,Season 14,,,,,,,Season 15,,,,,,,Season 16,,,,,,,,,,,,,,,,,,,
,Leg #,Route Info,Road Block,Detour,Fast Forward,Speed Bump,,Leg #,Route Info,Road Block,Detour,Fast Forward,Speed Bump,,Leg #,Route Info,Road Block,Detour,Fast Forward,Speed Bump,,Leg #,Route Info,Road Block,Detour,Fast Forward,Speed Bump,,,,,,,,,,,,,,
,Leg 1,5,0,1,0,0,,Leg 1,5,1,0,0,0,,Leg 1,2,1,0,0,0,,Leg 1,4,1,0,0,0,,,,,,,,,,,,,,
,Leg 2,4,1,1,0,0,,Leg 2,4,1,1,0,0,,Leg 2,4,1,0,0,1,,Leg 2,3,1,1,0,0,,,,,,,,,,,,,,
,Leg 3,4,1,1,0,0,,Leg 3,3,1,1,0,0,,Leg 3,4,1,1,0,0,,Leg 3,4,1,1,0,0,,,,,,,,,,,,,,
,Leg 4,6,1,1,1,0,,Leg 4,5,1,1,0,0,,Leg 4,4,1,1,0,0,,Leg 4,4,1,1,0,0,,,,,,,,,,,,,,
,Leg 5,5,1,1,0,0,,Leg 5,2,1,1,0,0,,Leg 5,4,1,1,1,0,,Leg 5,5,0,1,0,1,,,,,,,,,,,,,,
,Leg 6,3,1,1,0,0,,Leg 6,4,1,1,0,1,,Leg 6,4,1,1,0,0,,Leg 6,4,1,1,0,0,,,,,,,,,,,,,,
,Leg 7,3,1,1,0,1,,Leg 7,4,0,1,1,0,,Leg 7,4,1,1,0,0,,Leg 7,4,1,1,0,0,,,,,,,,,,,,,,
,Leg 8,3,1,1,1,0,,Leg 8,3,1,1,0,0,,Leg 8,4,1,1,0,0,,Leg 8,3,1,1,0,1,,,,,,,,,,,,,,
,Leg 9,4,1,1,0,0,,Leg 9,3,1,1,0,1,,Leg 9,3,1,1,0,1,,Leg 9,6,1,1,1,0,,,,,,,,,,,,,,
,Leg 10,4,1,1,0,1,,Leg 10,3,1,1,0,0,,Leg 10,4,1,1,0,0,,Leg 10,5,2,0,0,0,,,,,,,,,,,,,,
,Leg 11,7,0,1,0,0,,Leg 11,6,1,1,0,0,,Leg 11,6,2,1,0,0,,Leg 11,4,1,1,0,1,,,,,,,,,,,,,,
,Totals,48,9,11,2,2,,Leg 12,4,1,0,0,0,,Leg 12,8,1,0,0,0,,Leg 12,8,1,0,0,0,,,,,,,,,,,,,,
,,,,,,,,Totals,46,11,10,1,2,,Totals,51,13,9,1,2,,Totals,54,12,9,1,3,,,,,,,,,,,,,,
,,,,,,,,,,,,,,,,,,,,,,,,,,,,,,,,,,,,,,,,,
,Season 17,,,,,,,Season 18,,,,,,Season 19,,,,,,,Season 20,,,,,,,,,,,,,,,,,,,,
,Leg #,Route Info,Road Block,Detour,Fast Forward,Speed Bump,,Leg #,Route Info,Road Block,Detour,Speed Bump,,Leg #,Route Info,Road Block,Detour,Speed Bump,Hazard,,Leg #,Route Info,Road Block,Detour,Fast Forward,Speed Bump,,,,,,,,,,,,,,,
,Leg 1,4,1,0,0,0,,Leg 1,4,1,0,0,,Leg 1,6,1,0,0,1,,Leg 1,5,1,0,0,0,,,,,,,,,,,,,,,
,Leg 2,4,1,1,0,0,,Leg 2,6,0,1,0,,Leg 2,3,1,1,1,,,Leg 2,3,1,1,0,0,,,,,,,,,,,,,,,
,Leg 3,5,1,1,0,0,,Leg 3,4,1,1,0,,Leg 3,4,1,1,0,,,Leg 3,3,1,1,0,0,,,,,,,,,,,,,,,
,Leg 4,4,1,1,0,1,,Leg 4,6,1,1,0,,Leg 4,3,1,1,0,,,Leg 4,4,1,1,1,0,,,,,,,,,,,,,,,
,Leg 5,4,1,1,1,0,,Leg 5,5,1,1,0,,Leg 5,4,2,0,1,,,Leg 5,4,1,1,0,1,,,,,,,,,,,,,,,
,Leg 6,4,1,1,0,0,,Leg 6,4,1,1,0,,Leg 6,4,1,1,0,,,Leg 6,4,1,1,1,0,,,,,,,,,,,,,,,
,Leg 7,5,1,1,0,0,,Leg 7,3,1,1,0,,Leg 7,3,1,1,1,,,Leg 7,4,0,1,0,0,,,,,,,,,,,,,,,
,Leg 8,5,1,1,0,0,,Leg 8,5,1,1,0,,Leg 8,5,1,1,0,,,Leg 8,4,1,1,0,1,,,,,,,,,,,,,,,
,Leg 9,4,1,1,0,0,,Leg 9,4,1,1,1,,Leg 9,7,1,0,0,,,Leg 9,3,1,1,0,0,,,,,,,,,,,,,,,
,Leg 10,4,1,1,0,0,,Leg 10,3,1,1,0,,Leg 10,5,1,1,0,,,Leg 10,4,1,1,1,1,,,,,,,,,,,,,,,
,Leg 11,5,1,1,0,1,,Leg 11,5,1,1,0,,Leg 11,5,1,1,0,,,Leg 11,4,1,1,0,0,,,,,,,,,,,,,,,
,Leg 12,6,1,0,0,0,,Leg 12,7,2,0,0,,Leg 12,6,1,0,0,,,Leg 12,6,2,0,0,0,,,,,,,,,,,,,,,
,Totals,54,12,10,1,2,,Totals,56,12,10,1,,Totals,55,13,8,3,1,,Totals,48,12,10,3,3,,,,,,,,,,,,,,,
,,,,,,,,,,,,,,,,,,,,,,,,,,,,,,,,,,,,,,,,,
,Season 21,,,,,,,Season 22,,,,,,,Season 23,,,,,,,Season 24,,,,,,,,,,,,,,,,,,,
,Leg #,Route Info,Road Block,Detour,Fast Forward,Speed Bump,,Leg #,Route Info,Road Block,Detour,Fast Forward,Speed Bump,,Leg #,Route Info,Road Block,Detour,Fast Forward,Speed Bump,,Leg #,Route Info,Road Block,Detour,Speed Bump,,,,,,,,,,,,,,,
,Leg 1,5,2,0,0,0,,Leg 1,5,2,0,0,0,,Leg 1,4,2,0,0,0,,Leg 1,5,1,0,0,,,,,,,,,,,,,,,
,Leg 2,5,1,1,0,0,,Leg 2,2,1,1,0,0,,Leg 2,4,1,1,0,0,,Leg 2,4,1,1,0,,,,,,,,,,,,,,,
,Leg 3,4,1,1,0,0,,Leg 3,4,1,1,0,0,,Leg 3,4,1,1,0,0,,Leg 3,3,1,1,0,,,,,,,,,,,,,,,
,Leg 4,3,1,1,1,0,,Leg 4,2,1,1,0,0,,Leg 4,4,1,1,0,0,,Leg 4,3,1,1,0,,,,,,,,,,,,,,,
,Leg 5,3,1,1,0,0,,Leg 5,3,1,1,0,0,,Leg 5,5,1,1,0,0,,Leg 5,4,1,1,1,,,,,,,,,,,,,,,
,Leg 6,5,1,1,0,1,,Leg 6,4,1,1,0,0,,Leg 6,4,1,1,1,0,,Leg 6,5,1,1,0,,,,,,,,,,,,,,,
,Leg 7,4,1,1,0,0,,Leg 7,3,1,1,1,1,,Leg 7,4,1,1,0,0,,Leg 7,3,1,1,1,,,,,,,,,,,,,,,
,Leg 8,2,1,1,0,1,,Leg 8,7,1,0,0,0,,Leg 8,5,1,1,0,1,,Leg 8,4,1,1,0,,,,,,,,,,,,,,,
,Leg 9,5,1,1,1,0,,Leg 9,5,1,1,0,0,,Leg 9,5,1,1,0,0,,Leg 9,7,1,0,0,,,,,,,,,,,,,,,
,Leg 10,4,1,1,0,0,,Leg 10,4,1,1,0,1,,Leg 10,3,1,1,0,0,,Leg 10,5,1,1,1,,,,,,,,,,,,,,,
,Leg 11,5,1,1,0,1,,Leg 11,3,1,1,0,0,,Leg 11,4,1,1,0,1,,Leg 11,4,1,1,0,,,,,,,,,,,,,,,
,Leg 12,5,2,0,0,0,,Leg 12,9,1,0,0,0,,Leg 12,6,1,0,0,0,,Leg 12,6,1,0,0,,,,,,,,,,,,,,,
,Totals,50,14,10,2,3,,Totals,51,13,9,1,2,,Totals,52,13,10,1,2,,Totals,53,12,9,3,,,,,,,,,,,,,,,
,,,,,,,,,,,,,,,,,,,,,,,,,,,,,,,,,,,,,,,,,
,Season 25,,,,,,,Season 26,,,,,,Season 27,,,,,,,Season 28,,,,,,,,,,,,,,,,,,,,
,Leg #,Route Info,Road Block,Detour,Fast Forward,Speed Bump,,Leg #,Route Info,Road Block,Detour,Speed Bump,,Leg #,Route Info,Road Block,Detour,Fast Forward,Speed Bump,,Leg #,Route Info,Road Block,Detour,Speed Bump,,,,,,,,,,,,,,,,
,Leg 1,5,1,0,0,0,,Leg 1,3,0,1,0,,Leg 1,4,0,1,1,0,,Leg 1,3,1,1,0,,,,,,,,,,,,,,,,
,Leg 2,5,0,1,0,0,,Leg 2,3,1,1,0,,Leg 2,3,1,1,0,0,,Leg 2,3,1,1,1,,,,,,,,,,,,,,,,
,Leg 3,5,0,1,0,0,,Leg 3,5,0,1,0,,Leg 3,3,1,1,0,0,,Leg 3,4,1,1,0,,,,,,,,,,,,,,,,
,Leg 4,4,1,1,0,0,,Leg 4,3,1,1,1,,Leg 4,4,1,1,0,0,,Leg 4,4,1,1,0,,,,,,,,,,,,,,,,
,Leg 5,6,1,1,0,1,,Leg 5,6,0,1,0,,Leg 5,3,1,1,0,0,,Leg 5,4,1,1,0,,,,,,,,,,,,,,,,
,Leg 6,4,1,1,0,0,,Leg 6,3,1,1,0,,Leg 6,3,2,1,0,0,,Leg 6,5,1,1,0,,,,,,,,,,,,,,,,
,Leg 7,3,1,1,0,0,,Leg 7,4,1,1,0,,Leg 7,5,1,1,0,0,,Leg 7,4,1,1,0,,,,,,,,,,,,,,,,
,Leg 8,4,1,1,0,1,,Leg 8,4,1,1,1,,Leg 8,4,1,1,0,0,,Leg 8,4,1,1,0,,,,,,,,,,,,,,,,
,Leg 9,5,1,1,1,0,,Leg 9,3,1,1,0,,Leg 9,4,1,1,0,1,,Leg 9,6,2,0,1,,,,,,,,,,,,,,,,
,Leg 10,5,0,1,0,0,,Leg 10,6,1,1,1,,Leg 10,3,1,1,0,0,,Leg 10,5,1,1,0,,,,,,,,,,,,,,,,
,Leg 11,3,1,1,0,1,,Leg 11,3,1,1,0,,Leg 11,3,1,1,0,0,,Leg 11,4,1,1,0,,,,,,,,,,,,,,,,
,Leg 12,7,2,0,0,0,,Leg 12,6,2,0,0,,Leg 12,8,1,0,0,0,,Leg 12,6,2,0,0,,,,,,,,,,,,,,,,
,Totals,56,10,10,1,3,,Totals,49,10,11,3,,Totals,47,12,11,1,1,,Totals,52,14,10,2,,,,,,,,,,,,,,,,
,,,,,,,,,,,,,,,,,,,,,,,,,,,,,,,,,,,,,,,,,
,Season 29,,,,,,,Season 30,,,,,,Season 31,,,,,,Season 32,,,,,,,,,,,,,,,,,,,,,
,Leg #,Route Info,Road Block,Detour,Fast Forward,Speed Bump,,Leg #,Route Info,Road Block,Detour,Speed Bump,,Leg #,Route Info,Road Block,Detour,Speed Bump,,Leg #,Route Info,Road Block,Detour,Speed Bump,City Sprint,,,,,,,,,,,,,,,,
,Leg 1,4,0,1,0,0,,Leg 1,5,1,0,0,,Leg 1,7,2,0,0,,Leg 1,5,1,0,0,,6,,,,,,,,,,,,,,,
,Leg 2,3,1,1,0,0,,Leg 2,2,1,1,0,,Leg 2,5,1,1,0,,Leg 2,6,1,0,0,,7,,,,,,,,,,,,,,,
,Leg 3,4,1,1,0,0,,Leg 3,3,1,1,0,,Leg 3,2,1,1,0,,Leg 3,4,0,1,0,,5,,,,,,,,,,,,,,,
,Leg 4,3,1,1,0,0,,Leg 4,2,1,1,1,,Leg 4,4,1,1,1,,Leg 4,3,1,1,0,,5,,,,,,,,,,,,,,,
,Leg 5,3,1,1,1,0,,Leg 5,3,1,1,0,,Leg 5,4,1,1,0,,Leg 5,3,2,0,0,,5,,,,,,,,,,,,,,,
,Leg 6,4,1,1,0,0,,Leg 6,3,1,1,0,,Leg 6,5,1,1,1,,Leg 6,4,1,1,0,,6,,,,,,,,,,,,,,,
,Leg 7,3,1,1,0,0,,Leg 7,4,0,1,0,,Leg 7,3,1,1,0,,Leg 7,5,0,1,1,,7,,,,,,,,,,,,,,,
,Leg 8,5,1,1,0,1,,Leg 8,4,0,1,0,,Leg 8,3,1,1,1,,Leg 8,7,2,2,0,,11,,,,,,,,,,,,,,,
,Leg 9,4,1,1,0,0,,Leg 9,9,0,0,0,,Leg 9,5,1,1,0,,Leg 9,6,1,1,0,,8,,,,,,,,,,,,,,,
,Leg 10,6,1,0,0,1,,Leg 10,3,1,1,0,,Leg 10,4,0,1,0,,Leg 10,1,0,0,0,9,10,,,,,,,,,,,,,,,
,Leg 11,6,2,0,0,0,,Leg 11,5,1,1,1,,Leg 11,5,1,1,0,,Leg 11,6,2,0,0,,8,,,,,,,,,,,,,,,
,Leg 12,9,0,0,0,0,,Leg 12,6,1,0,0,,Leg 12,6,1,0,0,,Totals,50,11,7,1,9,,,,,,,,,,,,,,,,
,Totals,54,11,9,1,2,,Totals,49,9,9,2,,Totals,53,12,10,3,,,,,,,,,,,,,,,,,,,,,,,
,,,,,,,,,,,,,,,,,,,,,,,,,,,,,,,,,,,,,,,,,
,Season 33,,,,,,Season 34,,,,,Season 35,,,,,,Season 36,,,,,,,,,,,,,,,,,,,,,,,
,Leg #,Route Info,Road Block,Detour,Speed Bump,,Leg #,Route Info,Road Block,Detour,,Leg #,Route Info,Road Block,Detour,Express Pass,,Leg #,Route Info,Road Block,Detour,,,,,,,,,,,,,,,,,,,,
,Leg 1,4,0,1,0,,Leg 1,4,1,0,,Leg 1,4,1,1,1,,Leg 1,3,1,1,,,,,,,,,,,,,,,,,,,,
,Leg 2,3,1,1,0,,Leg 2,3,1,1,,Leg 2,3,1,1,0,,Leg 2,3,1,1,,,,,,,,,,,,,,,,,,,,
,Leg 3,4,1,1,0,,Leg 3,4,2,2,,Leg 3,4,0,1,0,,Leg 3,3,1,1,,,,,,,,,,,,,,,,,,,,
,Leg 4,4,1,1,1,,Leg 4,3,1,1,,Leg 4,3,1,1,0,,Leg 4,3,1,1,,,,,,,,,,,,,,,,,,,,
,Leg 5,2,1,1,0,,Leg 5,2,1,1,,Leg 5,3,1,1,0,,Leg 5,3,1,1,,,,,,,,,,,,,,,,,,,,
,Leg 6,3,1,1,0,,Leg 6,3,1,1,,Leg 6,5,1,1,0,,Leg 6,5,2,2,,,,,,,,,,,,,,,,,,,,
,Leg 7,3,1,1,0,,Leg 7,3,1,1,,Leg 7,5,2,1,0,,Leg 7,3,1,1,,,,,,,,,,,,,,,,,,,,
,Leg 8,4,2,0,0,,Leg 8,5,2,2,,Leg 8,5,1,1,1,,Leg 8,4,1,1,,,,,,,,,,,,,,,,,,,,
,Leg 9,3,1,1,0,,Leg 9,5,1,0,,Leg 9,5,1,1,0,,Leg 9,6,2,0,,,,,,,,,,,,,,,,,,,,
,Leg 10,5,2,0,0,,Leg 10,7,1,0,,Leg 10,7,1,1,0,,Leg 10,3,1,1,,,,,,,,,,,,,,,,,,,,
,Leg 11,8,0,0,0,,Totals,39,12,9,,Leg 11,5,2,0,0,,Leg 11,8,2,0,,,,,,,,,,,,,,,,,,,,
,Totals,43,11,8,1,,,,,,,Leg 12,8,0,0,0,,Totals,44,14,10,,,,,,,,,,,,,,,,,,,,
,,,,,,,,,,,,Totals,57,12,10,2,,,,,,,,,,,,,,,,,,,,,,,,,
,,,,,,,,,,,,,,,,,,,,,,,,,,,,,,,,,,,,,,,,,
,Season 37,,,,,,,,Season 38,,,,,,,,,,,,,,,,,,,,,,,,,,,,,,,,
,Leg #,Route Info,Road Block,Detour,Fast Forward,Fork-in-Road,Express Pass,,Leg #,Route Info,Road Block,Detour,Fast Forward,Hazard,,,,,,,,,,,,,,,,,,,,,,,,,,,
,Leg 1,4,1,0,0,1,0,,Leg 1,8,1,0,0,1,,,,,,,,,,,,,,,,,,,,,,,,,,,
,Leg 2,4,1,1,0,0,0,,Leg 2,4,1,1,0,,,,,,,,,,,,,,,,,,,,,,,,,,,,
,Leg 3,4,1,1,0,0,0,,Leg 3,5,2,0,0,,,,,,,,,,,,,,,,,,,,,,,,,,,,
,Leg 4,5,1,1,0,0,0,,Leg 4,6,1,1,1,,,,,,,,,,,,,,,,,,,,,,,,,,,,
,Leg 5,4,1,1,0,0,0,,Leg 5,4,1,1,0,,,,,,,,,,,,,,,,,,,,,,,,,,,,
,Leg 6,5,2,0,1,0,0,,Leg 6,3,1,1,0,,,,,,,,,,,,,,,,,,,,,,,,,,,,
,Leg 7,7,1,1,0,0,0,,Leg 7,5,1,1,0,,,,,,,,,,,,,,,,,,,,,,,,,,,,
,Leg 8,8,1,0,0,0,0,,Leg 8,5,1,1,0,,,,,,,,,,,,,,,,,,,,,,,,,,,,
,Leg 9,6,1,1,0,0,0,,Leg 9,5,1,1,0,,,,,,,,,,,,,,,,,,,,,,,,,,,,
,Leg 10,6,1,1,0,0,0,,Leg 10,6,2,0,0,,,,,,,,,,,,,,,,,,,,,,,,,,,,
,Leg 11,7,1,0,0,0,0,,Leg 11,5,1,0,0,,,,,,,,,,,,,,,,,,,,,,,,,,,,
,Leg 12,7,1,0,0,0,0,,Leg 12,8,0,0,0,,,,,,,,,,,,,,,,,,,,,,,,,,,,
,Totals,67,13,7,1,1,0,,Totals,64,13,7,1,1,,,,,,,,,,,,,,,,,,,,,,,,,,,
