unnamed_0,unnamed_1,unnamed_2,unnamed_3,unnamed_4,unnamed_5,unnamed_6,unnamed_7,unnamed_8,unnamed_9,unnamed_10,unnamed_11,unnamed_12,unnamed_13,unnamed_14,unnamed_15,unnamed_16,unnamed_17,unnamed_18,unnamed_19,unnamed_20,unnamed_21,unnamed_22,unnamed_23,unnamed_24,unnamed_25,unnamed_26,unnamed_27
,,,,,,,,,,,,,,,,,,,,,,,,,,,
,,,,,,,,,,,,,,,,,,,,,,,,,,,
,Challenge-by-Challenge,,,,,,,,,,,,,,,,,,,,,,,,,,
,,,,,,,,,,,,,,,,,,,,,,,,,,,
,"This sheet details the types of challenge per challenge on each leg.
Each season includes its maximum amount of challenges for one leg, and types of challenges seen. ",,,,,,,,,,,,,,,,,,,,,,,,,,
,,,,,,,,,,,,,,,,,,,,,,,,,,,
,,,,,,,,,,,,,,,,,,,,,,,,,,,
,Challenge-by-Challenge Statistics:,,,,,,,,,,,,,,,,,,,,,,,,,,
,,Route Info,,,Road Block,,,Detour,,,Speed Bump,,,Fast Forward (1-4),,,Fast Forward (5-29),,,,,,,,,,
,Challenge #,Total #,%,% of Chal,Total # ,% ,% of Chal ,Total #   ,%  ,% of Chal  ,Total #   2,%   , % of Chal  ,  Total #    ,%    ,% of Chal   ,Total #    ,  %    ,   % of Chal   ,Total #    2,,,,,,,
,Challenge 1,437,0.2170889220069548,0.9583333333333334,2,0.004405286343612335,0.0043859649122807015,0,0,0,0,0,0,17,0.38636363636363635,0.03728070175438596,0,0,0,456,,,,,,,
,Challenge 2,253,0.12568306010928962,0.5548245614035088,82,0.18061674008810572,0.17982456140350878,64,0.16243654822335024,0.14035087719298245,22,0.4489795918367347,0.04824561403508772,18,0.4090909090909091,0.039473684210526314,17,0.53125,0.03728070175438596,456,,,,,,,
,Challenge 3,258,0.12816691505216096,0.5657894736842105,88,0.19383259911894274,0.19298245614035087,83,0.21065989847715735,0.18201754385964913,10,0.20408163265306123,0.021929824561403508,7,0.1590909090909091,0.015350877192982455,10,0.3125,0.021929824561403508,456,,,,,,,
,Challenge 4,260,0.12916045702930948,0.5739514348785872,78,0.17180616740088106,0.17218543046357615,101,0.2563451776649746,0.2229580573951435,9,0.1836734693877551,0.019867549668874173,1,0.022727272727272728,0.002207505518763797,4,0.125,0.008830022075055188,453,,,,,,,
,Challenge 5,263,0.13065076999503228,0.5936794582392777,95,0.2092511013215859,0.2144469525959368,79,0.20050761421319796,0.17832957110609482,6,0.12244897959183673,0.013544018058690745,0,0,0,0,0,0,443,,,,,,,
,Challenge 6,246,0.12220566318926974,0.6929577464788732,65,0.14317180616740088,0.18309859154929578,41,0.10406091370558376,0.11549295774647887,2,0.04081632653061224,0.005633802816901409,1,0.022727272727272728,0.0028169014084507044,0,0,0,355,,,,,,,
,Challenge 7,166,0.08246398410332836,0.7942583732057417,28,0.06167400881057269,0.1339712918660287,15,0.03807106598984772,0.07177033492822966,0,0,0,0,0,0,0,0,0,209,,,,,,,
,Challenge 8,82,0.04073522106308992,0.8282828282828283,9,0.019823788546255508,0.09090909090909091,7,0.017766497461928935,0.0707070707070707,0,0,0,0,0,0,1,0.03125,0.010101010101010102,99,,,,,,,
,Challenge 9,34,0.01689021361152509,0.8717948717948718,3,0.006607929515418502,0.07692307692307693,2,0.005076142131979695,0.05128205128205128,0,0,0,0,0,0,0,0,0,39,,,,,,,
,Challenge 10,8,0.003974167908594138,0.7272727272727273,2,0.004405286343612335,0.18181818181818182,1,0.0025380710659898475,0.09090909090909091,0,0,0,0,0,0,0,0,0,11,,,,,,,
,Challenge 11,4,0.001987083954297069,1,0,0,0,0,0,0,0,0,0,0,0,0,0,0,0,4,,,,,,,
,Challenge 12,0,0,0,2,0.004405286343612335,0.6666666666666666,1,0.0025380710659898475,0.3333333333333333,0,0,0,0,0,0,0,0,0,3,,,,,,,
,Challenge 13,2,0.0009935419771485345,1,0,0,0,0,0,0,0,0,0,0,0,0,0,0,0,2,,,,,,,
,Total,2013,,,454,,,394,,,49,,,44,,,32,,,2986,,,,,,,
,,,,,,,,,,,,,,,,,,,,,,,,,,,
,,,,,,,,,,,,,,,,,,,,,,,,,,,
,,,,,,,,,,,,,,,,,,,,,,,,,,,
,,,,,,,,,,,,,,,,,,,,,,,,,,,
,,,,,,,,,,,,,,,,,,,,,,,,,,,
,,,,,,,,,,,,,,,,,,,,,,,,,,,
,,,,,,,,,,,,,,,,,,,,,,,,,,,
,,,,,,,,,,,,,,,,,,,,,,,,,,,
,,,,,,,,,,,,,,,,,,,,,,,,,,,
,,,,,,,,,,,,,,,,,,,,,,,,,,,
,,,,,,,,,,,,,,,,,,,,,,,,,,,
,,,,,,,,,,,,,,,,,,,,,,,,,,,
,,,,,,,,,,,,,,,,,,,,,,,,,,,
,,,,,,,,,,,,,,,,,,,,,,,,,,,
,,,,,,,,,,,,,,,,,,,,,,,,,,,
,,,,,,,,,,,,,,,,,,,,,,,,,,,
,,,,,,,,,,,,,,,,,,,,,,,,,,,
,,,,,,,,,,,,,,,,,,,,,,,,,,,
,,,,,,,,,,,,,,,,,,,,,,,,,,,
,,,,,,,,,,,,,,,,,,,,,,,,,,,
,Season-by-Season Breakdown:,,,,,,,,,,,,,,,,,,,,,,,,,,
,Season 1,,,,,,Season 2,,,,,,Season 3,,,,,,Season 4,,,,,,,,
,Challenge #,Route Info,Road Block,Detour,Fast Forward,,Challenge #,Route Info,Road Block,Detour,Fast Forward,,Challenge #,Route Info,Road Block,Detour,Fast Forward,,Challenge #,Route Info,Road Block,Detour,Fast Forward,,,,
,Challenge 1,5,0,0,8,,Challenge 1,8,0,0,5,,Challenge 1,9,0,0,4,,Challenge 1,13,0,0,0,,,,
,Challenge 2,9,0,2,2,,Challenge 2,10,0,0,3,,Challenge 2,8,0,0,5,,Challenge 2,4,1,0,8,,,,
,Challenge 3,3,1,8,1,,Challenge 3,8,0,2,3,,Challenge 3,9,0,3,1,,Challenge 3,10,0,1,2,,,,
,Challenge 4,9,2,2,0,,Challenge 4,6,0,7,0,,Challenge 4,6,0,7,0,,Challenge 4,4,1,7,1,,,,
,Challenge 5,7,5,1,0,,Challenge 5,9,2,2,0,,Challenge 5,8,2,3,0,,Challenge 5,9,2,2,0,,,,
,Challenge 6,5,3,0,0,,Challenge 6,6,6,1,0,,Challenge 6,5,7,0,1,,Challenge 6,4,7,2,0,,,,
,Challenge 7,2,1,0,0,,Challenge 7,5,3,0,0,,Challenge 7,8,1,0,0,,Challenge 7,9,1,1,0,,,,
,Challenge 8,1,0,0,0,,Challenge 8,4,0,0,0,,Challenge 8,1,2,0,0,,Challenge 8,3,0,0,0,,,,
,Total,41,12,13,11,,Challenge 9,1,1,0,0,,Challenge 9,2,0,0,0,,Challenge 9,1,0,0,0,,,,
,,,,,,,Challenge 10,1,0,0,0,,Total,56,12,13,11,,Challenge 10,1,0,0,0,,,,
,,,,,,,Total,58,12,12,11,,,,,,,,Total,58,12,13,11,,,,
,,,,,,,,,,,,,,,,,,,,,,,,,,,
,Season 5,,,,,,Season 6,,,,,,Season 7,,,,,,Season 8,,,,,,,,
,Challenge #,Route Info,Road Block,Detour,Fast Forward,,Challenge #,Route Info,Road Block,Detour,Fast Forward,,Challenge #,Route Info,Road Block,Detour,Fast Forward,,Challenge #,Route Info,Road Block,Detour,Fast Forward,,,,
,Challenge 1,13,0,0,0,,Challenge 1,12,0,0,0,,Challenge 1,13,0,0,0,,Challenge 1,12,0,0,0,,,,
,Challenge 2,10,1,2,0,,Challenge 2,9,1,2,0,,Challenge 2,7,3,2,1,,Challenge 2,7,1,3,1,,,,
,Challenge 3,6,3,3,1,,Challenge 3,9,2,0,1,,Challenge 3,8,2,3,0,,Challenge 3,9,1,2,0,,,,
,Challenge 4,11,1,0,1,,Challenge 4,7,1,4,0,,Challenge 4,7,2,3,1,,Challenge 4,9,1,2,0,,,,
,Challenge 5,5,5,2,0,,Challenge 5,8,1,3,0,,Challenge 5,7,2,4,0,,Challenge 5,4,6,2,0,,,,
,Challenge 6,8,2,2,0,,Challenge 6,8,3,1,0,,Challenge 6,6,2,1,0,,Challenge 6,11,0,1,0,,,,
,Challenge 7,4,0,2,0,,Challenge 7,6,3,2,0,,Challenge 7,4,1,0,0,,Challenge 7,5,0,1,0,,,,
,Challenge 8,3,0,1,0,,Challenge 8,4,0,0,1,,Challenge 8,3,0,0,0,,Challenge 8,3,2,0,0,,,,
,Challenge 9,2,0,0,0,,Challenge 9,1,0,0,0,,Challenge 9,1,0,0,0,,Challenge 9,2,0,2,0,,,,
,Total,62,12,12,2,,Challenge 10,0,0,1,0,,Total,56,12,13,2,,Challenge 10,3,0,0,0,,,,
,,,,,,,Challenge 11,1,0,0,0,,,,,,,,Challenge 11,1,0,0,0,,,,
,,,,,,,Challenge 12,0,1,0,0,,,,,,,,Challenge 12,0,1,0,0,,,,
,,,,,,,Challenge 13,1,0,0,0,,,,,,,,Total,66,12,13,1,,,,
,,,,,,,Total,66,12,13,2,,,,,,,,,,,,,,,,
,,,,,,,,,,,,,,,,,,,,,,,,,,,
,Season 9,,,,,,Season 10,,,,,,Season 11,,,,,,Season 12,,,,,,,,
,Challenge #,Route Info,Road Block,Detour,Fast Forward,,Challenge #,Route Info,Road Block,Detour,Fast Forward,,Challenge #,Route Info,Road Block,Detour,Fast Forward,,Challenge #,Route Info,Road Block,Detour,Fast Forward,Speed Bump,,,
,Challenge 1,13,0,0,0,,Challenge 1,12,0,0,0,,Challenge 1,13,0,0,0,,Challenge 1,11,0,0,0,0,,,
,Challenge 2,11,1,0,1,,Challenge 2,8,2,0,2,,Challenge 2,6,1,5,1,,Challenge 2,8,2,1,0,0,,,
,Challenge 3,5,2,6,0,,Challenge 3,4,4,4,0,,Challenge 3,7,3,2,1,,Challenge 3,4,3,2,1,1,,,
,Challenge 4,8,2,2,1,,Challenge 4,9,2,1,0,,Challenge 4,7,3,3,0,,Challenge 4,6,3,2,0,0,,,
,Challenge 5,7,4,2,0,,Challenge 5,3,4,5,0,,Challenge 5,6,4,3,0,,Challenge 5,7,0,3,0,1,,,
,Challenge 6,8,1,2,0,,Challenge 6,7,0,2,0,,Challenge 6,7,1,0,0,,Challenge 6,5,2,1,0,0,,,
,Challenge 7,2,2,1,0,,Challenge 7,3,0,0,0,,Challenge 7,3,0,0,0,,Challenge 7,4,1,0,0,0,,,
,Challenge 8,2,0,0,0,,Challenge 8,2,0,0,0,,Challenge 8,1,0,0,0,,Challenge 8,2,0,1,0,0,,,
,Total,56,12,13,2,,Challenge 9,2,0,0,0,,Total,50,12,13,2,,Challenge 9,2,0,0,0,0,,,
,,,,,,,Challenge 10,0,1,0,0,,,,,,,,Total,49,11,10,1,2,,,
,,,,,,,Challenge 11,1,0,0,0,,,,,,,,,,,,,,,,
,,,,,,,Challenge 12,0,0,1,0,,,,,,,,,,,,,,,,
,,,,,,,Challenge 13,1,0,0,0,,,,,,,,,,,,,,,,
,,,,,,,Total,52,13,13,2,,,,,,,,,,,,,,,,
,,,,,,,,,,,,,,,,,,,,,,,,,,,
,Season 13,,,,,,,Season 14,,,,,,,Season 15,,,,,,,Season 16,,,,,
,Challenge #,Route Info,Road Block,Detour,Fast Forward,Speed Bump,,Challenge #,Route Info,Road Block,Detour,Fast Forward,Speed Bump,,Challenge #,Route Info,Road Block,Detour,Fast Forward,Speed Bump,,Challenge #,Route Info,Road Block,Detour,Fast Forward,Speed Bump
,Challenge 1,11,0,0,0,0,,Challenge 1,12,0,0,0,0,,Challenge 1,12,0,0,0,0,,Challenge 1,12,0,0,0,0
,Challenge 2,6,3,1,1,0,,Challenge 2,5,4,1,1,1,,Challenge 2,6,3,0,1,2,,Challenge 2,6,3,2,1,0
,Challenge 3,6,1,3,1,0,,Challenge 3,9,2,1,0,0,,Challenge 3,6,3,3,0,0,,Challenge 3,5,3,2,0,2
,Challenge 4,7,1,2,0,1,,Challenge 4,4,3,5,0,0,,Challenge 4,7,2,2,0,0,,Challenge 4,7,2,2,0,1
,Challenge 5,4,3,3,0,1,,Challenge 5,8,0,2,0,1,,Challenge 5,4,5,2,0,0,,Challenge 5,8,2,2,0,0
,Challenge 6,8,1,1,0,0,,Challenge 6,5,1,1,0,0,,Challenge 6,10,0,1,0,0,,Challenge 6,7,2,1,0,0
,Challenge 7,4,0,0,0,0,,Challenge 7,2,1,0,0,0,,Challenge 7,3,0,0,0,0,,Challenge 7,5,0,0,0,0
,Challenge 8,1,0,1,0,0,,Challenge 8,1,0,0,0,0,,Challenge 8,1,0,1,0,0,,Challenge 8,2,0,0,0,0
,Challenge 9,1,0,0,0,0,,Total,46,11,10,1,2,,Challenge 9,2,0,0,0,0,,Challenge 9,2,0,0,0,0
,Total,48,9,11,2,2,,,,,,,,,Total,51,13,9,1,2,,Total,54,12,9,1,3
,,,,,,,,,,,,,,,,,,,,,,,,,,,
,Season 17,,,,,,,Season 18,,,,,,Season 19,,,,,,,Season 20,,,,,,
,Challenge #,Route Info,Road Block,Detour,Fast Forward,Speed Bump,,Challenge #,Route Info,Road Block,Detour,Speed Bump,,Challenge #,Route Info,Road Block,Detour,Speed Bump,Hazard,,Challenge #,Route Info,Road Block,Detour,Fast Forward,Speed Bump,
,Challenge 1,12,0,0,0,0,,Challenge 1,12,0,0,0,,Challenge 1,12,0,0,0,0,,Challenge 1,12,0,0,0,0,
,Challenge 2,6,1,3,1,1,,Challenge 2,8,2,1,1,,Challenge 2,6,3,1,2,0,,Challenge 2,4,1,3,2,2,
,Challenge 3,8,3,0,0,1,,Challenge 3,6,5,1,0,,Challenge 3,6,4,1,1,0,,Challenge 3,5,3,2,1,1,
,Challenge 4,7,5,0,0,0,,Challenge 4,6,3,3,0,,Challenge 4,5,4,3,0,0,,Challenge 4,7,4,1,0,0,
,Challenge 5,7,2,3,0,0,,Challenge 5,9,0,3,0,,Challenge 5,7,2,2,0,1,,Challenge 5,10,1,1,0,0,
,Challenge 6,6,1,4,0,0,,Challenge 6,6,2,1,0,,Challenge 6,10,0,1,0,0,,Challenge 6,4,2,2,0,0,
,Challenge 7,7,0,0,0,0,,Challenge 7,6,0,1,0,,Challenge 7,7,0,0,0,0,,Challenge 7,4,1,1,0,0,
,Challenge 8,1,0,0,0,0,,Challenge 8,2,0,0,0,,Challenge 8,2,0,0,0,0,,Challenge 8,2,0,0,0,0,
,Total,54,12,10,1,2,,Challenge 9,1,0,0,0,,Total,55,13,8,3,1,,Total,48,12,10,3,3,
,,,,,,,,Total,56,12,10,1,,,,,,,,,,,,,,,
,,,,,,,,,,,,,,,,,,,,,,,,,,,
,Season 21,,,,,,,Season 22,,,,,,,Season 23,,,,,,,Season 24,,,,,
,Challenge #,Route Info,Road Block,Detour,Fast Forward,Speed Bump,,Challenge #,Route Info,Road Block,Detour,Fast Forward,Speed Bump,,Challenge #,Route Info,Road Block,Detour,Fast Forward,Speed Bump,,Challenge #,Route Info,Road Block,Detour,Speed Bump,
,Challenge 1,12,0,0,0,0,,Challenge 1,12,0,0,0,0,,Challenge 1,12,0,0,0,0,,Challenge 1,12,0,0,0,
,Challenge 2,7,3,0,1,1,,Challenge 2,6,3,2,0,1,,Challenge 2,8,1,2,1,0,,Challenge 2,7,3,1,1,
,Challenge 3,6,4,1,1,0,,Challenge 3,9,1,1,1,0,,Challenge 3,5,2,5,0,0,,Challenge 3,6,4,2,0,
,Challenge 4,5,1,4,0,2,,Challenge 4,4,4,3,0,1,,Challenge 4,7,1,2,0,2,,Challenge 4,10,0,2,0,
,Challenge 5,6,2,4,0,0,,Challenge 5,5,3,2,0,0,,Challenge 5,5,6,1,0,0,,Challenge 5,4,3,3,2,
,Challenge 6,8,1,1,0,0,,Challenge 6,5,2,1,0,0,,Challenge 6,9,2,0,0,0,,Challenge 6,8,1,1,0,
,Challenge 7,3,3,0,0,0,,Challenge 7,6,0,0,0,0,,Challenge 7,5,1,0,0,0,,Challenge 7,4,1,0,0,
,Challenge 8,3,0,0,0,0,,Challenge 8,2,0,0,0,0,,Challenge 8,1,0,0,0,0,,Challenge 8,2,0,0,0,
,Total,50,14,10,2,3,,Challenge 9,1,0,0,0,0,,Total,52,13,10,1,2,,Total,53,12,9,3,
,,,,,,,,Challenge 10,1,0,0,0,0,,,,,,,,,,,,,,
,,,,,,,,Total,51,13,9,1,2,,,,,,,,,,,,,,
,,,,,,,,,,,,,,,,,,,,,,,,,,,
,Season 25,,,,,,,Season 26,,,,,,Season 27,,,,,,,Season 28,,,,,,
,Challenge #,Route Info,Road Block,Detour,Fast Forward,Speed Bump,,Challenge #,Route Info,Road Block,Detour,Speed Bump,,Challenge #,Route Info,Road Block,Detour,Fast Forward,Speed Bump,,Challenge #,Route Info,Road Block,Detour,Speed Bump,,
,Challenge 1,12,0,0,0,0,,Challenge 1,12,0,0,0,,Challenge 1,11,1,0,0,0,,Challenge 1,12,0,0,0,,
,Challenge 2,8,0,1,1,2,,Challenge 2,4,4,3,1,,Challenge 2,4,4,3,0,1,,Challenge 2,8,2,2,0,,
,Challenge 3,5,2,5,0,0,,Challenge 3,7,2,1,2,,Challenge 3,6,4,1,1,0,,Challenge 3,6,1,5,0,,
,Challenge 4,9,2,1,0,0,,Challenge 4,8,1,3,0,,Challenge 4,8,2,2,0,0,,Challenge 4,8,2,1,1,,
,Challenge 5,6,5,0,0,1,,Challenge 5,6,2,3,0,,Challenge 5,7,1,4,0,0,,Challenge 5,5,5,2,0,,
,Challenge 6,9,0,2,0,0,,Challenge 6,6,1,0,0,,Challenge 6,6,0,1,0,0,,Challenge 6,8,2,0,1,,
,Challenge 7,3,0,1,0,0,,Challenge 7,4,0,0,0,,Challenge 7,3,0,0,0,0,,Challenge 7,3,1,0,0,,
,Challenge 8,2,1,0,0,0,,Challenge 8,1,0,1,0,,Challenge 8,1,0,0,0,0,,Challenge 8,1,1,0,0,,
,Challenge 9,2,0,0,0,0,,Challenge 9,1,0,0,0,,Total,46,12,11,1,1,,Challenge 9,1,0,0,0,,
,Total,56,10,10,1,3,,Total,49,10,11,3,,,,,,,,,Total,52,14,10,2,,
,,,,,,,,,,,,,,,,,,,,,,,,,,,
,Season 29,,,,,,,Season 30,,,,,,Season 31,,,,,,Season 32,,,,,,,
,Challenge #,Route Info,Road Block,Detour,Fast Forward,Speed Bump,,Challenge #,Route Info,Road Block,Detour,Speed Bump,,Challenge #,Route Info,Road Block,Detour,Speed Bump,,Challenge #,Route Info,Road Block,Detour,Speed Bump,City Sprint,,
,Challenge 1,12,0,0,0,0,,Challenge 1,12,0,0,0,,Challenge 1,12,0,0,0,,Challenge 1,11,0,0,0,0,,
,Challenge 2,5,2,4,1,0,,Challenge 2,5,2,3,2,,Challenge 2,7,2,1,2,,Challenge 2,8,0,0,2,1,,
,Challenge 3,8,1,1,0,2,,Challenge 3,8,3,1,0,,Challenge 3,7,2,3,0,,Challenge 3,4,3,3,0,1,,
,Challenge 4,7,4,1,0,0,,Challenge 4,4,3,5,0,,Challenge 4,7,1,3,1,,Challenge 4,7,2,1,0,1,,
,Challenge 5,7,2,3,0,0,,Challenge 5,11,0,0,0,,Challenge 5,8,3,0,0,,Challenge 5,6,3,1,0,1,,
,Challenge 6,8,0,0,0,0,,Challenge 6,3,1,0,0,,Challenge 6,4,3,2,0,,Challenge 6,7,1,1,0,1,,
,Challenge 7,2,2,0,0,0,,Challenge 7,3,0,0,0,,Challenge 7,6,0,1,0,,Challenge 7,5,1,1,0,1,,
,Challenge 8,4,0,0,0,0,,Challenge 8,2,0,0,0,,Challenge 8,1,1,0,0,,Challenge 8,3,0,0,0,1,,
,Challenge 9,1,0,0,0,0,,Challenge 9,1,0,0,0,,Total,52,12,10,3,,Challenge 9,1,0,0,0,1,,
,Total,54,11,9,1,2,,Total,49,9,9,2,,,,,,,,Challenge 10,0,1,0,0,1,,
,,,,,,,,,,,,,,,,,,,,Challenge 11,1,0,0,0,0,,
,,,,,,,,,,,,,,,,,,,,Total,53,11,7,2,9,,
,,,,,,,,,,,,,,,,,,,,,,,,,,,
,Season 33,,,,,,Season 34,,,,,Season 35,,,,,,Season 36,,,,,,,,,
,Challenge #,Route Info,Road Block,Detour,Speed Bump,,Challenge #,Route Info,Road Block,Detour,,Challenge #,Route Info,Road Block,Detour,Express Pass,,Challenge #,Route Info,Road Block,Detour,,,,,,
,Challenge 1,10,1,0,0,,Challenge 1,10,0,0,,Challenge 1,12,0,0,0,,Challenge 1,11,0,0,,,,,,
,Challenge 2,6,3,2,0,,Challenge 2,3,5,2,,Challenge 2,5,6,1,0,,Challenge 2,1,4,6,,,,,,
,Challenge 3,6,3,2,0,,Challenge 3,7,3,0,,Challenge 3,11,1,0,0,,Challenge 3,10,1,0,,,,,,
,Challenge 4,7,2,2,0,,Challenge 4,3,2,5,,Challenge 4,5,1,4,2,,Challenge 4,3,6,2,,,,,,
,Challenge 5,7,1,2,0,,Challenge 5,9,0,0,,Challenge 5,10,2,0,0,,Challenge 5,10,0,1,,,,,,
,Challenge 6,3,1,0,1,,Challenge 6,2,1,1,,Challenge 6,3,1,4,0,,Challenge 6,3,2,0,,,,,,
,Challenge 7,3,0,0,0,,Challenge 7,2,0,1,,Challenge 7,6,1,1,0,,Challenge 7,2,1,0,,,,,,
,Challenge 8,1,0,0,0,,Challenge 8,2,1,0,,Challenge 8,4,0,0,0,,Challenge 8,2,0,1,,,,,,
,Total,43,11,8,1,,Challenge 9,1,0,0,,Challenge 9,1,0,0,0,,Challenge 9,2,0,0,,,,,,
,,,,,,,Total,39,12,9,,Total,57,12,10,2,,Challenge 10,1,0,0,,,,,,
,,,,,,,,,,,,,,,,,,Total,45,14,10,,,,,,
,,,,,,,,,,,,,,,,,,,,,,,,,,,
,Season 37,,,,,,,,Season 38,,,,,,,,,,,,,,,,,,
,Challenge #,Route Info,Road Block,Detour,Fast Forward,Fork-in-Road,Express Pass,,Challenge #,Route Info,Road Block,Detour,Fast Forward,Hazard,,,,,,,,,,,,,
,Challenge 1,11,0,0,0,0,1,,Challenge 1,12,0,0,0,0,,,,,,,,,,,,,
,Challenge 2,11,1,0,0,0,0,,Challenge 2,6,4,2,0,0,,,,,,,,,,,,,
,Challenge 3,4,5,2,1,0,0,,Challenge 3,10,1,1,0,0,,,,,,,,,,,,,
,Challenge 4,11,1,0,0,0,0,,Challenge 4,8,1,2,1,0,,,,,,,,,,,,,
,Challenge 5,6,2,3,0,1,0,,Challenge 5,8,3,0,0,1,,,,,,,,,,,,,
,Challenge 6,11,0,1,0,0,0,,Challenge 6,7,3,1,0,0,,,,,,,,,,,,,
,Challenge 7,5,2,1,0,0,0,,Challenge 7,8,0,0,0,0,,,,,,,,,,,,,
,Challenge 8,6,1,0,0,0,0,,Challenge 8,3,0,1,0,0,,,,,,,,,,,,,
,Challenge 9,1,1,0,0,0,0,,Challenge 9,1,1,0,0,0,,,,,,,,,,,,,
,Challenge 10,1,0,0,0,0,0,,Challenge 10,0,0,0,0,0,,,,,,,,,,,,,
,Total,67,13,7,1,1,1,,Total,63,13,7,1,1,,,,,,,,,,,,,
