unnamed_0,unnamed_1,unnamed_2,unnamed_3,unnamed_4,unnamed_5,unnamed_6,unnamed_7,unnamed_8,unnamed_9,unnamed_10,unnamed_11,unnamed_12,unnamed_13,unnamed_14,unnamed_15,unnamed_16,unnamed_17,unnamed_18,unnamed_19,unnamed_20,unnamed_21,unnamed_22,unnamed_23,unnamed_24,unnamed_25,unnamed_26,unnamed_27,unnamed_28,unnamed_29,unnamed_30,unnamed_31,unnamed_32,unnamed_33,unnamed_34,unnamed_35,unnamed_36,unnamed_37,unnamed_38,unnamed_39,unnamed_40,unnamed_41,unnamed_42,unnamed_43,unnamed_44
,,,,,,,,,,,,,,,,,,,,,,,,,,,,,,,,,,,,,,,,,,,,
,,,,,,,,,,,,,,,,,,,,,,,,,,,,,,,,,,,,,,,,,,,,
,Road Block,,,,,,,,,,,,,,,,,,,,,,,,,,,,,,,,,,,,,,,,,,,
,,,,,,,,,,,,,,,,,,,,,,,,,,,,,,,,,,,,,,,,,,,,
,"Road Block clues are challenges that only one team member may perform before moving on. Since Season 6, each team member
needs to participate in an equal amount of Road Blocks as their partner, assuming they make it all the way through the race. 
Sometimes, Road Blocks will require teams to travel (normally run) to the finish line after completing the challenge, effectively serving as an 
additional Route Info clue requiring teams to travel to the finish line.",,,,,,,,,,,,,,,,,,,,,,,,,,,,,,,,,,,,,,,,,,,
,,,,,,,,,,,,,,,,,,,,,,,,,,,,,,,,,,,,,,,,,,,,
,Number of Road Blocks per Season,,,,,,,,,,,,,,,,,,,,,,,,,,,,,,,,,,,,,,,,,,,
,Season #,Road Block,,,,,,,,,,,,,,,,,,,,,,,,,,,,,,,,,,,,,,,,,,
,Season 1,12,,,,,,,,,,,,,,,,,,,,,,,,,,,,,,,,,,,,,,,,,,
,Season 2,12,,,,,,,,,,,,,,,,,,,,,,,,,,,,,,,,,,,,,,,,,,
,Season 3,11,,,,,,,,,,,,,,,,,,,,,,,,,,,,,,,,,,,,,,,,,,
,Season 4,12,,,,,,,,,,,,,,,,,,,,,,,,,,,,,,,,,,,,,,,,,,
,Season 5,12,,,,,,,,,,,,,,,,,,,,,,,,,,,,,,,,,,,,,,,,,,
,Season 6,12,,,,,,,,,,,,,,,,,,,,,,,,,,,,,,,,,,,,,,,,,,
,Season 7,12,,,,,,,,,,,,,,,,,,,,,,,,,,,,,,,,,,,,,,,,,,
,Season 8,11,,,,,,,,,,,,,,,,,,,,,,,,,,,,,,,,,,,,,,,,,,
,Season 9,12,,,,,,,,,,,,,,,,,,,,,,,,,,,,,,,,,,,,,,,,,,
,Season 10,13,,,,,,,,,,,,,,,,,,,,,,,,,,,,,,,,,,,,,,,,,,
,Season 11,12,,,,,,,,,,,,,,,,,,,,,,,,,,,,,,,,,,,,,,,,,,
,Season 12,11,,,,,,,,,,,,,,,,,,,,,,,,,,,,,,,,,,,,,,,,,,
,Season 13,9,,,,,,,,,,,,,,,,,,,,,,,,,,,,,,,,,,,,,,,,,,
,Season 14,11,,,,,,,,,,,,,,,,,,,,,,,,,,,,,,,,,,,,,,,,,,
,Season 15,13,,,,,,,,,,,,,,,,,,,,,,,,,,,,,,,,,,,,,,,,,,
,Season 16,12,,,,,,,,,,,,,,,,,,,,,,,,,,,,,,,,,,,,,,,,,,
,Season 17,12,,,,,,,,,,,,,,,,,,,,,,,,,,,,,,,,,,,,,,,,,,
,Season 18,12,,,,,,,,,,,,,,,,,,,,,,,,,,,,,,,,,,,,,,,,,,
,Season 19,13,,,,,,,,,,,,,,,,,,,,,,,,,,,,,,,,,,,,,,,,,,
,Season 20,12,,,,,,,,,,,,,,,,,,,,,,,,,,,,,,,,,,,,,,,,,,
,Season 21,14,,,,,,,,,,,,,,,,,,,,,,,,,,,,,,,,,,,,,,,,,,
,Season 22,13,,,,,,,,,,,,,,,,,,,,,,,,,,,,,,,,,,,,,,,,,,
,Season 23,13,,,,,,,,,,,,,,,,,,,,,,,,,,,,,,,,,,,,,,,,,,
,Season 24,12,,,,,,,,,,,,,,,,,,,,,,,,,,,,,,,,,,,,,,,,,,
,Season 25,10,,,,,,,,,,,,,,,,,,,,,,,,,,,,,,,,,,,,,,,,,,
,Season 26,10,,,,,,,,,,,,,,,,,,,,,,,,,,,,,,,,,,,,,,,,,,
,Season 27,12,,,,,,,,,,,,,,,,,,,,,,,,,,,,,,,,,,,,,,,,,,
,Season 28,14,,,,,,,,,,,,,,,,,,,,,,,,,,,,,,,,,,,,,,,,,,
,Season 29,11,,,,,,,,,,,,,,,,,,,,,,,,,,,,,,,,,,,,,,,,,,
,Season 30,9,,,,,,,,,,,,,,,,,,,,,,,,,,,,,,,,,,,,,,,,,,
,Season 31,12,,,,,,,,,,,,,,,,,,,,,,,,,,,,,,,,,,,,,,,,,,
,Season 32,11,,,,,,,,,,,,,,,,,,,,,,,,,,,,,,,,,,,,,,,,,,
,Season 33,11,,,,,,,,,,,,,,,,,,,,,,,,,,,,,,,,,,,,,,,,,,
,Season 34,12,,,,,,,,,,,,,,,,,,,,,,,,,,,,,,,,,,,,,,,,,,
,Season 35,12,,,,,,,,,,,,,,,,,,,,,,,,,,,,,,,,,,,,,,,,,,
,Season 36,14,,"*NOTE: Mode is the most accurate representation of the amount of Road Blocks per season, with team members completing 6 Road Blocks each.",,,,,,,,,,,,,,,,,,,,,,,,,,,,,,,,,,,,,,,,
,Season 37,13,,,,,,,,,,,,,,,,,,,,,,,,,,,,,,,,,,,,,,,,,,
,Season 38,13,,,,,,,,,,,,,,,,,,,,,,,,,,,,,,,,,,,,,,,,,,
,Total,452,,,,,,,,,,,,,,,,,,,,,,,,,,,,,,,,,,,,,,,,,,
,Average,11.894736842105264,,,,,,,,,,,,,,,,,,,,,,,,,,,,,,,,,,,,,,,,,,
,"Standard
Deviation",1.1806886145601307,,,,,,,,,,,,,,,,,,,,,,,,,,,,,,,,,,,,,,,,,,
,Max,14,,,,,,,,,,,,,,,,,,,,,,,,,,,,,,,,,,,,,,,,,,
,Min,9,,,,,,,,,,,,,,,,,,,,,,,,,,,,,,,,,,,,,,,,,,
,Mode,12,,,,,,,,,,,,,,,,,,,,,,,,,,,,,,,,,,,,,,,,,,
,,,,,,,,,,,,,,,,,,,,,,,,,,,,,,,,,,,,,,,,,,,,
,,,,,,,,,,,,,,,,,,,,,,,,,,,,,,,,,,,,,,,,,,,,
,Type of Challenge for Each Road Block,,,,,,,,,,,,,,,,,,,,,,,,,,,,,,,,,,,,,,,,,,,
,"Using Keywords, describing what type each Road Block is",,,,,,,,,,,,,,,,,,,,,,,,,,,,,,,,,,,,,,,,,,,
,"*NOTE: Not all Road Block challenges could be categorized, these are briefly described without a keyword",,,,,,,,,,,,,,,% of Road Block per Challenge per Leg,,,,,,,,,,,,,,,,,,,,,,,,,,,,
,Season,Leg 1,Leg 2,Leg 3,Leg 4,Leg 5,Leg 6,Leg 7,Leg 8,Leg 9,Leg 10,Leg 11,Leg 12,Leg 13,,Challenge,Leg 1,Leg 2,Leg 3,Leg 4,Leg 5,Leg 6,Leg 7,Leg 8,Leg 9,Leg 10,Leg 11,Leg 12,Leg 13,,,,,,,,,,,,,,,
,Season 1,,Searching,PS,Searching,Animals,Navigation,Searching,Searching,Animals,PS,Food,PS,Pain,,Challenge 1,,,,0.02702702702702703,0.05263157894736842,0.023809523809523808,,,,,,,,,,,,,,,,,,,,,,
,,,PS,,,,Driving,,,,Swimming,,,,,Challenge 2,0.14814814814814814,0.3333333333333333,0.16666666666666666,0.13513513513513514,0.13157894736842105,0.19047619047619047,0.2,0.175,0.2,0.15789473684210525,0.125,0.25,,,,,,,,,,,,,,,,
,,,Challenge 5,Challenge 5,Challenge 4,Challenge 4,Challenge 6,Challenge 4,Challenge 6,Challenge 4,Challenge 4,Challenge 5,Challenge 7,Challenge 3,,Challenge 3,0.2962962962962963,0.08333333333333333,0.2777777777777778,0.16216216216216217,0.15789473684210525,0.23809523809523808,0.17142857142857143,0.175,0.1,0.2894736842105263,0.25,0.1388888888888889,0.16666666666666666,,,,,,,,,,,,,,,
,Season 2,,Searching,Searching,,Searching,Animals,HEC,Language,HEC,HEC,Driving,Swimming,PS,,Challenge 4,0.25925925925925924,0.3055555555555556,0.1388888888888889,0.35135135135135137,0.13157894736842105,0.16666666666666666,0.2571428571428571,0.05,0.075,0.23684210526315788,0.15,0.2222222222222222,,,,,,,,,,,,,,,,
,,,,Food,,,,,,,PS,,,,,Challenge 5,0.18518518518518517,0.16666666666666666,0.2777777777777778,0.1891891891891892,0.3157894736842105,0.16666666666666666,0.17142857142857143,0.25,0.15,0.15789473684210525,0.25,0.08333333333333333,0.16666666666666666,,,,,,,,,,,,,,,
,,,Challenge 7,Challenge 6,Challenge 9,Challenge 4,Challenge 6,Challenge 7,Challenge 6,Challenge 6,Challenge 6,Challenge 6,Challenge 6,Challenge 7,,Challenge 6,0.037037037037037035,0.08333333333333333,0.1388888888888889,0.08108108108108109,0.21052631578947367,0.14285714285714285,0.11428571428571428,0.175,0.25,0.10526315789473684,0.125,0.1388888888888889,0.16666666666666666,,,,,,,,,,,,,,,
,Season 3,,Searching,HEC,HEC,Searching,Selling,Heights,HEC,Building,PS,Biking,PS,Memory,,Challenge 7,0.037037037037037035,0.027777777777777776,,0.02702702702702703,,0.047619047619047616,0.05714285714285714,0.075,0.125,,0.1,0.1111111111111111,0.3333333333333333,,,,,,,,,,,,,,,
,,,Animals,PS,,,,,,,,PS,,,,Challenge 8,,,,,,,0.02857142857142857,0.05,0.075,0.05263157894736842,,0.027777777777777776,0.16666666666666666,,,,,,,,,,,,,,,
,,,Challenge 6,Challenge 5,Challenge 5,Challenge 6,Challenge 6,Challenge 6,Challenge 7,Challenge 6,Challenge 8,Challenge 5,Challenge 5,Challenge 8,,Challenge 9,0.037037037037037035,,,0.02702702702702703,,,,0.025,,,,,,,,,,,,,,,,,,,,
,Season 4,,Searching,Heights,Building,Animals,Searching,Animals,PS,PS,Swimming,Animals,Driving,Swimming,,Challenge 10,,,,,,,,0.025,0.025,,,,,,,,,,,,,,,,,,,
,,,ATD,,,,PS,,HEC,Heights,,,,,,Challenge 11,,,,,,,,,,,,,,,,,,,,,,,,,,,,
,,,Challenge 6,Challenge 6,Challenge 2,Challenge 6,Challenge 5,Challenge 4,Challenge 6,Challenge 6,Challenge 5,Challenge 6,Challenge 7,Challenge 5,,Challenge 12,,,,,,0.023809523809523808,,,,,,0.027777777777777776,,,,,,,,,,,,,,,,
,Season 5,,Animals,Food,Food,PS,Searching,Cooking,Searching,PS,PS,Heights,PS,,,Challenge 13,,,,,,,,,,,,,,,,,,,,,,,,,,,,
,,,,,,Searching,,Food,ATD,,,,Heights,,,,,,,,,,,,,,,,,,,,,,,,,,,,,,,
,,,Challenge 5,Challenge 3,Challenge 5,Challenge 5,Challenge 5,Challenge 5,Challenge 4,Challenge 6,Challenge 4,Challenge 2,Challenge 6,,,# of Road Block per Challenge per Season,,,,,,,,,,,,,,,,,,,,,,,,,,,,
,Season 6,,Heights,PS,PS,PS,Heights,PS,Searching,PS,Heights,Searching,Heights,,,Season #,Challenge 1,Challenge 2,Challenge 3,Challenge 4,Challenge 5,Challenge 6,Challenge 7,Challenge 8,Challenge 9,Challenge 10,Challenge 11,Challenge 12,Challenge 13,,,,,,,,,,,,,,,
,,,,Searching,,,,Food,ATD,Searching,,,,,,Season 1,0,0,1,5,3,2,1,0,0,0,0,0,0,,,,,,,,,,,,,,,
,,,,,,,,,,Swimming,,,,,,Season 2,0,0,0,1,0,7,3,0,1,0,0,0,0,,,,,,,,,,,,,,,
,,,Challenge 2,Challenge 6,Challenge 7,Challenge 6,Challenge 3,Challenge 7,Challenge 6,Challenge 7,Challenge 3,Challenge 5,Challenge 4,,,Season 3,0,0,0,0,4,5,1,2,0,0,0,0,0,,,,,,,,,,,,,,,
,,,,,,,Food,,,,,,,,,Season 4,0,1,0,1,3,6,1,0,0,0,0,0,0,,,,,,,,,,,,,,,
,,,,,,,Challenge 12,,,,,,,,,Season 5,0,1,1,2,5,2,0,0,0,0,0,0,0,,,,,,,,,,,,,,,
,Season 7,,ATD,Food,Animals,Searching,HEC,Driving,Searching,Animals,Heights,Driving,Balance,Heights,,Season 6,0,1,2,1,1,3,3,0,0,0,0,1,0,,,,,,,,,,,,,,,
,,,,,,,,,,,,,,Swimming,,Season 7,0,3,2,2,2,2,1,0,0,0,0,0,0,,,,,,,,,,,,,,,
,,,Challenge 2,Challenge 4,Challenge 2,Challenge 5,Challenge 3,Challenge 4,Challenge 3,Challenge 7,Challenge 5,Challenge 6,Challenge 2,Challenge 6,,Season 8,0,1,1,1,5,0,0,2,0,0,0,1,0,,,,,,,,,,,,,,,
,Season 8,,Searching,Pain,,HEC,Searching,Driving,Heights,Heights,Animals,Searching,HEC,,,Season 9,0,1,2,2,4,1,2,0,0,0,0,0,0,,,,,,,,,,,,,,,
,,,,,,,,,Driving,,,Driving,,,,Season 10,0,2,4,2,4,0,0,0,0,1,0,0,0,,,,,,,,,,,,,,,
,,,Challenge 4,Challenge 5,,Challenge 5,Challenge 3,Challenge 5,Challenge 2,Challenge 8,Challenge 8,Challenge 5,Challenge 5,,,Season 11,0,1,3,3,3,1,0,0,0,0,0,0,0,,,,,,,,,,,,,,,
,,,,,,,,,,,,,PS,,,Season 12,0,2,3,3,0,2,1,0,0,0,0,0,0,,,,,,,,,,,,,,,
,,,,,,,,,,,,,Geography,,,Season 13,0,2,2,1,3,1,0,0,0,0,0,0,0,,,,,,,,,,,,,,,
,,,,,,,,,,,,,Challenge 12,,,Season 14,0,4,2,3,0,1,1,0,0,0,0,0,0,,,,,,,,,,,,,,,
,Season 9,,Heights,Swimming,Searching,Building,HEC,Heights,Searching,Searching,Heights,ATD,Searching,Searching,,Season 15,0,3,3,2,5,0,0,0,0,0,0,0,0,,,,,,,,,,,,,,,
,,,,,,,,,PS,,,,,Flags,,Season 16,0,3,3,2,2,2,0,0,0,0,0,0,0,,,,,,,,,,,,,,,
,,,,,,,,,,,,,,Memory,,Season 17,0,1,3,5,2,1,0,0,0,0,0,0,0,,,,,,,,,,,,,,,
,,,Challenge 2,Challenge 3,Challenge 4,Challenge 5,Challenge 5,Challenge 6,Challenge 5,Challenge 5,Challenge 4,Challenge 3,Challenge 7,Challenge 7,,Season 18,0,2,5,3,0,2,0,0,0,0,0,0,0,,,,,,,,,,,,,,,
,Season 10,Food,HEC,Biking,Heights,Driving,Heights,PS,Searching,Biking,HEC,Cooking,Heights,,,Season 19,0,3,4,4,2,0,0,0,0,0,0,0,0,,,,,,,,,,,,,,,
,,,PS,Selling,,,Puzzle,,,PS,,Food,,,,Season 20,0,1,3,4,1,2,0,1,0,0,0,0,0,,,,,,,,,,,,,,,
,,Challenge 2,Challenge 5,Challenge 4,Challenge 3,Challenge 5,Challenge 3,Challenge 3,Challenge 5,Challenge 5,Challenge 3,Challenge 2,Challenge 4,,,Season 21,0,2,5,2,1,1,3,0,0,0,0,0,0,,,,,,,,,,,,,,,
,,,,,,,,,,Driving,,,,,,Season 22,0,3,1,4,3,2,0,0,0,0,0,0,0,,,,,,,,,,,,,,,
,,,,,,,,,,Challenge 10,,,,,,Season 23,0,1,2,1,6,2,1,0,0,0,0,0,0,,,,,,,,,,,,,,,
,Season 11,,Searching,Animals,Searching,Animals,PS,PS,Animals,Biking,Searching,Heights,Navigation,Heights,,Season 24,0,3,4,0,3,1,0,1,0,0,0,0,0,,,,,,,,,,,,,,,
,,,Puzzle,PS,,,HEC,,,Searching,PS,,Searching,Swimming,,Season 25,0,0,2,2,5,0,0,1,0,0,0,0,0,,,,,,,,,,,,,,,
,,,Challenge 2,Challenge 3,Challenge 5,Challenge 3,Challenge 4,Challenge 4,Challenge 6,Challenge 5,Challenge 5,Challenge 3,Challenge 4,,,Season 26,0,5,1,3,0,1,0,0,0,0,0,0,0,,,,,,,,,,,,,,,
,Season 12,Biking,PS,Animals,Biking,PS,Searching,Searching,PS,Driving,Heights,Memory,,,,Season 27,1,5,3,2,1,0,0,0,0,0,0,0,0,,,,,,,,,,,,,,,
,,,,Food,,,,,Biking,,Pain,,,,,Season 28,0,2,1,2,5,2,1,1,0,0,0,0,0,,,,,,,,,,,,,,,
,,Challenge 3,Challenge 4,Challenge 3,Challenge 6,Challenge 2,Challenge 2,Challenge 4,Challenge 7,Challenge 3,Challenge 4,Challenge 6,,,,Season 29,0,2,2,4,1,1,1,0,0,0,0,0,0,,,,,,,,,,,,,,,
,Season 13,,Searching,PS,Searching,Searching,Painting,Searching,Searching,PS,Counting,,,,,Season 30,0,2,3,3,0,1,0,0,0,0,0,0,0,,,,,,,,,,,,,,,
,,,ATD,,ATD,,,,,,Searching,,,,,Season 31,0,2,2,1,4,2,1,0,0,0,0,0,0,,,,,,,,,,,,,,,
,,,Challenge 5,Challenge 5,Challenge 4,Challenge 6,Challenge 2,Challenge 2,Challenge 3,Challenge 5,Challenge 3,,,,,Season 32,2,0,2,2,3,0,1,0,0,1,0,0,0,,,,,,,,,,,,,,,
,Season 14,Heights,PS,PS,Puzzle,PS,Animals,,Building,Animals,Food,Food,Memory,,,Season 33,1,3,3,2,1,1,0,0,0,0,0,0,0,,,,,,,,,,,,,,,
,,,or,Balance,Memory,,,,,,Pain,,,,,Season 34,0,5,3,2,0,1,0,1,0,0,0,0,0,,,,,,,,,,,,,,,
,,,Heights,,,,,,,,,,,,,Season 35,0,6,1,1,2,2,0,0,0,0,0,0,0,,,,,,,,,,,,,,,
,,Challenge 3,Challenge 2,Challenge 2,Challenge 6,Challenge 4,Challenge 3,,Challenge 2,Challenge 4,Challenge 2,Challenge 7,Challenge 4,,,Season 36,0,4,2,5,0,2,1,0,0,0,0,0,0,,,,,,,,,,,,,,,
,Season 15,Food,PS,ATD,Dancing,Searching,Puzzle,Counting,PS,Searching,Searching,Cooking,Heights,,,Season 37,0,1,5,1,2,0,2,1,1,0,0,0,0,,,,,,,,,,,,,,,
,,,,,,,,,Searching,Puzzle,,Food,,,,Season 38,0,4,1,1,3,3,0,0,1,0,0,0,0,,,,,,,,,,,,,,,
,,Challenge 2,Challenge 5,Challenge 5,Challenge 5,Challenge 4,Challenge 2,Challenge 3,Challenge 5,Challenge 3,Challenge 5,Challenge 2,Challenge 3,,,Totals,4,82,87,85,89,62,25,10,3,2,0,2,0,,,,,,,,,,,,,,,
,,,,,,,,,,,,Puzzle,,,,,,,,,,,,,,,,,,,,,,,,,,,,,,,,
,,,,,,,,,,,,Challenge 4,,,,Keywords of Road Block per Leg,,,,,,,,,,,,,,,,,,,,,,,,,,,,
,Season 16,Heights,Animals,HEC,Heights,,Searching,Swimming,PS,Math,Cooking,Counting,Heights,,,Keywords,Leg 1,Leg 2,Leg 3,Leg 4,Leg 5,Leg 6,Leg 7,Leg 8,Leg 9,Leg 10,Leg 11,Leg 12,Leg 13,Totals,,,,,,,,,,,,,,
,,,,,,,,,Building,,,,,,,Animals,,4,2,3,3,3,3,2,4,1,1,,,26,,,,,,,,,,,,,,
,,Challenge 2,Challenge 4,Challenge 3,Challenge 2,,Challenge 3,Challenge 5,Challenge 5,Challenge 6,Challenge 2,Challenge 4,Challenge 3,,,ATD,1,7,4,4,6,2,3,8,4,5,2,1,,47,,,,,,,,,,,,,,
,,,,,,,,,,,Searching,,,,,Balance,1,2,4,,1,2,,2,1,2,1,2,,18,,,,,,,,,,,,,,
,,,,,,,,,,,Puzzle,,,,,Biking,1,,1,1,,,1,1,4,2,1,,,12,,,,,,,,,,,,,,
,,,,,,,,,,,Challenge 6,,,,,Building,,1,2,5,9,2,2,3,5,1,1,,,31,,,,,,,,,,,,,,
,Season 17,HEC,Selling,PS,Animals,Heights,Searching,HEC,Heights,ATD,Searching,Searching,ATD,,,Cooking,,,1,,,,1,1,1,2,2,,,8,,,,,,,,,,,,,,
,,,,HEC,,,PS,,Searching,Building,,ATD,,,,Counting,,,,,,,2,,,2,1,,,5,,,,,,,,,,,,,,
,,Challenge 4,Challenge 3,Challenge 2,Challenge 4,Challenge 4,Challenge 5,Challenge 6,Challenge 3,Challenge 5,Challenge 3,Challenge 4,Challenge 4,,,Dancing,,1,2,1,1,,1,3,1,,2,,,12,,,,,,,,,,,,,,
,Season 18,Searching,,Dancing,Searching,Building,Food,Searching,ATD,Biking,ATD,Dancing,Driving,,,Driving,1,,,2,2,1,3,1,2,1,3,2,,18,,,,,,,,,,,,,,
,,Puzzle,,HEC,ATD,ATD,Memory,Puzzle,,PS,,,,,,Flags,,,,1,,,,,,,,,1,2,,,,,,,,,,,,,,
,,,,,,,,,,Math,,,,,,Food,4,,4,1,,3,3,,,2,5,,,22,,,,,,,,,,,,,,
,,Challenge 3,,Challenge 3,Challenge 4,Challenge 6,Challenge 3,Challenge 2,Challenge 6,Challenge 3,Challenge 4,Challenge 3,Challenge 2,,,Geography,,,,,,,,,,,1,1,,2,,,,,,,,,,,,,,
,,,,,,,,,,,,,Searching,,,HEC,3,2,7,1,3,4,3,5,2,5,7,3,,45,,,,,,,,,,,,,,
,,,,,,,,,,,,,Challenge 4,,,Heights,8,6,1,7,4,6,6,4,4,6,4,12,2,70,,,,,,,,,,,,,,
,Season 19,Memory,Searching,Searching,Heights,Searching,PS,PS,Dancing,Biking,Driving,Heights,HEC,,,Language,,,2,,1,1,,2,1,,2,2,,11,,,,,,,,,,,,,,
,,,,,PS,,,Biking,,Navigation,,Balance,Language,,,Math,,1,,,,,2,1,2,,,,,6,,,,,,,,,,,,,,
,,,,,,,,,,Memory,,,,,,Memory,2,,,4,2,4,1,2,4,,3,6,2,30,,,,,,,,,,,,,,
,,Challenge 3,Challenge 4,Challenge 5,Challenge 4,Challenge 3,Challenge 2,Challenge 3,Challenge 3,Challenge 2,Challenge 2,Challenge 4,Challenge 4,,,Music,1,1,1,,,,,,1,1,,,,5,,,,,,,,,,,,,,
,,,,,,Building,,,,,,,,,,Navigation,,,,,,2,,,1,,,1,,4,,,,,,,,,,,,,,
,,,,,,Challenge 5,,,,,,,,,,Pain,,,1,,,,,,,2,,,1,4,,,,,,,,,,,,,,
,Season 20,Driving,Math,Dancing,Heights,HEC,PS,,Animals,Dancing,ATD,PS,PS,,,Painting,,1,,,,1,1,,,,,,,3,,,,,,,,,,,,,,
,,Heights,,Balance,,,,,,,,HEC,,,,PS,5,6,12,7,5,8,5,6,13,10,6,8,1,92,,,,,,,,,,,,,,
,,Challenge 4,Challenge 4,Challenge 4,Challenge 3,Challenge 6,Challenge 4,,Challenge 8,Challenge 2,Challenge 5,Challenge 3,Challenge 3,,,Puzzle,3,2,,1,,4,2,2,2,1,4,1,,22,,,,,,,,,,,,,,
,,,,,,,,,,,,,PS,,,Searching,7,10,6,9,11,12,7,13,7,6,7,6,1,102,,,,,,,,,,,,,,
,,,,,,,,,,,,,Challenge 6,,,Selling,,1,1,,,2,,,,,,,,4,,,,,,,,,,,,,,
,Season 21,HEC,ATD,Balance,PS,Building,Selling,Searching,Math,PS,HEC,Searching,Heights,,,Singing,,1,1,,1,1,,,,,,,,4,,,,,,,,,,,,,,
,,,,,Building,ATD,,,,,PS,,Puzzle,,,Swimming,,1,1,1,1,,1,,3,4,3,1,3,19,,,,,,,,,,,,,,
,,Challenge 3,Challenge 4,Challenge 2,Challenge 3,Challenge 3,Challenge 7,Challenge 4,Challenge 3,Challenge 7,Challenge 3,Challenge 7,Challenge 2,,,Travel Issues,,,,,,,,,,,,,,0,,,,,,,,,,,,,,
,,Food,,,,,,,,,,,Memory,,,,,,,,,,,,,,,,,,,,,,,,,,,,,,,
,,,,,,,,,,,,,Language,,,Keywords of Road Block per Leg,,,,,,,,,,,,,,,,,,,,,,,,,,,,
,,Challenge 5,,,,,,,,,,,Challenge 6,,,Keywords,Leg 1,Leg 2,Leg 3,Leg 4,Leg 5,Leg 6,Leg 7,Leg 8,Leg 9,Leg 10,Leg 11,Leg 12,Leg 13,,Percent of Keywords on Road Blocks,,,,,,,,,,,,,
,Season 22,Heights,HEC,PS,Searching,Searching,Animals,Animals,PS,Searching,Music,Swimming,Searching,,,Animals,,0.1111111111111111,0.05555555555555555,0.08108108108108109,0.07894736842105263,0.07142857142857142,0.08571428571428572,0.05,0.1,0.02631578947368421,0.025,,,,Keyword,%,,,,,,,,,,,,
,,,Balance,,Memory,ATD,,,Heights,,,,,,,ATD,0.037037037037037035,0.19444444444444445,0.1111111111111111,0.10810810810810811,0.15789473684210525,0.047619047619047616,0.08571428571428572,0.2,0.1,0.13157894736842105,0.05,0.027777777777777776,,,Animals,0.057649667405764965,,,,,,,,,,,,
,,,,,,Memory,,,,,,,,,,Balance,0.037037037037037035,0.05555555555555555,0.1111111111111111,,0.02631578947368421,0.047619047619047616,,0.05,0.025,0.05263157894736842,0.025,0.05555555555555555,,,ATD,0.10421286031042129,,,,,,,,,,,,
,,Challenge 4,Challenge 4,Challenge 5,Challenge 4,Challenge 2,Challenge 3,Challenge 4,Challenge 5,Challenge 6,Challenge 2,Challenge 2,Challenge 5,,,Biking,0.037037037037037035,,0.027777777777777776,0.02702702702702703,,,0.02857142857142857,0.025,0.1,0.05263157894736842,0.025,,,,Balance,0.03991130820399113,,,,,,,,,,,,
,,Searching,,,,,,,,,,,,,,Building,,0.027777777777777776,0.05555555555555555,0.13513513513513514,0.23684210526315788,0.047619047619047616,0.05714285714285714,0.075,0.125,0.02631578947368421,0.025,,,,Biking,0.026607538802660754,,,,,,,,,,,,
,,Challenge 6,,,,,,,,,,,,,,Cooking,,,0.027777777777777776,,,,0.02857142857142857,0.025,0.025,0.05263157894736842,0.05,,,,Building,0.06873614190687362,,,,,,,,,,,,
,Season 23,Heights,ATD,HEC,Heights,Searching,Language,Heights,HEC,Building,Cooking,Building,Heights,,,Counting,,,,,,,0.05714285714285714,,,0.05263157894736842,0.025,,,,Cooking,0.017738359201773836,,,,,,,,,,,,
,,,PS,,Swimming,,Singing,Memory,,Music,,,,,,Dancing,,0.027777777777777776,0.05555555555555555,0.02702702702702703,0.02631578947368421,,0.02857142857142857,0.075,0.025,,0.05,,,,Counting,0.011086474501108648,,,,,,,,,,,,
,,Challenge 3,Challenge 5,Challenge 5,Challenge 4,Challenge 6,Challenge 5,Challenge 5,Challenge 7,Challenge 6,Challenge 3,Challenge 5,Challenge 2,,,Driving,0.037037037037037035,,,0.05405405405405406,0.05263157894736842,0.023809523809523808,0.08571428571428572,0.025,0.05,0.02631578947368421,0.075,0.05555555555555555,,,Dancing,0.026607538802660754,,,,,,,,,,,,
,,PS,,,,,,,,,,,,,,Flags,,,,0.02702702702702703,,,,,,,,,0.16666666666666666,,Driving,0.03991130820399113,,,,,,,,,,,,
,,Searching,,,,,,,,,,,,,,Food,0.14814814814814814,,0.1111111111111111,0.02702702702702703,,0.07142857142857142,0.08571428571428572,,,0.05263157894736842,0.125,,,,Flags,0.004434589800443459,,,,,,,,,,,,
,,Challenge 5,,,,,,,,,,,,,,Geography,,,,,,,,,,,0.025,0.027777777777777776,,,Food,0.04878048780487805,,,,,,,,,,,,
,Season 24,Heights,Building,PS,PS,ATD,Searching,Counting,ATD,PS,HEC,Memory,Escape magic box,,,HEC,0.1111111111111111,0.05555555555555555,0.19444444444444445,0.02702702702702703,0.07894736842105263,0.09523809523809523,0.08571428571428572,0.125,0.05,0.13157894736842105,0.175,0.08333333333333333,,,Geography,0.004434589800443459,,,,,,,,,,,,
,,,ATD,,,,,Math,,Animals,,Language,,,,Heights,0.2962962962962963,0.16666666666666666,0.027777777777777776,0.1891891891891892,0.10526315789473684,0.14285714285714285,0.17142857142857143,0.1,0.1,0.15789473684210525,0.1,0.3333333333333333,0.3333333333333333,,HEC,0.09977827050997783,,,,,,,,,,,,
,,Challenge 5,Challenge 3,Challenge 2,Challenge 2,Challenge 6,Challenge 3,Challenge 5,Challenge 5,Challenge 8,Challenge 3,Challenge 3,Challenge 2,,,Language,,,0.05555555555555555,,0.02631578947368421,0.023809523809523808,,0.05,0.025,,0.05,0.05555555555555555,,,Heights,0.15521064301552107,,,,,,,,,,,,
,Season 25,Searching,,,Memory,ATD,Puzzle,Driving,Heights,Heights,,PS,Heights,,,Math,,0.027777777777777776,,,,,0.05714285714285714,0.025,0.05,,,,,,Language,0.024390243902439025,,,,,,,,,,,,
,,,,,,PS,PS,,Searching,Balance,,,,,,Memory,0.07407407407407407,,,0.10810810810810811,0.05263157894736842,0.09523809523809523,0.02857142857142857,0.05,0.1,,0.075,0.16666666666666666,0.3333333333333333,,Math,0.013303769401330377,,,,,,,,,,,,
,,Challenge 5,,,Challenge 5,Challenge 5,Challenge 5,Challenge 3,Challenge 3,Challenge 4,,Challenge 5,Challenge 4,,,Music,0.037037037037037035,0.027777777777777776,0.027777777777777776,,,,,,0.025,0.02631578947368421,,,,,Memory,0.06651884700665188,,,,,,,,,,,,
,,,,,,,,,,,,,Searching,,,Navigation,,,,,,0.047619047619047616,,,0.025,,,0.027777777777777776,,,Music,0.011086474501108648,,,,,,,,,,,,
,,,,,,,,,,,,,Memory,,,Pain,,,0.027777777777777776,,,,,,,0.05263157894736842,,,0.16666666666666666,,Navigation,0.008869179600886918,,,,,,,,,,,,
,,,,,,,,,,,,,Challenge 8,,,Painting,,0.027777777777777776,,,,0.023809523809523808,0.02857142857142857,,,,,,,,Pain,0.008869179600886918,,,,,,,,,,,,
,Season 26,,Puzzle,,Building,Language,PS,Building,Searching,Searching,PS,Swimming,HEC,,,PS,0.18518518518518517,0.16666666666666666,0.3333333333333333,0.1891891891891892,0.13157894736842105,0.19047619047619047,0.14285714285714285,0.15,0.325,0.2631578947368421,0.15,0.2222222222222222,0.16666666666666666,,Painting,0.0066518847006651885,,,,,,,,,,,,
,,,,,,Singing,,,,ATD,,,,,,Puzzle,0.1111111111111111,0.05555555555555555,,0.02702702702702703,,0.09523809523809523,0.05714285714285714,0.05,0.05,0.02631578947368421,0.1,0.027777777777777776,,,PS,0.2039911308203991,,,,,,,,,,,,
,,,Challenge 2,,Challenge 4,Chalenge 6,Challenge 2,Challenge 3,Challenge 2,Challenge 2,Challenge 4,Challenge 4,Challenge 2,,,Searching,0.25925925925925924,0.2777777777777778,0.16666666666666666,0.24324324324324326,0.2894736842105263,0.2857142857142857,0.2,0.325,0.175,0.15789473684210525,0.175,0.16666666666666666,0.16666666666666666,,Puzzle,0.04878048780487805,,,,,,,,,,,,
,,,,,,,,,,,,,Searching,,,Selling,,0.027777777777777776,0.027777777777777776,,,0.047619047619047616,,,,,,,,,Searching,0.2261640798226164,,,,,,,,,,,,
,,,,,,,,,,,,,Heights,,,Singing,,0.027777777777777776,0.027777777777777776,,0.02631578947368421,0.023809523809523808,,,,,,,,,Selling,0.008869179600886918,,,,,,,,,,,,
,,,,,,,,,,,,,Challenge 6,,,Swimming,,0.027777777777777776,0.027777777777777776,0.02702702702702703,0.02631578947368421,,0.02857142857142857,,0.075,0.10526315789473684,0.075,0.027777777777777776,0.5,,Singing,0.008869179600886918,,,,,,,,,,,,
,Season 27,,Dancing,ATD,Searching,Heights,Heights,ATD,Language,ATD,Biking,Searching,PS,,,Travel Issues,,,,,,,,,,,,,,,Swimming,0.04212860310421286,,,,,,,,,,,,
,,,,Cooking,Heights,,,Searching,Balance,,,Swimming,Memory,,,,,,,,,,,,,,,,,,Travel Issues,,,,,,,,,,,,,
,,,Challenge 4,Challenge 2,Challenge 3,Challenge 2,Challenge 1,Challenge 3,Challenge 5,Challenge 2,Challenge 2,Challenge 4,Challenge 2,,,,,,,,,,,,,,,,,,,,,,,,,,,,,,,
,,,,,,,Heights,,,,,,,,,,,,,,,,,,,,,,,,,,,,,,,,,,,,,
,,,,,,,Searching,,,,,,,,,,,,,,,,,,,,,,,,,,,,,,,,,,,,,
,,,,,,,Challenge 3,,,,,,,,,,,,,,,,,,,,,,,,,,,,,,,,,,,,,
,Season 28,Searching,Searching,Searching,Flags,Heights,Building,Dancing,Puzzle,PS,Heights,Puzzle,Heights,,,,,,,,,,,,,,,,,,,,,,,,,,,,,,,
,,,Swimming,ATD,,Memory,ATD,,,,Swimming,Geography,,,,# of Keyword Road Blocks per Season,,,,,,,,,,,,,,,,,,,,,,,,,,,,
,,Challenge 4,Challenge 2,Challenge 5,Challenge 5,Challenge 5,Challenge 6,Challenge 5,Challenge 4,Challenge 5,Challenge 6,Challenge 3,Challenge 2,,,Season #,Animals,ATD,Balance,Biking,Building,Cooking,Counting,Dancing,Driving,Flags,Food,Geography,HEC,Heights,Language,Math,Memory,Music,Navigation,Pain,Painting,PS,Puzzle,Searching,Selling,Singing,Swimming,Travel Issues
,,,,,,,,,,Building,,,Memory,,,Season 1,2,0,0,0,0,0,0,0,1,0,1,0,0,0,0,0,0,0,1,1,0,4,0,4,0,0,1,0
,,,,,,,,,,Challenge 8,,,Challenge 7,,,Season 2,1,0,0,0,0,0,0,0,1,0,1,0,3,0,1,0,0,0,0,0,0,2,0,3,0,0,1,0
,Season 29,,Heights,Searching,PS,Building,Food,ATD,Dancing,Heights,PS,HEC,,,,Season 3,1,0,0,1,1,0,0,0,0,0,0,0,3,1,0,0,1,0,0,0,0,4,0,2,1,0,0,0
,,,,Language,Building,,Searching,Painting,,,Biking,,,,,Season 4,3,1,0,0,1,0,0,0,1,0,0,0,1,2,0,0,0,0,0,0,0,3,0,2,0,0,2,0
,,,Challenge 4,Challenge 5,Challenge 4,Challenge 3,Challenge 2,Challenge 4,Challenge 6,Challenge 2,Challenge 4,Challenge 3,,,,Season 5,1,1,0,0,0,1,0,0,0,0,3,0,0,2,0,0,0,0,0,0,0,4,0,3,0,0,0,0
,,,,,,,,,,,,HEC,,,,Season 6,0,1,0,0,0,0,0,0,0,0,2,0,0,4,0,0,0,0,0,0,0,5,0,4,0,0,1,0
,,,,,,,,,,,,Challenge 7,,,,Season 7,2,1,1,0,0,0,0,0,2,0,1,0,1,2,0,0,0,0,0,0,0,0,0,2,0,0,1,0
,Season 30,Memory,Heights,Searching,Driving,Building,Searching,,,,Food,Searching,PS,,,Season 8,1,0,0,0,0,0,0,0,3,0,0,1,2,2,0,0,0,0,0,1,0,1,0,3,0,0,0,0
,,Puzzle,,,,,,,,,,PS,Heights,,,Season 9,0,1,0,0,1,0,0,0,0,1,0,0,1,3,0,0,1,0,0,0,0,1,0,5,0,0,1,0
,,Challenge 4,Challenge 2,Challenge 3,Challenge 3,Challenge 2,Challenge 4,,,,Challenge 4,Challenge 6,Challenge 3,,,Season 10,0,0,0,2,0,1,0,0,1,0,2,0,2,3,0,0,0,0,0,0,0,3,1,1,1,0,0,0
,Season 31,Searching,Animals,Language,Driving,Searching,Searching,Heights,HEC,Memory,,Puzzle,Heights,,,Season 11,3,0,0,1,0,0,0,0,0,0,0,0,1,2,0,0,0,0,1,0,0,4,1,5,0,0,1,0
,,Food,,Singing,,,Building,,,,,,Memory,,,Season 12,1,0,0,3,0,0,0,0,1,0,1,0,0,1,0,0,1,0,0,1,0,3,0,2,0,0,0,0
,,Challenge 5,Challenge 6,Challenge 3,Challenge 4,Challenge 5,Challenge 5,Challenge 2,Challenge 5,Challenge 6,,Challenge 3,Challenge 2,,,Season 13,0,2,0,0,0,0,1,0,0,0,0,0,0,0,0,0,0,0,0,0,1,2,0,6,0,0,0,0
,,PS,,,,,,,,,,,,,,Season 14,2,0,1,0,1,0,0,0,0,0,2,0,0,2,0,0,2,0,0,1,0,3,1,0,0,0,0,0
,,Balance,,,,,,,,,,,,,,Season 15,0,1,0,0,0,1,1,1,0,0,2,0,0,1,0,0,0,0,0,0,0,2,3,4,0,0,0,0
,,Challenge 7,,,,,,,,,,,,,,Season 16,1,0,0,0,1,1,1,0,0,0,0,0,1,3,0,1,0,0,0,0,0,1,1,2,0,0,1,0
,Season 32,Music,Balance,,Building,Searching,Heights,,ATD,ATD,,Searching,,,,Season 17,1,3,0,0,1,0,0,0,0,0,0,0,3,2,0,0,0,0,0,0,0,2,0,4,1,0,0,0
,,,,,ATD,,Puzzle,,,Building,,Food,,,,Season 18,0,4,0,1,1,0,0,2,1,0,1,0,1,0,0,1,1,0,0,0,0,1,2,4,0,0,0,0
,,,,,,,,,,Puzzle,,,,,,Season 19,0,0,1,2,1,0,0,1,1,0,0,0,1,2,1,0,2,0,1,0,0,3,0,3,0,0,0,0
,,Challenge 3,Challenge 4,,Challenge 1,Challenge 1,Challenge 4,,Challenge 5,Challenge 7,,Challenge 3,,,,Season 20,1,1,1,0,0,0,0,2,1,0,0,0,2,2,0,1,0,0,0,0,0,4,0,0,0,0,0,0
,,,,,,HEC,,,ATD,,,Heights,,,,Season 21,0,2,1,0,2,0,0,0,0,0,1,0,2,1,1,1,1,0,0,0,0,3,1,2,1,0,0,0
,,,,,,Challenge 5,,,Challenge 10,,,Challenge 5,,,,Season 22,2,1,1,0,0,0,0,0,0,0,0,0,1,2,0,0,2,1,0,0,0,2,0,5,0,0,1,0
,Season 33,,Searching,Building,Heights,Driving,PS,Building,Cooking,Searching,Searching,,,,,Season 23,0,1,0,0,2,1,0,0,0,0,0,0,2,4,1,0,1,1,0,0,0,2,0,2,0,1,1,0
,,,,Music,PS,Heights,Searching,,,,ATD,,,,,Season 24,1,3,0,0,1,0,1,0,0,0,0,0,1,1,1,1,1,0,0,0,0,3,0,1,0,0,0,0
,,,Challenge 2,Challenge 3,Challenge 3,Challenge 1,Challenge 4,Challenge 4,Challenge 3,Challenge 2,Challenge 2,,,,,Season 25,0,1,1,0,0,0,0,0,1,0,0,0,0,3,0,0,2,0,0,0,0,3,1,3,0,0,0,0
,,,,,,,,,Memory,,Counting,,,,,Season 26,0,1,0,0,2,0,0,0,0,0,0,0,1,1,1,0,0,0,0,0,0,2,1,3,0,1,1,0
,,,,,,,,,Challenge 5,,Challenge 6,,,,,Season 27,0,3,1,1,0,1,0,1,0,0,0,0,0,4,1,0,1,0,0,0,0,1,0,4,0,0,1,0
,Season 34,PS,Singing,Building,Searching,Building,Memory,PS,Building,PS,PS,,,,,Season 28,0,2,0,0,2,0,0,1,0,1,0,1,0,3,0,0,2,0,0,0,0,1,2,3,0,0,2,0
,,,,,,,,HEC,ATD,Swimming,Heights,,,,,Season 29,0,1,0,1,2,0,0,1,0,0,1,0,2,2,1,0,0,0,0,0,1,2,0,2,0,0,0,0
,,Challenge 4,Challenge 2,Challenge 4,Challenge 2,Challenge 3,Challenge 2,Challenge 2,Challenge 2,Challenge 3,Challenge 3,,,,,Season 30,0,0,0,0,1,0,0,0,1,0,1,0,0,2,0,0,1,0,0,0,0,2,1,3,0,0,0,0
,,,,PS,,,,,Balance,,,,,,,Season 31,1,0,1,0,1,0,0,0,1,0,1,0,1,2,1,0,2,0,0,0,0,1,1,3,0,1,0,0
,,,,ATD,,,,,Memory,,,,,,,Season 32,0,4,1,0,2,0,0,0,0,0,1,0,1,2,0,0,0,1,0,0,0,0,2,2,0,0,0,0
,,,,Challenge 6,,,,,Challenge 8,,,,,,,Season 33,0,1,0,0,2,1,1,0,1,0,0,0,0,2,0,0,1,1,0,0,0,2,0,4,0,0,0,0
,Season 35,Heights,ATD,,Searching,Balance,ATD,Math,Searching,PS,ATD,Dancing,,,,Season 34,0,2,1,0,3,0,0,0,0,0,0,0,1,1,0,0,2,0,0,0,0,5,0,1,0,1,1,0
,,Puzzle,,,ATD,Dancing,,Heights,Puzzle,,,,,,,Season 35,0,4,1,0,0,0,0,2,0,0,0,0,1,2,0,1,0,0,0,0,0,2,3,3,0,0,0,0
,,Challenge 2,Challenge 2,,Challenge 5,Challenge 2,Challenge 6,Challenge 2,Challenge 2,Challenge 2,Challenge 4,Challenge 3,,,,Season 36,0,1,2,0,1,0,0,0,0,0,0,0,5,0,0,0,4,0,0,0,1,5,1,0,0,0,2,0
,,,,,,,,Searching,,,,HEC,,,,Season 37,1,1,3,0,0,1,0,1,0,0,1,0,2,2,0,0,0,1,0,0,0,3,0,0,0,0,1,0
,,,,,,,,Puzzle,,,,PS,,,,Season 38,1,3,1,0,2,0,0,0,0,0,0,0,3,2,2,0,2,0,1,0,0,1,0,2,0,0,0,0
,,,,,,,,Challenge 6,,,,Challenge 5,,,,Totals,26,47,18,12,31,8,5,12,17,2,22,2,45,70,11,6,30,5,4,4,3,92,22,102,4,4,19,0
,Season 36,HEC,Painting,PS,Memory,Building,Memory,ATD,HEC,PS,Balance,HEC,,,,Averages,0.6842105263157895,1.236842105263158,0.47368421052631576,0.3157894736842105,0.8157894736842105,0.21052631578947367,0.13157894736842105,0.3157894736842105,0.4473684210526316,0.05263157894736842,0.5789473684210527,0.05263157894736842,1.1842105263157894,1.8421052631578947,0.2894736842105263,0.15789473684210525,0.7894736842105263,0.13157894736842105,0.10526315789473684,0.10526315789473684,0.07894736842105263,2.4210526315789473,0.5789473684210527,2.6842105263157894,0.10526315789473684,0.10526315789473684,0.5,0
,,PS,,,,,,,,Swimming,Swimming,PS,,,,Mode,0,1,0,0,0,0,0,0,0,0,0,0,1,2,0,0,0,0,0,0,0,2,0,3,0,0,0,0
,,,,,,,,,,Memory,,,,,,Maximum,3,4,3,3,3,1,1,2,3,1,3,1,5,4,2,1,4,1,1,1,1,5,3,6,1,1,2,0
,,Challenge 4,Challenge 4,Challenge 4,Challenge 4,Challenge 3,Challenge 4,Challenge 2,Challenge 2,Challenge 2,Challenge 3,Challenge 2,,,,,,,,,,,,,,,,,,,,,,,,,,,,,,,,
,,,,,,,Balance,,,HEC,,Puzzle,,,,,,1.7777777777777777,,,,,,,,,,,,,,,,,,,,,,,,,,
,,,,,,,HEC,,,PS,,Memory,,,,,,,,,,,,,,,,,,,,,,,,,,,,,,,,
,,,,,,,Challenge 6,,,Challenge 6,,Challenge 7,,,,,,,,,,,,,,,,,,,,,,,,,,,,,,,,
,Season 37,PS,Music,HEC,PS,Swimming,Heights,Animals,Dancing,Cooking,Balance,HEC,Balance,,,,,,,,,,,,,,,,,,,,,,,,,,,,,,,
,,Heights,,,,ATD,,Food,,,PS,,,,,,,,,,,,,,,,,,,,,,,,,,,,,,,,,
,,Challenge 3,Challenge 3,Challenge 3,Challenge 4,Challenge 5,Challenge 2,Challenge 8,Challenge 9,Challenge 7,Challenge 3,Challenge 5,Challenge 3,,,,,,,,,,,,,,,,,,,,,,,,,,,,,,,
,,,,,,,Balance,,,,,,,,,,,,,,,,,,,,,,,,,,,,,,,,,,,,,
,,,,,,,Challenge 7,,,,,,,,,,,,,,,,,,,,,,,,,,,,,,,,,,,,,
,Season 38,Searching,Heights,PS,Animals,Building,Memory,Heights,Searching,Memory,ATD,HEC,,,,,,,,,,,,,,,,,,,,,,,,,,,,,,,,
,,ATD,,,,,Navigation,,ATD,Language,,Language,,,,,,,,,,,,,,,,,,,,,,,,,,,,,,,,
,,Challenge 9,Challenge 2,Challenge 2,Challenge 6,Challenge 5,Challenge 4,Challenge 2,Challenge 2,Challenge 6,Challenge 3,Challenge 5,,,,,,,,,,,,,,,,,,,,,,,,,,,,,,,,
,,,,HEC,,,,,,,HEC,,,,,,,,,,,,,,,,,,,,,,,,,,,,,,,,,
,,,,Balance,,,,,,,Building,,,,,,,,,,,,,,,,,,,,,,,,,,,,,,,,,
,,,,Challenge 6,,,,,,,Challenge 5,,,,,,,,,,,,,,,,,,,,,,,,,,,,,,,,,
