unnamed_0,unnamed_1,unnamed_2,unnamed_3,unnamed_4,unnamed_5,unnamed_6,unnamed_7,unnamed_8,unnamed_9,unnamed_10,unnamed_11,unnamed_12,unnamed_13,unnamed_14,unnamed_15,unnamed_16,unnamed_17,unnamed_18,unnamed_19,unnamed_20,unnamed_21,unnamed_22,unnamed_23,unnamed_24,unnamed_25,unnamed_26,unnamed_27,unnamed_28,unnamed_29,unnamed_30,unnamed_31,unnamed_32,unnamed_33,unnamed_34,unnamed_35,unnamed_36,unnamed_37,unnamed_38,unnamed_39,unnamed_40,unnamed_41,unnamed_42,unnamed_43,unnamed_44,unnamed_45,unnamed_46
,,,,,,,,,,,,,,,,,,,,,,,,,,,,,,,,,,,,,,,,,,,,,,
,,,,,,,,,,,,,,,,,,,,,,,,,,,,,,,,,,,,,,,,,,,,,,
,Fast Forwards,,,,,,,,,,,,,,,,,,,,,,,,,,,,,,,,,,,,,,,,,,,,,
,,,,,,,,,,,,,,,,,,,,,,,,,,,,,,,,,,,,,,,,,,,,,,
,"The Fast Forward clue is a task that, once completed, allows teams to skip all remaining tasks and go straight to the Pit Stop. 
In Seasons 1-4, there were Fast Forwards in almost every leg, with each team allowed to only complete 1 for the duration of the 
race. After a 7 leg hiatus, the Fast Forward is back during Season 37!",,,,,,,,,,,,,,,,,,,,,,,,,,,,,,,,,,,,,,,,,,,,,
,,,,,,,,,,,,,,,,,,,,,,,,,,,,,,,,,,,,,,,,,,,,,,
,Number of Fast Forwards per Season,,,,,,,,,,,,,,,,,,,,,,,,,,,,,,,,,,,,,,,,,,,,,
,Season #,Fast Forward,,,,,,,,,,,,,,,,,,,,,,,,,,,,,,,,,,,,,,,,,,,,
,Season 1,11,,,,,,,,,,,,,,,,,,,,,,,,,,,,,,,,,,,,,,,,,,,,
,Season 2,11,,,,,,,,,,,,,,,,,,,,,,,,,,,,,,,,,,,,,,,,,,,,
,Season 3,11,,,,,,,,,,,,,,,,,,,,,,,,,,,,,,,,,,,,,,,,,,,,
,Season 4,11,,,,,,,,,,,,,,,,,,,,,,,,,,,,,,,,,,,,,,,,,,,,
,Season 5,2,,,,,,,,,,,,,,,,,,,,,,,,,,,,,,,,,,,,,,,,,,,,
,Season 6,2,,,,,,,,,,,,,,,,,,,,,,,,,,,,,,,,,,,,,,,,,,,,
,Season 7,2,,,,,,,,,,,,,,,,,,,,,,,,,,,,,,,,,,,,,,,,,,,,
,Season 8,1,,,,,,,,,,,,,,,,,,,,,,,,,,,,,,,,,,,,,,,,,,,,
,Season 9,2,,,,,,,,,,,,,,,,,,,,,,,,,,,,,,,,,,,,,,,,,,,,
,Season 10,2,,,,,,,,,,,,,,,,,,,,,,,,,,,,,,,,,,,,,,,,,,,,
,Season 11,2,,,,,,,,,,,,,,,,,,,,,,,,,,,,,,,,,,,,,,,,,,,,
,Season 12,1,,,,,,,,,,,,,,,,,,,,,,,,,,,,,,,,,,,,,,,,,,,,
,Season 13,2,,,,,,,,,,,,,,,,,,,,,,,,,,,,,,,,,,,,,,,,,,,,
,Season 14,1,,,,,,,,,,,,,,,,,,,,,,,,,,,,,,,,,,,,,,,,,,,,
,Season 15,1,,,,,,,,,,,,,,,,,,,,,,,,,,,,,,,,,,,,,,,,,,,,
,Season 16,1,,,,,,,,,,,,,,,,,,,,,,,,,,,,,,,,,,,,,,,,,,,,
,Season 17,1,,,,,,,,,,,,,,,,,,,,,,,,,,,,,,,,,,,,,,,,,,,,
,Season 18,0,,,,,,,,,,,,,,,,,,,,,,,,,,,,,,,,,,,,,,,,,,,,
,Season 19,0,,,,,,,,,,,,,,,,,,,,,,,,,,,,,,,,,,,,,,,,,,,,
,Season 20,3,,,,,,,,,,,,,,,,,,,,,,,,,,,,,,,,,,,,,,,,,,,,
,Season 21,2,,,,,,,,,,,,,,,,,,,,,,,,,,,,,,,,,,,,,,,,,,,,
,Season 22,1,,,,,,,,,,,,,,,,,,,,,,,,,,,,,,,,,,,,,,,,,,,,
,Season 23,1,,,,,,,,,,,,,,,,,,,,,,,,,,,,,,,,,,,,,,,,,,,,
,Season 24,0,,,,,,,,,,,,,,,,,,,,,,,,,,,,,,,,,,,,,,,,,,,,
,Season 25,1,,,,,,,,,,,,,,,,,,,,,,,,,,,,,,,,,,,,,,,,,,,,
,Season 26,0,,,,,,,,,,,,,,,,,,,,,,,,,,,,,,,,,,,,,,,,,,,,
,Season 27,1,,,,,,,,,,,,,,,,,,,,,,,,,,,,,,,,,,,,,,,,,,,,
,Season 28,0,,,,,,,,,,,,,,,,,,,,,,,,,,,,,,,,,,,,,,,,,,,,
,Season 29,1,,,,,,,,,,,,,,,,,,,,,,,,,,,,,,,,,,,,,,,,,,,,
,Season 37,1,,,,,,,,,,,,,,,,,,,,,,,,,,,,,,,,,,,,,,,,,,,,
,Season 38,1,,,,,,,,,,,,,,,,,,,,,,,,,,,,,,,,,,,,,,,,,,,,
,Total,76,,,,,,,,,,,,,,,,,,,,,,,,,,,,,,,,,,,,,,,,,,,,
,Average (1-4),11,,,,,,,,,,,,,,,,,,,,,,,,,,,,,,,,,,,,,,,,,,,,
,Average (5-29),1.1851851851851851,,,,,,,,,,,,,,,,,,,,,,,,,,,,,,,,,,,,,,,,,,,,
,Max,11,,,,,,,,,,,,,,,,,,,,,,,,,,,,,,,,,,,,,,,,,,,,
,Mode,1,,,,,,,,,,,,,,,,,,,,,,,,,,,,,,,,,,,,,,,,,,,,
,,,,,,,,,,,,,,,,,,,,,,,,,,,,,,,,,,,,,,,,,,,,,,
,Type of Challenge for Each Fast Forward,,,,,,,,,,,,,,,,,,,,,,,,,,,,,,,,,,,,,,,,,,,,,
,"Using Keywords, describing what type eachFast Forward is",,,,,,,,,,,,,,,,,,,,,,,,,,,,,,,,,,,,,,,,,,,,,
,"*NOTE: Not all Fast Forward challenges could be categorized, these are briefly described without a keyword. Many were not aired nor published online (left with ""???"") - if you have info on any of these please reach out!",,,,,,,,,,,,,,,% of Fast Forwards per Challenge per Leg,,,,,,,,,,,,,,,,,,,,,,,,,,,,,,
,,,,,,,,,,,,,,,,Challenge #,Leg 1,Leg 2,Leg 3,Leg 4,Leg 5,Leg 6,Leg 7,Leg 8,Leg 9,Leg 10,Leg 11,Leg 12,Leg 13,,,,,,,,,,,,,,,,,
,Season #,Leg 1,Leg 2,Leg 3,Leg 4,Leg 5,Leg 6,Leg 7,Leg 8,Leg 9,Leg 10,Leg 11,Leg 12,Leg 13,,Challenge 1,,0.5,0.5,0.125,0.18181818181818182,,0.1111111111111111,0.14285714285714285,0.2222222222222222,0.3333333333333333,0.2,,,,,,,,,,,,,,,,,,,
,Season 1,PS,Puzzle,Searching,Animals,Searching,Puzzle,Searching,Searching,Counting,PS,Searching,,,,Challenge 2,,0.5,0.5,0.375,0.6363636363636364,0.625,0.3333333333333333,0.7142857142857143,0.5555555555555556,0.16666666666666666,0.8,,,,,,,,,,,,,,,,,,,
,,,,,,Navigation,,PS,,,,,,,,Challenge 3,1,,,0.125,0.18181818181818182,0.125,0.4444444444444444,0.14285714285714285,,0.3333333333333333,,,,,,,,,,,,,,,,,,,,
,,,,,,,,Puzzle,,,,,,,,Challenge 4,,,,0.375,,0.125,0.1111111111111111,,0.2222222222222222,,,,,,,,,,,,,,,,,,,,,
,,Challenge 3,Challenge 1,Challenge 1,Challenge 1,Challenge 1,Challenge 2,Challenge 1,Challenge 2,Challenge 1,Challenge 1,Challenge 1,,,,Challenge 5,,,,,,,,,,,,,,,,,,,,,,,,,,,,,,
,Season 2,???,HEC,Searching,Swimming,Puzzle,Pain,Searching,PS,Food,Searching,Driving,,,,Challenge 6,,,,,,,,,,0.16666666666666666,,,,,,,,,,,,,,,,,,,,
,,,,,Puzzle,,,,Searching,,,PS,,,,Challenge 7,,,,,,,,,,,,,,,,,,,,,,,,,,,,,,
,,Challenge 3,Challenge 2,Challenge 2,Challenge 3,Challenge 3,Challenge 2,Challenge 3,Challenge 1,Challenge 1,Challenge 1,Challenge 2,,,,Challenge 8,,,,,,0.125,,,,,,,,,,,,,,,,,,,,,,,,
,Season 3,Searching,PS,Driving,Puzzle,???,Searching,Searching,???,Food,???,???,,,,Challenge 9,,,,,,,,,,,,,,,,,,,,,,,,,,,,,,
,,,Driving,,,,,,,Driving,,,,,,Challenge 10,,,,,,,,,,,,,,,,,,,,,,,,,,,,,,
,,,Heights,,,,,,,,,,,,,Challenge 11,,,,,,,,,,,,,,,,,,,,,,,,,,,,,,
,,Challenge 3,Challenge 1,Challenge 1,Challenge 4,Challenge 1,Challenge 2,Challenge 2,Challenge 2,Challenge 2,Challenge 6,Challenge 2,,,,Challenge 12,,,,,,,,,,,,,,,,,,,,,,,,,,,,,,
,Season 4,PS,Singing,Balance,Puzzle,Heights,???,???,???,Animals,???,Swimming,,,,Challenge 13,,,,,,,,,,,,,,,,,,,,,,,,,,,,,,
,,,Dancing,,,,,,,,,,,,,,,,,,,,,,,,,,,,,,,,,,,,,,,,,,,
,,Challenge 3,Challenge 2,Challenge 2,Challenge 4,Challenge 2,Challenge 4,Challenge 2,Challenge 2,Challenge 2,Challenge 3,Challenge 2, ,,,# of Fast Forwards per Challenge per Season,,,,,,,,,,,,,,,,,,,,,,,,,,,,,,
,Season 5,,,,,PS,,,,Pain,,,,,,Season #,Challenge 1,Challenge 2,Challenge 3,Challenge 4,Challenge 5,Challenge 6,Challenge 7,Challenge 8,Challenge 9,Challenge 10,Challenge 11,Challenge 12,Challenge 13,,,,,,,,,,,,,,,,,
,,,,,,,,,,,,,,,,Season 1,8,2,1,0,0,0,0,0,0,0,0,0,0,,,,,,,,,,,,,,,,,
,,,,,,Challenge 3,,,,Challenge 4,,, ,,,Season 2,3,4,4,0,0,0,0,0,0,0,0,0,0,,,,,,,,,,,,,,,,,
,Season 6,,,,,,Food,Swimming,,,,,,,,Season 3,3,5,1,1,0,1,0,0,0,0,0,0,0,,,,,,,,,,,,,,,,,
,,,,,,,,,,,,,,,,Season 4,0,7,2,2,0,0,0,0,0,0,0,0,0,,,,,,,,,,,,,,,,,
,,,,,,,Challenge 8,Challenge 3,,,,, ,,,Season 5,0,0,1,1,0,0,0,0,0,0,0,0,0,,,,,,,,,,,,,,,,,
,Season 7,,,,,Driving,,,,Pain,,,,,,Season 6,0,0,1,0,0,0,0,1,0,0,0,0,0,,,,,,,,,,,,,,,,,
,,,,,,Heights,,,,,,,,,,Season 7,0,1,0,1,0,0,0,0,0,0,0,0,0,,,,,,,,,,,,,,,,,
,,,,,,Challenge 2,,,,Challenge 4,,, ,,,Season 8,0,1,0,0,0,0,0,0,0,0,0,0,0,,,,,,,,,,,,,,,,,
,Season 8,,,,,Heights,,,,,,,,,,Season 9,0,1,0,1,0,0,0,0,0,0,0,0,0,,,,,,,,,,,,,,,,,
,,,,,,,,,,,,,,,,Season 10,0,2,0,0,0,0,0,0,0,0,0,0,0,,,,,,,,,,,,,,,,,
,,,,,,Challenge 2,,,,,,, ,,,Season 11,0,1,1,0,0,0,0,0,0,0,0,0,0,,,,,,,,,,,,,,,,,
,Season 9,,,,,,,PS,,,,Food,,,,Season 12,0,0,1,0,0,0,0,0,0,0,0,0,0,,,,,,,,,,,,,,,,,
,,,,,,,,,,,,,,,,Season 13,0,2,0,0,0,0,0,0,0,0,0,0,0,,,,,,,,,,,,,,,,,
,,,,,,,,Challenge 4,,,,Challenge 2, ,,,Season 14,0,1,0,0,0,0,0,0,0,0,0,0,0,,,,,,,,,,,,,,,,,
,Season 10,,,,,,Driving,,Food,,,,,,,Season 15,0,1,0,0,0,0,0,0,0,0,0,0,0,,,,,,,,,,,,,,,,,
,,,,,,,Pain,,,,,,,,,Season 16,0,1,0,0,0,0,0,0,0,0,0,0,0,,,,,,,,,,,,,,,,,
,,,,,,,Challenge 2,,Challenge 2,,,, ,,,Season 17,0,1,0,0,0,0,0,0,0,0,0,0,0,,,,,,,,,,,,,,,,,
,Season 11,,,,,,,,Counting,,Ride,,,,,Season 18,0,0,0,0,0,0,0,0,0,0,0,0,0,,,,,,,,,,,,,,,,,
,,,,,,,,,,,,,,,,Season 19,0,0,0,0,0,0,0,0,0,0,0,0,0,,,,,,,,,,,,,,,,,
,,,,,,,,,Challenge 3,,Challenge 2,, ,,,Season 20,0,2,1,0,0,0,0,0,0,0,0,0,0,,,,,,,,,,,,,,,,,
,Season 12,,,,,,,Pain,,,,,,,,Season 21,0,2,0,0,0,0,0,0,0,0,0,0,0,,,,,,,,,,,,,,,,,
,,,,,,,,,,,,,,,,Season 22,0,0,1,0,0,0,0,0,0,0,0,0,0,,,,,,,,,,,,,,,,,
,,,,,,,,Challenge 3,,,,, ,,,Season 23,0,1,0,0,0,0,0,0,0,0,0,0,0,,,,,,,,,,,,,,,,,
,Season 13,,,,PS,,,,Food,,,,,,,Season 24,0,0,0,0,0,0,0,0,0,0,0,0,0,,,,,,,,,,,,,,,,,
,,,,,,,,,,,,,,,,Season 25,0,1,0,0,0,0,0,0,0,0,0,0,0,,,,,,,,,,,,,,,,,
,,,,,Challenge 2,,,,Challenge 2,,,, ,,,Season 26,0,0,0,0,0,0,0,0,0,0,0,0,0,,,,,,,,,,,,,,,,,
,Season 14,,,,,,,Searching,,,,,,,,Season 27,0,0,1,0,0,0,0,0,0,0,0,0,0,,,,,,,,,,,,,,,,,
,,,,,,,,Language,,,,,,,,Season 28,0,0,0,0,0,0,0,0,0,0,0,0,0,,,,,,,,,,,,,,,,,
,,,,,,,,Challenge 2,,,,, ,,,Season 29,0,1,0,0,0,0,0,0,0,0,0,0,0,,,,,,,,,,,,,,,,,
,Season 15,,,,,Driving,,,,,,,,,,Season 30,0,0,0,0,0,0,0,0,0,0,0,0,0,,,,,,,,,,,,,,,,,
,,,,,,,,,,,,,,,,Season 31,0,0,0,0,0,0,0,0,0,0,0,0,0,,,,,,,,,,,,,,,,,
,,,,,,Challenge 2,,,,,,, ,,,Season 32,0,0,0,0,0,0,0,0,0,0,0,0,0,,,,,,,,,,,,,,,,,
,Season 16,,,,,,,,,Heights,,,,,,Season 33,0,0,0,0,0,0,0,0,0,0,0,0,0,,,,,,,,,,,,,,,,,
,,,,,,,,,,,,,,,,Season 34,0,0,0,0,0,0,0,0,0,0,0,0,0,,,,,,,,,,,,,,,,,
,,,,,,,,,,Challenge 2,,, ,,,Season 35,0,0,0,0,0,0,0,0,0,0,0,0,0,,,,,,,,,,,,,,,,,
,Season 17,,,,,Food,,,,,,,,,,Season 36,0,0,0,0,0,0,0,0,0,0,0,0,0,,,,,,,,,,,,,,,,,
,,,,,,,,,,,,,,,,Season 37,0,0,1,0,0,0,0,0,0,0,0,0,0,,,,,,,,,,,,,,,,,
,,,,,,Challenge 2,,,,,,, ,,,Season 38,0,0,0,1,0,0,0,0,0,0,0,0,0,,,,,,,,,,,,,,,,,
,Season 18,,,,,,,,,,,,,,,Totals,14,37,16,7,0,1,0,1,0,0,0,0,0,,,,,,,,,,,,,,,,,
,,,,,,,,,,,,,,,,,,,,,,,,,,,,,,,,,,,,,,,,,,,,,,
,,,,,,,,,,,,, ,,,Keywords of Fast Forwards per Leg,,,,,,,,,,,,,,,,,,,,,,,,,,,,,,
,Season 19,,,,,,,,,,,,,,,Keywords,Leg 1,Leg 2,Leg 3,Leg 4,Leg 5,Leg 6,Leg 7,Leg 8,Leg 9,Leg 10,Leg 11,Leg 12,Leg 13,Totals,,,,,,,,,,,,,,,,
,,,,,,,,,,,,,,,,Animals,,,,1,,,,,1,,,,,2,,,,,,,,,,,,,,,,
,,,,,,,,,,,,, ,,,ATD,,,,,,,,,,,,,,0,,,,,,,,,,,,,,,,
,Season 20,,,,Driving,,PS,,,,Pain,,,,,Balance,,,1,,,,1,,1,,,,,3,,,,,,,,,,,,,,,,
,,,,,,,,,,,,,,,,Biking,,,,,,,,,,,,,,0,,,,,,,,,,,,,,,,
,,,,,Challenge 2,,Challenge 2,,,,Challenge 3,, ,,,Building,,,,,,,,,,,,,,0,,,,,,,,,,,,,,,,
,Season 21,,,,Searching,,,,,Food,,,,,,Cooking,,,,,,,,,,,,,,0,,,,,,,,,,,,,,,,
,,,,,,,,,,,,,,,,Counting,,,,,,,,1,1,,,,,2,,,,,,,,,,,,,,,,
,,,,,Challenge 2,,,,,Challenge 2,,, ,,,Dancing,,1,,,,,,,,,,,,1,,,,,,,,,,,,,,,,
,Season 22,,,,,,,Balance,,,,,,,,Driving,,1,1,1,2,1,,,1,,1,,,8,,,,,,,,,,,,,,,,
,,,,,,,,,,,,,,,,Flags,,,,,,,,,,,,,,0,,,,,,,,,,,,,,,,
,,,,,,,,Challenge 3,,,,, ,,,Food,,,,,1,1,,2,3,,1,,,8,,,,,,,,,,,,,,,,
,Season 23,,,,,Heights,,,,,,,,,,Geography,,,,,,,,,,,,,,0,,,,,,,,,,,,,,,,
,,,,,,,,,,,,,,,,HEC,,1,,1,,,,,,,,,,2,,,,,,,,,,,,,,,,
,,,,,,Challenge 2,,,,,,, ,,,Heights,1,1,,,5,,,,1,,,,,8,,,,,,,,,,,,,,,,
,Season 24,,,,,,,,,,,,,,,Language,,,,,,,1,,,,,,,1,,,,,,,,,,,,,,,,
,,,,,,,,,,,,,,,,Math,,,,,,,,,,,,,,0,,,,,,,,,,,,,,,,
,,,,,,,,,,,,, ,,,Memory,,,,,,,,,,,,,,0,,,,,,,,,,,,,,,,
,Season 25,,,,,,,,,Balance,,,,,,Music,,,,,,,,,,,,,,0,,,,,,,,,,,,,,,,
,,,,,,,,,,,,,,,,Navigation,,,,,1,,,,,,,,,1,,,,,,,,,,,,,,,,
,,,,,,,,,,Challenge 2,,, ,,,Pain,,,,,,2,1,,2,1,,,,6,,,,,,,,,,,,,,,,
,Season 26,,,,,,,,,,,,,,,Painting,,,,,,,,,,,,,,0,,,,,,,,,,,,,,,,
,,,,,,,,,,,,,,,,PS,2,1,,1,1,1,2,1,,1,1,,,11,,,,,,,,,,,,,,,,
,,,,,,,,,,,,, ,,,Puzzle,,1,,4,1,1,1,,,,,,,8,,,,,,,,,,,,,,,,
,Season 27,Heights,,,,,,,,,,,,,,Searching,1,,2,1,1,2,4,2,,1,1,,,15,,,,,,,,,,,,,,,,
,,,,,,,,,,,,,,,,Selling,,,,,,,,,,,,,,0,,,,,,,,,,,,,,,,
,,Challenge 3,,,,,,,,,,, ,,,Singing,,1,,,,,,,,,,,,1,,,,,,,,,,,,,,,,
,Season 28,,,,,,,,,,,,,,,Swimming,,,,1,,1,1,,,,1,,,4,,,,,,,,,,,,,,,,
,,,,,,,,,,,,,,,,Travel Issues,,,,,,,,,,,,,,0,,,,,,,,,,,,,,,,
,,,,,,,,,,,,, ,,,,,,,,,,,,,,,,,,,,,,,,,,,,,,,,,
,Season 29,,,,,Heights,,,,,,,,,,Keywords of Fast Forwards per Leg,,,,,,,,,,,,,,,,,,,,,,,,,,,,,,
,,,,,,,,,,,,,,,,Keywords,Leg 1,Leg 2,Leg 3,Leg 4,Leg 5,Leg 6,Leg 7,Leg 8,Leg 9,Leg 10,Leg 11,Leg 12,Leg 13,,Percent of Keywords on Fast Forwards,,,,,,,,,,,,,Percent of Keywords on Fast Forwards(1-4 / 5-38),,
,,,,,,Challenge 2,,,,,,, ,,,Animals,,,,0.125,,,,,0.1111111111111111,,,,,,Keyword,%,,,,,,,,,,,,Keyword,%1-4,% 5-38'
,Season 30,,,,,,,,,,,,,,,ATD,,,,,,,,,,,,,,,Animals,0.02631578947368421,,,,,,,,,,,,Animals,0.045454545454545456,
,,,,,,,,,,,,,,,,Balance,,,0.25,,,,0.1111111111111111,,0.1111111111111111,,,,,,ATD,,,,,,,,,,,,,ATD,,
,,,,,,,,,,,,, ,,,Biking,,,,,,,,,,,,,,,Balance,0.039473684210526314,,,,,,,,,,,,Balance,0.022727272727272728,0.0625
,Season 31,,,,,,,,,,,,,,,Building,,,,,,,,,,,,,,,Biking,,,,,,,,,,,,,Biking,,
,,,,,,,,,,,,,,,,Cooking,,,,,,,,,,,,,,,Building,,,,,,,,,,,,,Building,,
,,,,,,,,,,,,, ,,,Counting,,,,,,,,0.14285714285714285,0.1111111111111111,,,,,,Cooking,,,,,,,,,,,,,Cooking,,
,Season 32,,,,,,,,,,,,,,,Dancing,,0.25,,,,,,,,,,,,,Counting,0.02631578947368421,,,,,,,,,,,,Counting,0.022727272727272728,0.03125
,,,,,,,,,,,,,,,,Driving,,0.25,0.25,0.125,0.18181818181818182,0.125,,,0.1111111111111111,,0.2,,,,Dancing,0.013157894736842105,,,,,,,,,,,,Dancing,0.022727272727272728,
,,,,,,,,,,,,, ,,,Flags,,,,,,,,,,,,,,,Driving,0.10526315789473684,,,,,,,,,,,,Driving,0.09090909090909091,0.125
,Season 33,,,,,,,,,,,,,,,Food,,,,,0.09090909090909091,0.125,,0.2857142857142857,0.3333333333333333,,0.2,,,,Flags,,,,,,,,,,,,,Flags,,
,,,,,,,,,,,,,,,,Geography,,,,,,,,,,,,,,,Food,0.10526315789473684,,,,,,,,,,,,Food,0.045454545454545456,0.1875
,,,,,,,,,,,,, ,,,HEC,,0.25,,0.125,,,,,,,,,,,Geography,,,,,,,,,,,,,Geography,,
,Season 34,,,,,,,,,,,,,,,Heights,0.2,0.25,,,0.45454545454545453,,,,0.1111111111111111,,,,,,HEC,0.02631578947368421,,,,,,,,,,,,HEC,0.022727272727272728,0.03125
,,,,,,,,,,,,,,,,Language,,,,,,,0.1111111111111111,,,,,,,,Heights,0.10526315789473684,,,,,,,,,,,,Heights,0.045454545454545456,0.1875
,,,,,,,,,,,,, ,,,Math,,,,,,,,,,,,,,,Language,0.013157894736842105,,,,,,,,,,,,Language,,0.03125
,Season 35,,,,,,,,,,,,,,,Memory,,,,,,,,,,,,,,,Math,,,,,,,,,,,,,Math,,
,,,,,,,,,,,,,,,,Music,,,,,,,,,,,,,,,Memory,,,,,,,,,,,,,Memory,,
,,,,,,,,,,,,, ,,,Navigation,,,,,0.09090909090909091,,,,,,,,,,Music,,,,,,,,,,,,,Music,,
,Season 36,,,,,,,,,,,,,,,Pain,,,,,,0.25,0.1111111111111111,,0.2222222222222222,0.16666666666666666,,,,,Navigation,0.013157894736842105,,,,,,,,,,,,Navigation,0.022727272727272728,
,,,,,,,,,,,,,,,,Painting,,,,,,,,,,,,,,,Pain,0.07894736842105263,,,,,,,,,,,,Pain,0.022727272727272728,0.15625
,,,,,,,,,,,,, ,,,PS,0.4,0.25,,0.125,0.09090909090909091,0.125,0.2222222222222222,0.14285714285714285,,0.16666666666666666,0.2,,,,Painting,,,,,,,,,,,,,Painting,,
,Season 37,,,,,,Searching,,,,,,,,,Puzzle,,0.25,,0.5,0.09090909090909091,0.125,0.1111111111111111,,,,,,,,PS,0.14473684210526316,,,,,,,,,,,,PS,0.1590909090909091,0.125
,,,,,,,Swimming,,,,,,,,,Searching,0.2,,0.5,0.125,0.09090909090909091,0.25,0.4444444444444444,0.2857142857142857,,0.16666666666666666,0.2,,,,Puzzle,0.10526315789473684,,,,,,,,,,,,Puzzle,0.1590909090909091,0.03125
,,,,,,,Challenge 3,,,,,, ,,,Selling,,,,,,,,,,,,,,,Searching,0.19736842105263158,,,,,,,,,,,,Searching,0.2727272727272727,0.09375
,Season 38,,,,Puzzle,,,,,,,,,,,Singing,,0.25,,,,,,,,,,,,,Selling,,,,,,,,,,,,,Selling,,
,,,,,HEC,,,,,,,,,,,Swimming,,,,0.125,,0.125,0.1111111111111111,,,,0.2,,,,Singing,0.013157894736842105,,,,,,,,,,,,Singing,0.022727272727272728,
,,,,,Challenge 4,,,,,,,, ,,,Travel Issues,,,,,,,,,,,,,,,Swimming,0.05263157894736842,,,,,,,,,,,,Swimming,0.045454545454545456,0.0625
,,,,,,,,,,,,,,,,,,,,,,,,,,,,,,,Travel Issues,,,,,,,,,,,,,Travel Issues,,
,,,,,,,,,,,,,,,,# of Keyword Fast Forwards per Season,,,,,,,,,,,,,,,,,,,,,,,,,,,,,,
,,,,,,,,,,,,,,,,Season #,Animals,ATD,Balance,Biking,Building,Cooking,Counting,Dancing,Driving,Flags,Food,Geography,HEC,Heights,Language,Math,Memory,Music,Navigation,Pain,Painting,PS,Puzzle,Searching,Selling,Singing,Swimming,Travel Issues,,
,,,,,,,,,,,,,,,,Season 1,1,0,0,0,0,0,1,0,0,0,0,0,0,0,0,0,0,0,1,0,0,3,3,5,0,0,0,0,,
,,,,,,,,,,,,,,,,Season 2,0,0,0,0,0,0,0,0,1,0,1,0,1,0,0,0,0,0,0,1,0,2,2,4,0,0,1,0,,
,,,,,,,,,,,,,,,,Season 3,0,0,0,0,0,0,0,0,3,0,1,0,0,1,0,0,0,0,0,0,0,1,1,3,0,0,0,0,,
,,,,,,,,,,,,,,,,Season 4,1,0,1,0,0,0,0,1,0,0,0,0,0,1,0,0,0,0,0,0,0,1,1,0,0,1,1,0,,
,,,,,,,,,,,,,,,,Season 5,0,0,0,0,0,0,0,0,0,0,0,0,0,0,0,0,0,0,0,1,0,1,0,0,0,0,0,0,,
,,,,,,,,,,,,,,,,Season 6,0,0,0,0,0,0,0,0,0,0,1,0,0,0,0,0,0,0,0,0,0,0,0,0,0,0,1,0,,
,,,,,,,,,,,,,,,,Season 7,0,0,0,0,0,0,0,0,1,0,0,0,0,1,0,0,0,0,0,1,0,0,0,0,0,0,0,0,,
,,,,,,,,,,,,,,,,Season 8,0,0,0,0,0,0,0,0,0,0,0,0,0,1,0,0,0,0,0,0,0,0,0,0,0,0,0,0,,
,,,,,,,,,,,,,,,,Season 9,0,0,0,0,0,0,0,0,0,0,1,0,0,0,0,0,0,0,0,0,0,1,0,0,0,0,0,0,,
,,,,,,,,,,,,,,,,Season 10,0,0,0,0,0,0,0,0,1,0,1,0,0,0,0,0,0,0,0,1,0,0,0,0,0,0,0,0,,
,,,,,,,,,,,,,,,,Season 11,0,0,0,0,0,0,1,0,0,0,0,0,0,0,0,0,0,0,0,0,0,0,0,0,0,0,0,0,,
,,,,,,,,,,,,,,,,Season 12,0,0,0,0,0,0,0,0,0,0,0,0,0,0,0,0,0,0,0,1,0,0,0,0,0,0,0,0,,
,,,,,,,,,,,,,,,,Season 13,0,0,0,0,0,0,0,0,0,0,1,0,0,0,0,0,0,0,0,0,0,1,0,0,0,0,0,0,,
,,,,,,,,,,,,,,,,Season 14,0,0,0,0,0,0,0,0,0,0,0,0,0,0,1,0,0,0,0,0,0,0,0,1,0,0,0,0,,
,,,,,,,,,,,,,,,,Season 15,0,0,0,0,0,0,0,0,1,0,0,0,0,0,0,0,0,0,0,0,0,0,0,0,0,0,0,0,,
,,,,,,,,,,,,,,,,Season 16,0,0,0,0,0,0,0,0,0,0,0,0,0,1,0,0,0,0,0,0,0,0,0,0,0,0,0,0,,
,,,,,,,,,,,,,,,,Season 17,0,0,0,0,0,0,0,0,0,0,1,0,0,0,0,0,0,0,0,0,0,0,0,0,0,0,0,0,,
,,,,,,,,,,,,,,,,Season 18,0,0,0,0,0,0,0,0,0,0,0,0,0,0,0,0,0,0,0,0,0,0,0,0,0,0,0,0,,
,,,,,,,,,,,,,,,,Season 19,0,0,0,0,0,0,0,0,0,0,0,0,0,0,0,0,0,0,0,0,0,0,0,0,0,0,0,0,,
,,,,,,,,,,,,,,,,Season 20,0,0,0,0,0,0,0,0,1,0,0,0,0,0,0,0,0,0,0,1,0,1,0,0,0,0,0,0,,
,,,,,,,,,,,,,,,,Season 21,0,0,0,0,0,0,0,0,0,0,1,0,0,0,0,0,0,0,0,0,0,0,0,1,0,0,0,0,,
,,,,,,,,,,,,,,,,Season 22,0,0,1,0,0,0,0,0,0,0,0,0,0,0,0,0,0,0,0,0,0,0,0,0,0,0,0,0,,
,,,,,,,,,,,,,,,,Season 23,0,0,0,0,0,0,0,0,0,0,0,0,0,1,0,0,0,0,0,0,0,0,0,0,0,0,0,0,,
,,,,,,,,,,,,,,,,Season 24,0,0,0,0,0,0,0,0,0,0,0,0,0,0,0,0,0,0,0,0,0,0,0,0,0,0,0,0,,
,,,,,,,,,,,,,,,,Season 25,0,0,1,0,0,0,0,0,0,0,0,0,0,0,0,0,0,0,0,0,0,0,0,0,0,0,0,0,,
,,,,,,,,,,,,,,,,Season 26,0,0,0,0,0,0,0,0,0,0,0,0,0,0,0,0,0,0,0,0,0,0,0,0,0,0,0,0,,
,,,,,,,,,,,,,,,,Season 27,0,0,0,0,0,0,0,0,0,0,0,0,0,1,0,0,0,0,0,0,0,0,0,0,0,0,0,0,,
,,,,,,,,,,,,,,,,Season 28,0,0,0,0,0,0,0,0,0,0,0,0,0,0,0,0,0,0,0,0,0,0,0,0,0,0,0,0,,
,,,,,,,,,,,,,,,,Season 29,0,0,0,0,0,0,0,0,0,0,0,0,0,1,0,0,0,0,0,0,0,0,0,0,0,0,0,0,,
,,,,,,,,,,,,,,,,Season 30,0,0,0,0,0,0,0,0,0,0,0,0,0,0,0,0,0,0,0,0,0,0,0,0,0,0,0,0,,
,,,,,,,,,,,,,,,,Season 31,0,0,0,0,0,0,0,0,0,0,0,0,0,0,0,0,0,0,0,0,0,0,0,0,0,0,0,0,,
,,,,,,,,,,,,,,,,Season 32,0,0,0,0,0,0,0,0,0,0,0,0,0,0,0,0,0,0,0,0,0,0,0,0,0,0,0,0,,
,,,,,,,,,,,,,,,,Season 33,0,0,0,0,0,0,0,0,0,0,0,0,0,0,0,0,0,0,0,0,0,0,0,0,0,0,0,0,,
,,,,,,,,,,,,,,,,Season 34,0,0,0,0,0,0,0,0,0,0,0,0,0,0,0,0,0,0,0,0,0,0,0,0,0,0,0,0,,
,,,,,,,,,,,,,,,,Season 35,0,0,0,0,0,0,0,0,0,0,0,0,0,0,0,0,0,0,0,0,0,0,0,0,0,0,0,0,,
,,,,,,,,,,,,,,,,Season 36,0,0,0,0,0,0,0,0,0,0,0,0,0,0,0,0,0,0,0,0,0,0,0,0,0,0,0,0,,
,,,,,,,,,,,,,,,,Season 37,0,0,0,0,0,0,0,0,0,0,0,0,0,0,0,0,0,0,0,0,0,0,0,1,0,0,1,0,,
,,,,,,,,,,,,,,,,Season 38,0,0,0,0,0,0,0,0,0,0,0,0,1,0,0,0,0,0,0,0,0,0,1,0,0,0,0,0,,
,,,,,,,,,,,,,,,,Totals,2,0,3,0,0,0,2,1,8,0,8,0,2,8,1,0,0,0,1,6,0,11,8,15,0,1,4,0,,
,,,,,,,,,,,,,,,,Averages,0.05263157894736842,0,0.07894736842105263,0,0,0,0.05263157894736842,0.02631578947368421,0.21052631578947367,0,0.21052631578947367,0,0.05263157894736842,0.21052631578947367,0.02631578947368421,0,0,0,0.02631578947368421,0.15789473684210525,0,0.2894736842105263,0.21052631578947367,0.39473684210526316,0,0.02631578947368421,0.10526315789473684,0,,
,,,,,,,,,,,,,,,,Maximum,1,0,1,0,0,0,1,1,3,0,1,0,1,1,1,0,0,0,1,1,0,3,3,5,0,1,1,0,,
