7,unnamed_1,unnamed_2,unnamed_3,unnamed_4,unnamed_5,unnamed_6,unnamed_7,unnamed_8,unnamed_9,unnamed_10,unnamed_11,unnamed_12,unnamed_13,unnamed_14,unnamed_15,unnamed_16,unnamed_17,unnamed_18,unnamed_19,unnamed_20,unnamed_21,unnamed_22,unnamed_23,unnamed_24,unnamed_25,unnamed_26,unnamed_27,unnamed_28,unnamed_29,unnamed_30,unnamed_31,unnamed_32,unnamed_33,unnamed_34,unnamed_35,unnamed_36,unnamed_37,unnamed_38,unnamed_39,unnamed_40,unnamed_41,unnamed_42,unnamed_43,unnamed_44,unnamed_45,unnamed_46,unnamed_47,unnamed_48,unnamed_49,unnamed_50,unnamed_51,unnamed_52,unnamed_53,unnamed_54,unnamed_55,unnamed_56,unnamed_57,unnamed_58,unnamed_59,unnamed_60,unnamed_61,unnamed_62,unnamed_63,unnamed_64,unnamed_65,unnamed_66,unnamed_67,unnamed_68,unnamed_69,unnamed_70,unnamed_71,unnamed_72,unnamed_73,unnamed_74,unnamed_75,unnamed_76,unnamed_77,unnamed_78,unnamed_79,unnamed_80,unnamed_81,unnamed_82,unnamed_83,unnamed_84,unnamed_85,unnamed_86,unnamed_87,unnamed_88,unnamed_89,unnamed_90,unnamed_91,unnamed_92,unnamed_93,unnamed_94,unnamed_95,unnamed_96
,,,,,,,,,,,,,,,,,,,,,,,,,,,,,,,,,,,,,,,,,,,,,,,,,,,,,,,,,,,,,,,,,,,,,,,,,,,,,,,,,,,,,,,,,,,,,,,,
,,,,,,,,,,,,,,,,,,,,,,,,,,,,,,,,,,,,,,,,,,,,,,,,,,,,,,,,,,,,,,,,,,,,,,,,,,,,,,,,,,,,,,,,,,,,,,,,
,Detours,,,,,,,,,,,,,,,,,,,,,,,,,,,,,,,,,,,,,,,,,,,,,,,,,,,,,,,,,,,,,,,,,,,,,,,,,,,,,,,,,,,,,,,,,,,,,,,
,,,,,,,,,,,,,,,,,,,,,,,,,,,,,,,,,,,,,,,,,,,,,,,,,,,,,,,,,,,,,,,,,,,,,,,,,,,,,,,,,,,,,,,,,,,,,,,,
,"A Detour is a choice between two tasks, each with its own pros and cons. Normally, teams select one task to complete before
moving on, but are sometimes required to complete both sides of the Detour due to a U-Turn.",,,,,,,,,,,,,,,,,,,,,,,,,,,,,,,,,,,,,,,,,,,,,,,,,,,,,,,,,,,,,,,,,,,,,,,,,,,,,,,,,,,,,,,,,,,,,,,
,,,,,,,,,,,,,,,,,,,,,,,,,,,,,,,,,,,,,,,,,,,,,,,,,,,,,,,,,,,,,,,,,,,,,,,,,,,,,,,,,,,,,,,,,,,,,,,,
,Number of Detours per Season,,,,,,,,,,,,,,,,,,,,,,,,,,,,,,,,,,,,,,,,,,,,,,,,,,,,,,,,,,,,,,,,,,,,,,,,,,,,,,,,,,,,,,,,,,,,,,,
,Season #,Detour,,,,,,,,,,,,,,,,,,,,,,,,,,,,,,,,,,,,,,,,,,,,,,,,,,,,,,,,,,,,,,,,,,,,,,,,,,,,,,,,,,,,,,,,,,,,,,
,Season 1,13,,,,,,,,,,,,,,,,,,,,,,,,,,,,,,,,,,,,,,,,,,,,,,,,,,,,,,,,,,,,,,,,,,,,,,,,,,,,,,,,,,,,,,,,,,,,,,
,Season 2,12,,,,,,,,,,,,,,,,,,,,,,,,,,,,,,,,,,,,,,,,,,,,,,,,,,,,,,,,,,,,,,,,,,,,,,,,,,,,,,,,,,,,,,,,,,,,,,
,Season 3,13,,,,,,,,,,,,,,,,,,,,,,,,,,,,,,,,,,,,,,,,,,,,,,,,,,,,,,,,,,,,,,,,,,,,,,,,,,,,,,,,,,,,,,,,,,,,,,
,Season 4,13,,,,,,,,,,,,,,,,,,,,,,,,,,,,,,,,,,,,,,,,,,,,,,,,,,,,,,,,,,,,,,,,,,,,,,,,,,,,,,,,,,,,,,,,,,,,,,
,Season 5,12,,,,,,,,,,,,,,,,,,,,,,,,,,,,,,,,,,,,,,,,,,,,,,,,,,,,,,,,,,,,,,,,,,,,,,,,,,,,,,,,,,,,,,,,,,,,,,
,Season 6,13,,,,,,,,,,,,,,,,,,,,,,,,,,,,,,,,,,,,,,,,,,,,,,,,,,,,,,,,,,,,,,,,,,,,,,,,,,,,,,,,,,,,,,,,,,,,,,
,Season 7,13,,,,,,,,,,,,,,,,,,,,,,,,,,,,,,,,,,,,,,,,,,,,,,,,,,,,,,,,,,,,,,,,,,,,,,,,,,,,,,,,,,,,,,,,,,,,,,
,Season 8,13,,,,,,,,,,,,,,,,,,,,,,,,,,,,,,,,,,,,,,,,,,,,,,,,,,,,,,,,,,,,,,,,,,,,,,,,,,,,,,,,,,,,,,,,,,,,,,
,Season 9,13,,,,,,,,,,,,,,,,,,,,,,,,,,,,,,,,,,,,,,,,,,,,,,,,,,,,,,,,,,,,,,,,,,,,,,,,,,,,,,,,,,,,,,,,,,,,,,
,Season 10,13,,,,,,,,,,,,,,,,,,,,,,,,,,,,,,,,,,,,,,,,,,,,,,,,,,,,,,,,,,,,,,,,,,,,,,,,,,,,,,,,,,,,,,,,,,,,,,
,Season 11,13,,,,,,,,,,,,,,,,,,,,,,,,,,,,,,,,,,,,,,,,,,,,,,,,,,,,,,,,,,,,,,,,,,,,,,,,,,,,,,,,,,,,,,,,,,,,,,
,Season 12,10,,,,,,,,,,,,,,,,,,,,,,,,,,,,,,,,,,,,,,,,,,,,,,,,,,,,,,,,,,,,,,,,,,,,,,,,,,,,,,,,,,,,,,,,,,,,,,
,Season 13,11,,,,,,,,,,,,,,,,,,,,,,,,,,,,,,,,,,,,,,,,,,,,,,,,,,,,,,,,,,,,,,,,,,,,,,,,,,,,,,,,,,,,,,,,,,,,,,
,Season 14,10,,,,,,,,,,,,,,,,,,,,,,,,,,,,,,,,,,,,,,,,,,,,,,,,,,,,,,,,,,,,,,,,,,,,,,,,,,,,,,,,,,,,,,,,,,,,,,
,Season 15,9,,,,,,,,,,,,,,,,,,,,,,,,,,,,,,,,,,,,,,,,,,,,,,,,,,,,,,,,,,,,,,,,,,,,,,,,,,,,,,,,,,,,,,,,,,,,,,
,Season 16,9,,,,,,,,,,,,,,,,,,,,,,,,,,,,,,,,,,,,,,,,,,,,,,,,,,,,,,,,,,,,,,,,,,,,,,,,,,,,,,,,,,,,,,,,,,,,,,
,Season 17,10,,,,,,,,,,,,,,,,,,,,,,,,,,,,,,,,,,,,,,,,,,,,,,,,,,,,,,,,,,,,,,,,,,,,,,,,,,,,,,,,,,,,,,,,,,,,,,
,Season 18,10,,,,,,,,,,,,,,,,,,,,,,,,,,,,,,,,,,,,,,,,,,,,,,,,,,,,,,,,,,,,,,,,,,,,,,,,,,,,,,,,,,,,,,,,,,,,,,
,Season 19,8,,,,,,,,,,,,,,,,,,,,,,,,,,,,,,,,,,,,,,,,,,,,,,,,,,,,,,,,,,,,,,,,,,,,,,,,,,,,,,,,,,,,,,,,,,,,,,
,Season 20,10,,,,,,,,,,,,,,,,,,,,,,,,,,,,,,,,,,,,,,,,,,,,,,,,,,,,,,,,,,,,,,,,,,,,,,,,,,,,,,,,,,,,,,,,,,,,,,
,Season 21,10,,,,,,,,,,,,,,,,,,,,,,,,,,,,,,,,,,,,,,,,,,,,,,,,,,,,,,,,,,,,,,,,,,,,,,,,,,,,,,,,,,,,,,,,,,,,,,
,Season 22,9,,,,,,,,,,,,,,,,,,,,,,,,,,,,,,,,,,,,,,,,,,,,,,,,,,,,,,,,,,,,,,,,,,,,,,,,,,,,,,,,,,,,,,,,,,,,,,
,Season 23,10,,,,,,,,,,,,,,,,,,,,,,,,,,,,,,,,,,,,,,,,,,,,,,,,,,,,,,,,,,,,,,,,,,,,,,,,,,,,,,,,,,,,,,,,,,,,,,
,Season 24,9,,,,,,,,,,,,,,,,,,,,,,,,,,,,,,,,,,,,,,,,,,,,,,,,,,,,,,,,,,,,,,,,,,,,,,,,,,,,,,,,,,,,,,,,,,,,,,
,Season 25,10,,,,,,,,,,,,,,,,,,,,,,,,,,,,,,,,,,,,,,,,,,,,,,,,,,,,,,,,,,,,,,,,,,,,,,,,,,,,,,,,,,,,,,,,,,,,,,
,Season 26,11,,,,,,,,,,,,,,,,,,,,,,,,,,,,,,,,,,,,,,,,,,,,,,,,,,,,,,,,,,,,,,,,,,,,,,,,,,,,,,,,,,,,,,,,,,,,,,
,Season 27,11,,,,,,,,,,,,,,,,,,,,,,,,,,,,,,,,,,,,,,,,,,,,,,,,,,,,,,,,,,,,,,,,,,,,,,,,,,,,,,,,,,,,,,,,,,,,,,
,Season 28,10,,,,,,,,,,,,,,,,,,,,,,,,,,,,,,,,,,,,,,,,,,,,,,,,,,,,,,,,,,,,,,,,,,,,,,,,,,,,,,,,,,,,,,,,,,,,,,
,Season 29,9,,,,,,,,,,,,,,,,,,,,,,,,,,,,,,,,,,,,,,,,,,,,,,,,,,,,,,,,,,,,,,,,,,,,,,,,,,,,,,,,,,,,,,,,,,,,,,
,Season 30,9,,,,,,,,,,,,,,,,,,,,,,,,,,,,,,,,,,,,,,,,,,,,,,,,,,,,,,,,,,,,,,,,,,,,,,,,,,,,,,,,,,,,,,,,,,,,,,
,Season 31,10,,,,,,,,,,,,,,,,,,,,,,,,,,,,,,,,,,,,,,,,,,,,,,,,,,,,,,,,,,,,,,,,,,,,,,,,,,,,,,,,,,,,,,,,,,,,,,
,Season 32,7,,,,,,,,,,,,,,,,,,,,,,,,,,,,,,,,,,,,,,,,,,,,,,,,,,,,,,,,,,,,,,,,,,,,,,,,,,,,,,,,,,,,,,,,,,,,,,
,Season 33,8,,,,,,,,,,,,,,,,,,,,,,,,,,,,,,,,,,,,,,,,,,,,,,,,,,,,,,,,,,,,,,,,,,,,,,,,,,,,,,,,,,,,,,,,,,,,,,
,Season 34,9,,,,,,,,,,,,,,,,,,,,,,,,,,,,,,,,,,,,,,,,,,,,,,,,,,,,,,,,,,,,,,,,,,,,,,,,,,,,,,,,,,,,,,,,,,,,,,
,Season 35,10,,,,,,,,,,,,,,,,,,,,,,,,,,,,,,,,,,,,,,,,,,,,,,,,,,,,,,,,,,,,,,,,,,,,,,,,,,,,,,,,,,,,,,,,,,,,,,
,Season 36,10,,,,,,,,,,,,,,,,,,,,,,,,,,,,,,,,,,,,,,,,,,,,,,,,,,,,,,,,,,,,,,,,,,,,,,,,,,,,,,,,,,,,,,,,,,,,,,
,Season 37,7,,,,,,,,,,,,,,,,,,,,,,,,,,,,,,,,,,,,,,,,,,,,,,,,,,,,,,,,,,,,,,,,,,,,,,,,,,,,,,,,,,,,,,,,,,,,,,
,Season 38,7,,,,,,,,,,,,,,,,,,,,,,,,,,,,,,,,,,,,,,,,,,,,,,,,,,,,,,,,,,,,,,,,,,,,,,,,,,,,,,,,,,,,,,,,,,,,,,
,Totals,394,,,,,,,,,,,,,,,,,,,,,,,,,,,,,,,,,,,,,,,,,,,,,,,,,,,,,,,,,,,,,,,,,,,,,,,,,,,,,,,,,,,,,,,,,,,,,,
,Average,10.368421052631579,,,,,,,,,,,,,,,,,,,,,,,,,,,,,,,,,,,,,,,,,,,,,,,,,,,,,,,,,,,,,,,,,,,,,,,,,,,,,,,,,,,,,,,,,,,,,,
,"Standard 
Deviation",1.8660704866554292,,,,,,,,,,,,,,,,,,,,,,,,,,,,,,,,,,,,,,,,,,,,,,,,,,,,,,,,,,,,,,,,,,,,,,,,,,,,,,,,,,,,,,,,,,,,,,
,Max ,13,,,,,,,,,,,,,,,,,,,,,,,,,,,,,,,,,,,,,,,,,,,,,,,,,,,,,,,,,,,,,,,,,,,,,,,,,,,,,,,,,,,,,,,,,,,,,,
,Min,7,,,,,,,,,,,,,,,,,,,,,,,,,,,,,,,,,,,,,,,,,,,,,,,,,,,,,,,,,,,,,,,,,,,,,,,,,,,,,,,,,,,,,,,,,,,,,,
,Mode,10,,,,,,,,,,,,,,,,,,,,,,,,,,,,,,,,,,,,,,,,,,,,,,,,,,,,,,,,,,,,,,,,,,,,,,,,,,,,,,,,,,,,,,,,,,,,,,
,,,,,,,,,,,,,,,,,,,,,,,,,,,,,,,,,,,,,,,,,,,,,,,,,,,,,,,,,,,,,,,,,,,,,,,,,,,,,,,,,,,,,,,,,,,,,,,,
,Type of Challenge for Each Detour,,,,,,,,,,,,,,,,,,,,,,,,,,,,,,,,,,,,,,,,,,,,,,,,,,,,,,,,,,,,,,,,,,,,,,,,,,,,,,,,,,,,,,,,,,,,,,,
,"Using Keywords, describing what type each Detour is",,,,,,,,,,,,,,,% of Detour per Challenge per Leg,,,,,,,,,,,,,,,,,,,,,,,,,,,,,,,,,,,,,,,,,,,,,,,,,,,,,,,,,,,,,,,,,,,,,,,,,,,,,,,,
,"*NOTE: Not all Detour challenges could be categorized, these are briefly described without a keyword",,,,,,,,,,,,,,,Challenge #,Leg 1,Leg 2,Leg 3,Leg 4,Leg 5,Leg 6,Leg 7,Leg 8,Leg 9,Leg 10,Leg 11,Leg 12,Leg 13,,,,,,,,,,,,,,,,,,,,,,,,,,,,,,,,,,,,,,,,,,,,,,,,,,,,,,,,,,,,,,,,,,,
,Season #,Leg 1,Leg 2,Leg 3,Leg 4,Leg 5,Leg 6,Leg 7,Leg 8,Leg 9,Leg 10,Leg 11,Leg 12,Leg 13,,Challenge 1,,,,,,,,,,,,,,,,,,,,,,,,,,,,,,,,,,,,,,,,,,,,,,,,,,,,,,,,,,,,,,,,,,,,,,,,,,,,,,,,
,Season 1,Heights,Driving,PS,Searching,Driving,Searching,Heights,Animals,Ride,PS,HEC,PS,Driving,,Challenge 2,0.16666666666666666,0.2222222222222222,0.15789473684210525,0.2702702702702703,0.1388888888888889,0.15384615384615385,0.15789473684210525,0.16216216216216217,0.06060606060606061,0.15151515151515152,0.2413793103448276,0.2727272727272727,0.3333333333333333,,,,,,,,,,,,,,,,,,,,,,,,,,,,,,,,,,,,,,,,,,,,,,,,,,,,,,,,,,,,,,,,,,,
,,,Searching,,,Puzzle,,,,,,,,,,Challenge 3,0.1111111111111111,0.16666666666666666,0.3157894736842105,0.16216216216216217,0.3888888888888889,0.1282051282051282,0.21052631578947367,0.13513513513513514,0.18181818181818182,0.21212121212121213,0.10344827586206896,0.2727272727272727,0.5,,,,,,,,,,,,,,,,,,,,,,,,,,,,,,,,,,,,,,,,,,,,,,,,,,,,,,,,,,,,,,,,,,,
,,OR,OR,OR,OR,OR,OR,OR,OR,OR,OR,OR,OR,OR,,Challenge 4,0.16666666666666666,0.3888888888888889,0.23684210526315788,0.10810810810810811,0.2777777777777778,0.3076923076923077,0.2631578947368421,0.3783783783783784,0.3939393939393939,0.21212121212121213,0.27586206896551724,0.18181818181818182,0.16666666666666666,,,,,,,,,,,,,,,,,,,,,,,,,,,,,,,,,,,,,,,,,,,,,,,,,,,,,,,,,,,,,,,,,,,
,,PS,Driving,PS,Pain,Driving,Searching,Biking,Searching,Searching,PS,Ride,PS,Animals,,Challenge 5,0.3333333333333333,0.1388888888888889,0.21052631578947367,0.13513513513513514,0.08333333333333333,0.28205128205128205,0.18421052631578946,0.21621621621621623,0.21212121212121213,0.18181818181818182,0.1724137931034483,0.09090909090909091,,,,,,,,,,,,,,,,,,,,,,,,,,,,,,,,,,,,,,,,,,,,,,,,,,,,,,,,,,,,,,,,,,,,
,,,Searching,,,Searching,,Navigation,,,Heights,,,Driving,,Challenge 6,0.1111111111111111,0.08333333333333333,0.05263157894736842,0.21621621621621623,0.05555555555555555,0.05128205128205128,0.13157894736842105,0.08108108108108109,0.09090909090909091,0.09090909090909091,0.1724137931034483,0.18181818181818182,,,,,,,,,,,,,,,,,,,,,,,,,,,,,,,,,,,,,,,,,,,,,,,,,,,,,,,,,,,,,,,,,,,,
,,Challenge 5,Challenge 3,Challenge 3,Challenge 2,Challenge 2,Challenge 4,Challenge 2,Challenge 4,Challenge 3,Challenge 2,Challenge 2,Challenge 3,Challenge 2,,Challenge 7,0.1111111111111111,,0.02631578947368421,0.02702702702702703,0.05555555555555555,0.02564102564102564,0.05263157894736842,0.02702702702702703,,0.09090909090909091,,,,,,,,,,,,,,,,,,,,,,,,,,,,,,,,,,,,,,,,,,,,,,,,,,,,,,,,,,,,,,,,,,,,,,
,Season 2,Heights,Heights,Dancing,Ride,Ride,PS,HEC,PS,Searching,Heights,Heights,Biking,,,Challenge 8,,,,0.08108108108108109,,0.02564102564102564,,,0.030303030303030304,0.06060606060606061,0.034482758620689655,,,,,,,,,,,,,,,,,,,,,,,,,,,,,,,,,,,,,,,,,,,,,,,,,,,,,,,,,,,,,,,,,,,,,
,,,,Selling,,,,,,,,,Searching,,,Challenge 9,,,,,,,,,,,,,,,,,,,,,,,,,,,,,,,,,,,,,,,,,,,,,,,,,,,,,,,,,,,,,,,,,,,,,,,,,,,,,,,,
,,OR,OR,OR,OR,OR,OR,OR,OR,OR,OR,OR,OR,,,Challenge 10,,,,,,0.02564102564102564,,,,,,,,,,,,,,,,,,,,,,,,,,,,,,,,,,,,,,,,,,,,,,,,,,,,,,,,,,,,,,,,,,,,,,,,,,
,,Searching,Searching,PS,PS,Ride,Animals,Searching,PS,HEC,PS,Heights,PS,,,Challenge 11,,,,,,,,,,,,,,,,,,,,,,,,,,,,,,,,,,,,,,,,,,,,,,,,,,,,,,,,,,,,,,,,,,,,,,,,,,,,,,,,
,,,,,,,,Food,,,,,Searching,,,Challenge 12,,,,,,,,,0.030303030303030304,,,,,,,,,,,,,,,,,,,,,,,,,,,,,,,,,,,,,,,,,,,,,,,,,,,,,,,,,,,,,,,,,,,,,,,
,,Challenge 5,Challenge 4,Challenge 4,Challenge 6,Challenge 2,Challenge 4,Challenge 5,Challenge 4,Challenge 4,Challenge 4,Challenge 4,Challenge 4,,,Challenge 13,,,,,,,,,,,,,,,,,,,,,,,,,,,,,,,,,,,,,,,,,,,,,,,,,,,,,,,,,,,,,,,,,,,,,,,,,,,,,,,,
,Season 3,Heights,Searching,PS,PS,Heights,Animals,Balance,Counting,Heights,Driving,PS,PS,Heights,,,,,,,,,,,,,,,,,,,,,,,,,,,,,,,,,,,,,,,,,,,,,,,,,,,,,,,,,,,,,,,,,,,,,,,,,,,,,,,,,,
,,,,,,,Searching,,,,Searching,Searching,Balance,Swimming,,# of Detours per Challenge per Season,,,,,,,,,,,,,,,,,,,,,,,,,,,,,,,,,,,,,,,,,,,,,,,,,,,,,,,,,,,,,,,,,,,,,,,,,,,,,,,,
,,OR,OR,OR,OR,OR,OR,OR,OR,OR,OR,OR,OR,OR,,Season #,Challenge 1,Challenge 2,Challenge 3,Challenge 4,Challenge 5,Challenge 6,Challenge 7,Challenge 8,Challenge 9,Challenge 10,Challenge 11,Challenge 12,Challenge 13,,,,,,,,,,,,,,,,,,,,,,,,,,,,,,,,,,,,,,,,,,,,,,,,,,,,,,,,,,,,,,,,,,,
,,Animals,Searching,Biking,PS,PS,Ride,Balance,Searching,Animals,Driving,Selling,Biking,PS,,Season 1,0,6,4,2,1,0,0,0,0,0,0,0,0,,,,,,,,,,,,,,,,,,,,,,,,,,,,,,,,,,,,,,,,,,,,,,,,,,,,,,,,,,,,,,,,,,,
,,,,,Driving,,,,,Driving,Searching,,,,,Season 2,0,1,0,8,2,1,0,0,0,0,0,0,0,,,,,,,,,,,,,,,,,,,,,,,,,,,,,,,,,,,,,,,,,,,,,,,,,,,,,,,,,,,,,,,,,,,
,,,,,,,,,,,Swimming,,,,,Season 3,0,0,5,5,3,0,0,0,0,0,0,0,0,,,,,,,,,,,,,,,,,,,,,,,,,,,,,,,,,,,,,,,,,,,,,,,,,,,,,,,,,,,,,,,,,,,
,,Challenge 5,Challenge 4,Challenge 3,Challenge 3,Challenge 3,Challenge 4,Challenge 4,Challenge 5,Challenge 4,Challenge 5,Challenge 3,Challenge 3,Challenge 4,,Season 4,0,0,2,7,2,2,0,0,0,0,0,0,0,,,,,,,,,,,,,,,,,,,,,,,,,,,,,,,,,,,,,,,,,,,,,,,,,,,,,,,,,,,,,,,,,,,
,Season 4,Searching,Navigation,PS,Heights,Driving,ATD,Animals,Animals,PS,PS,Heights,Animals,Driving,,Season 5,0,2,4,1,1,1,2,1,0,0,0,0,0,,,,,,,,,,,,,,,,,,,,,,,,,,,,,,,,,,,,,,,,,,,,,,,,,,,,,,,,,,,,,,,,,,,
,,Driving,,,,PS,,Biking,,,Pain,,Searching,Heights,,Season 6,0,2,0,4,3,3,0,0,0,1,0,0,0,,,,,,,,,,,,,,,,,,,,,,,,,,,,,,,,,,,,,,,,,,,,,,,,,,,,,,,,,,,,,,,,,,,
,,,,,,,,Navigation,,,,,,,,Season 7,0,2,3,3,4,1,0,0,0,0,0,0,0,,,,,,,,,,,,,,,,,,,,,,,,,,,,,,,,,,,,,,,,,,,,,,,,,,,,,,,,,,,,,,,,,,,
,,OR,OR,OR,OR,OR,OR,OR,OR,OR,OR,OR,OR,,,Season 8,0,3,2,2,2,1,1,1,0,0,0,0,0,,,,,,,,,,,,,,,,,,,,,,,,,,,,,,,,,,,,,,,,,,,,,,,,,,,,,,,,,,,,,,,,,,,
,,Heights,Navigation,PS,PS,Driving,Searching,Animals,PS,PS,Food,PS,PS,Driving,,Season 9,0,0,5,2,2,2,1,0,0,0,0,0,0,,,,,,,,,,,,,,,,,,,,,,,,,,,,,,,,,,,,,,,,,,,,,,,,,,,,,,,,,,,,,,,,,,,
,,,,Puzzle,,Searching,,Navigation,,,,,,Navigation,,Season 10,0,0,4,2,4,2,0,0,0,0,0,1,0,,,,,,,,,,,,,,,,,,,,,,,,,,,,,,,,,,,,,,,,,,,,,,,,,,,,,,,,,,,,,,,,,,,
,,Challenge 5,Challenge 4,Challenge 4,Challenge 6,Challenge 4,Challenge 3,Challenge 6,Challenge 4,Challenge 4,Challenge 4,Challenge 4,Challenge 5,Challenge 3,,Season 11,0,5,2,3,3,0,0,0,0,0,0,0,0,,,,,,,,,,,,,,,,,,,,,,,,,,,,,,,,,,,,,,,,,,,,,,,,,,,,,,,,,,,,,,,,,,,
,Season 5,Heights,Animals,Heights,HEC,PS,Animals,Biking,Heights,PS,Driving,Animals,,Ride,,Season 12,0,1,2,2,3,1,0,1,0,0,0,0,0,,,,,,,,,,,,,,,,,,,,,,,,,,,,,,,,,,,,,,,,,,,,,,,,,,,,,,,,,,,,,,,,,,,
,,,Navigation,,,,,Animals,,,PS,,,,,Season 13,0,1,3,2,3,1,0,1,0,0,0,0,0,,,,,,,,,,,,,,,,,,,,,,,,,,,,,,,,,,,,,,,,,,,,,,,,,,,,,,,,,,,,,,,,,,,
,,OR,OR,OR,OR,OR,OR,OR,OR,OR,OR,OR,,OR,,Season 14,0,1,1,6,1,1,0,0,0,0,0,0,0,,,,,,,,,,,,,,,,,,,,,,,,,,,,,,,,,,,,,,,,,,,,,,,,,,,,,,,,,,,,,,,,,,,
,,Luck,Searching,Biking,Food,Animals,Animals,PS,Driving,PS,Driving,Animals,,Biking,,Season 15,0,0,3,2,2,1,0,1,0,0,0,0,0,,,,,,,,,,,,,,,,,,,,,,,,,,,,,,,,,,,,,,,,,,,,,,,,,,,,,,,,,,,,,,,,,,,
,,,,,,,PS,,,,Searching,,,,,Season 16,0,2,2,3,2,1,0,0,0,0,0,0,0,,,,,,,,,,,,,,,,,,,,,,,,,,,,,,,,,,,,,,,,,,,,,,,,,,,,,,,,,,,,,,,,,,,
,,Challenge 7,Challenge 3,Challenge 5,Challenge 2,Challenge 7,Challenge 3,Challenge 3,Challenge 4,Challenge 8,Challenge 2,Challenge 6,,Challenge 3,,Season 17,0,3,0,0,3,4,0,0,0,0,0,0,0,,,,,,,,,,,,,,,,,,,,,,,,,,,,,,,,,,,,,,,,,,,,,,,,,,,,,,,,,,,,,,,,,,,
,Season 6,PS,Balance,Counting,Animals,Searching,PS,PS,PS,PS,PS,Painting,Driving,,,Season 18,0,1,1,3,3,1,1,0,0,0,0,0,0,,,,,,,,,,,,,,,,,,,,,,,,,,,,,,,,,,,,,,,,,,,,,,,,,,,,,,,,,,,,,,,,,,,
,,,,ATD,,Balance,,,,Heights,,,Searching,,,Season 19,0,1,1,3,2,1,0,0,0,0,0,0,0,,,,,,,,,,,,,,,,,,,,,,,,,,,,,,,,,,,,,,,,,,,,,,,,,,,,,,,,,,,,,,,,,,,
,,OR,OR,OR,OR,OR,OR,OR,OR,OR,OR,OR,OR,,,Season 20,0,3,2,1,1,2,1,0,0,0,0,0,0,,,,,,,,,,,,,,,,,,,,,,,,,,,,,,,,,,,,,,,,,,,,,,,,,,,,,,,,,,,,,,,,,,,
,,Searching,HEC,Building,Animals,Cooking,PS,Searching,Building,Animals,Biking,Searching,Driving,,,Season 21,0,0,1,4,4,1,0,0,0,0,0,0,0,,,,,,,,,,,,,,,,,,,,,,,,,,,,,,,,,,,,,,,,,,,,,,,,,,,,,,,,,,,,,,,,,,,
,,,,,PS,,,,,HEC,PS,,PS,,,Season 22,0,2,1,3,2,1,0,0,0,0,0,0,0,,,,,,,,,,,,,,,,,,,,,,,,,,,,,,,,,,,,,,,,,,,,,,,,,,,,,,,,,,,,,,,,,,,
,,Challenge 6,Challenge 6,Challenge 4,Challenge 5,Challenge 4,Challenge 5,Challenge 5,Challenge 4,Challenge 4,Challenge 6,Challenge 2,Challenge 2,,,Season 23,0,2,5,3,0,0,0,0,0,0,0,0,0,,,,,,,,,,,,,,,,,,,,,,,,,,,,,,,,,,,,,,,,,,,,,,,,,,,,,,,,,,,,,,,,,,,
,,,,,,,HEC,,,,,,,,,Season 24,0,1,2,2,3,1,0,0,0,0,0,0,0,,,,,,,,,,,,,,,,,,,,,,,,,,,,,,,,,,,,,,,,,,,,,,,,,,,,,,,,,,,,,,,,,,,
,,,,,,,Swimming,,,,,,,,,Season 25,0,1,5,1,0,2,1,0,0,0,0,0,0,,,,,,,,,,,,,,,,,,,,,,,,,,,,,,,,,,,,,,,,,,,,,,,,,,,,,,,,,,,,,,,,,,,
,,,,,,,OR,,,,,,,,,Season 26,0,3,1,3,3,0,0,1,0,0,0,0,0,,,,,,,,,,,,,,,,,,,,,,,,,,,,,,,,,,,,,,,,,,,,,,,,,,,,,,,,,,,,,,,,,,,
,,,,,,,PS,,,,,,,,,Season 27,0,3,1,3,3,1,0,0,0,0,0,0,0,,,,,,,,,,,,,,,,,,,,,,,,,,,,,,,,,,,,,,,,,,,,,,,,,,,,,,,,,,,,,,,,,,,
,,,,,,,Challenge 10,,,,,,,,,Season 28,0,2,5,1,2,0,0,0,0,0,0,0,0,,,,,,,,,,,,,,,,,,,,,,,,,,,,,,,,,,,,,,,,,,,,,,,,,,,,,,,,,,,,,,,,,,,
,Season 7,Animals,Searching,Ride,Searching,Heights,PS,Balance,PS,PS,Searching,Puzzle,Balance,Animals,,Season 29,0,4,1,2,2,0,0,0,0,0,0,0,0,,,,,,,,,,,,,,,,,,,,,,,,,,,,,,,,,,,,,,,,,,,,,,,,,,,,,,,,,,,,,,,,,,,
,,,,,,Searching,,,,,Navigation,,,,,Season 30,0,3,1,5,0,0,0,0,0,0,0,0,0,,,,,,,,,,,,,,,,,,,,,,,,,,,,,,,,,,,,,,,,,,,,,,,,,,,,,,,,,,,,,,,,,,,
,,OR,OR,OR,OR,OR,OR,OR,OR,OR,OR,OR,OR,OR,,Season 31,0,1,3,3,0,2,1,0,0,0,0,0,0,,,,,,,,,,,,,,,,,,,,,,,,,,,,,,,,,,,,,,,,,,,,,,,,,,,,,,,,,,,,,,,,,,,
,,PS,PS,Biking,Searching,Searching,PS,Animals,PS,Searching,Selling,PS,Building,HEC,,Season 32,0,0,3,1,1,1,1,0,0,0,0,0,0,,,,,,,,,,,,,,,,,,,,,,,,,,,,,,,,,,,,,,,,,,,,,,,,,,,,,,,,,,,,,,,,,,,
,,,,,,PS,,,,ATD,,,,,,Season 33,0,2,2,2,1,0,0,0,0,0,0,0,0,,,,,,,,,,,,,,,,,,,,,,,,,,,,,,,,,,,,,,,,,,,,,,,,,,,,,,,,,,,,,,,,,,,
,,Challenge 6,Challenge 4,Challenge 2,Challenge 5,Challenge 3,Challenge 5,Challenge 2,Challenge 5,Challenge 5,Challenge 3,Challenge 4,Challenge 4,Challenge 3,,Season 34,0,2,0,5,0,1,1,0,0,0,0,0,0,,,,,,,,,,,,,,,,,,,,,,,,,,,,,,,,,,,,,,,,,,,,,,,,,,,,,,,,,,,,,,,,,,,
,Season 8,Building,PS,Pain,PS,Searching,Driving,Painting,Navigation,Biking,Building,Driving,HEC,,,Season 35,0,1,0,4,0,2,2,0,0,0,0,0,0,,,,,,,,,,,,,,,,,,,,,,,,,,,,,,,,,,,,,,,,,,,,,,,,,,,,,,,,,,,,,,,,,,,
,,,,Cooking,,,Searching,ATD,,,,Animals,,,,Season 36,0,6,0,2,1,0,0,1,0,0,0,0,0,,,,,,,,,,,,,,,,,,,,,,,,,,,,,,,,,,,,,,,,,,,,,,,,,,,,,,,,,,,,,,,,,,,
,,OR,OR,OR,OR,OR,OR,OR,OR,OR,OR,OR,OR,,,Season 37,0,0,2,0,3,1,1,0,0,0,0,0,0,,,,,,,,,,,,,,,,,,,,,,,,,,,,,,,,,,,,,,,,,,,,,,,,,,,,,,,,,,,,,,,,,,,
,,PS,PS,Driving,Luck,Searching,Driving,PS,PS,Heights,PS,Building,PS,,,Season 38,0,2,1,2,0,1,0,1,0,0,0,0,0,,,,,,,,,,,,,,,,,,,,,,,,,,,,,,,,,,,,,,,,,,,,,,,,,,,,,,,,,,,,,,,,,,,
,,,,,,,PS,Searching,,,,,,,,Totals,0,69,80,107,72,40,13,8,0,1,0,1,0,,,,,,,,,,,,,,,,,,,,,,,,,,,,,,,,,,,,,,,,,,,,,,,,,,,,,,,,,,,,,,,,,,,
,,Challenge 7,Challenge 6,Challenge 2,Challenge 8,Challenge 3,Challenge 5,Challenge 3,Challenge 5,Challenge 4,Challenge 4,Challenge 2,Challenge 2,,,,,,,,,,,,,,,,,,,,,,,,,,,,,,,,,,,,,,,,,,,,,,,,,,,,,,,,,,,,,,,,,,,,,,,,,,,,,,,,,,,
,Season 9,Building,PS,ATD,Pain,PS,PS,Driving,Biking,Swimming,PS,PS,PS,,,Keywords of Detours per Leg,,,,,,,,,,,,,,,,,,,,,,,,,,,,,,,,,,,,,,,,,,,,,,,,,,,,,,,,,,,,,,,,,,,,,,,,,,,,,,,,
,,,,,,Driving,,PS,PS,PS,,,,,,Keywords,Leg 1,Leg 2,Leg 3,Leg 4,Leg 5,Leg 6,Leg 7,Leg 8,Leg 9,Leg 10,Leg 11,Leg 12,Leg 13,Totals,,,,,,,,,,,,,,,,,,,,,,,,,,,,,,,,,,,,,,,,,,,,,,,,,,,,,,,,,,,,,,,,,,
,,OR,OR,OR,OR,OR,OR,OR,OR,OR,OR,OR,OR,,,Animals,3,4,6,4,4,8,9,8,3,4,5,1,2,61,,,,,,,,,,,,,,,,,,,,,,,,,,,,,,,,,,,,,,,,,,,,,,,,,,,,,,,,,,,,,,,,,,
,,Searching,PS,Searching,Dancing,Searching,Selling,Driving,Biking,Driving,ATD,Building,Navigation,,,ATD,3,13,15,12,9,11,11,12,7,8,4,2,,107,,,,,,,,,,,,,,,,,,,,,,,,,,,,,,,,,,,,,,,,,,,,,,,,,,,,,,,,,,,,,,,,,,
,,,,ATD,,,,Searching,Swimming,Searching,,Biking,,,,Balance,,2,4,4,5,1,4,2,2,,2,2,,28,,,,,,,,,,,,,,,,,,,,,,,,,,,,,,,,,,,,,,,,,,,,,,,,,,,,,,,,,,,,,,,,,,
,,,,,,,,Language,,Music,,,,,,Biking,,2,4,1,2,2,6,3,2,1,2,2,1,28,,,,,,,,,,,,,,,,,,,,,,,,,,,,,,,,,,,,,,,,,,,,,,,,,,,,,,,,,,,,,,,,,,
,,Challenge 3,Challenge 4,Challenge 5,Challenge 6,Challenge 3,Challenge 3,Challenge 7,Challenge 3,Challenge 6,Challenge 5,Challenge 4,Challenge 3,,,Building,3,5,10,12,7,7,4,9,1,7,5,1,,71,,,,,,,,,,,,,,,,,,,,,,,,,,,,,,,,,,,,,,,,,,,,,,,,,,,,,,,,,,,,,,,,,,
,Season 10,ATD,ATD,Building,PS,PS,PS,Searching,PS,PS,ATD,PS,PS,,,Cooking,,3,5,3,4,5,3,4,1,3,4,,,35,,,,,,,,,,,,,,,,,,,,,,,,,,,,,,,,,,,,,,,,,,,,,,,,,,,,,,,,,,,,,,,,,,
,,,,,,Animals,,,,,,,,,,Counting,,,1,1,1,,,1,,,,,,4,,,,,,,,,,,,,,,,,,,,,,,,,,,,,,,,,,,,,,,,,,,,,,,,,,,,,,,,,,,,,,,,,,
,,OR,OR,OR,OR,OR,OR,OR,OR,OR,OR,OR,OR,,,Dancing,1,4,5,6,3,1,5,2,2,1,1,,,31,,,,,,,,,,,,,,,,,,,,,,,,,,,,,,,,,,,,,,,,,,,,,,,,,,,,,,,,,,,,,,,,,,
,,PS,Animals,Building,PS,Painting,Animals,PS,ATD,PS,PS,Pain,ATD,,,Driving,1,3,2,1,9,2,4,1,3,4,1,2,4,37,,,,,,,,,,,,,,,,,,,,,,,,,,,,,,,,,,,,,,,,,,,,,,,,,,,,,,,,,,,,,,,,,,
,,,,ATD,,,PS,Navigation,,,,Searching,,,,Flags,,,,,,,,,,,,,,0,,,,,,,,,,,,,,,,,,,,,,,,,,,,,,,,,,,,,,,,,,,,,,,,,,,,,,,,,,,,,,,,,,
,,Challenge 5,Challenge 3,Challenge 6,Challenge 5,Challenge 3,Challenge 5,Challenge 4,Challenge 3,Challenge 3,Challenge 5,Challenge 4,Challenge 6,,,Food,,1,1,5,,1,3,3,2,2,2,,,20,,,,,,,,,,,,,,,,,,,,,,,,,,,,,,,,,,,,,,,,,,,,,,,,,,,,,,,,,,,,,,,,,,
,,,,,,,,,,Singing,,,,,,Geography,,,,,,,,,,,,,,0,,,,,,,,,,,,,,,,,,,,,,,,,,,,,,,,,,,,,,,,,,,,,,,,,,,,,,,,,,,,,,,,,,
,,,,,,,,,,OR,,,,,,HEC,2,3,5,6,,3,7,1,7,1,4,1,1,41,,,,,,,,,,,,,,,,,,,,,,,,,,,,,,,,,,,,,,,,,,,,,,,,,,,,,,,,,,,,,,,,,,
,,,,,,,,,,Searching,,,,,,Heights,5,1,2,1,3,2,1,1,3,3,3,,2,27,,,,,,,,,,,,,,,,,,,,,,,,,,,,,,,,,,,,,,,,,,,,,,,,,,,,,,,,,,,,,,,,,,
,,,,,,,,,,Challenge 12,,,,,,Language,,2,2,1,2,3,4,2,1,1,3,,,21,,,,,,,,,,,,,,,,,,,,,,,,,,,,,,,,,,,,,,,,,,,,,,,,,,,,,,,,,,,,,,,,,,
,Season 11,Animals,PS,PS,Navigation,Selling,Puzzle,Music,Cooking,ATD,PS,Cooking,Ride,Swimming,,Math,,1,1,,,2,,,,1,,,,5,,,,,,,,,,,,,,,,,,,,,,,,,,,,,,,,,,,,,,,,,,,,,,,,,,,,,,,,,,,,,,,,,,
,,,,,,,,,Food,Painting,,,,,,Memory,1,1,1,1,3,2,7,1,2,2,2,,,23,,,,,,,,,,,,,,,,,,,,,,,,,,,,,,,,,,,,,,,,,,,,,,,,,,,,,,,,,,,,,,,,,,
,,OR,OR,OR,OR,OR,OR,OR,OR,OR,OR,OR,OR,,,Music,,3,,1,1,1,3,3,1,1,,,,14,,,,,,,,,,,,,,,,,,,,,,,,,,,,,,,,,,,,,,,,,,,,,,,,,,,,,,,,,,,,,,,,,,
,,Searching,PS,Ride,ATD,PS,PS,PS,Cooking,ATD,Searching,PS,ATD,PS,,Navigation,,3,2,1,1,,6,2,,1,,1,1,18,,,,,,,,,,,,,,,,,,,,,,,,,,,,,,,,,,,,,,,,,,,,,,,,,,,,,,,,,,,,,,,,,,
,,,,,,,,Searching,PS,Searching,,,,,,Pain,,2,2,2,,1,,,1,2,2,,,12,,,,,,,,,,,,,,,,,,,,,,,,,,,,,,,,,,,,,,,,,,,,,,,,,,,,,,,,,,,,,,,,,,
,,Challenge 4,Challenge 4,Challenge 5,Challenge 2,Challenge 5,Challenge 2,Challenge 2,Challenge 4,Challenge 3,Challenge 3,Challenge 5,Challenge 2,Challenge 2,,Painting,,1,,1,1,1,2,,2,,2,,,10,,,,,,,,,,,,,,,,,,,,,,,,,,,,,,,,,,,,,,,,,,,,,,,,,,,,,,,,,,,,,,,,,,
,Season 12,,PS,Language,PS,Counting,Heights,Building,ATD,PS,Sky lanterns,Pain,,,,PS,9,23,19,20,18,26,19,28,26,24,16,10,2,240,,,,,,,,,,,,,,,,,,,,,,,,,,,,,,,,,,,,,,,,,,,,,,,,,,,,,,,,,,,,,,,,,,
,,,,,,,,,,HEC,,,,,,Puzzle,1,,4,2,2,1,,,1,,1,,,12,,,,,,,,,,,,,,,,,,,,,,,,,,,,,,,,,,,,,,,,,,,,,,,,,,,,,,,,,,,,,,,,,,
,,,OR,OR,OR,OR,OR,OR,OR,OR,OR,OR,,,,Searching,7,14,7,6,16,11,14,6,11,12,5,5,,114,,,,,,,,,,,,,,,,,,,,,,,,,,,,,,,,,,,,,,,,,,,,,,,,,,,,,,,,,,,,,,,,,,
,,,Searching,Language,Dancing,PS,PS,Dancing,ATD,PS,Pain,Searching,,,,Selling,1,2,2,1,3,2,,2,3,2,3,,,21,,,,,,,,,,,,,,,,,,,,,,,,,,,,,,,,,,,,,,,,,,,,,,,,,,,,,,,,,,,,,,,,,,
,,,,,,Balance,,,,Searching,,,,,,Singing,,,1,,,2,2,1,1,,,,,7,,,,,,,,,,,,,,,,,,,,,,,,,,,,,,,,,,,,,,,,,,,,,,,,,,,,,,,,,,,,,,,,,,
,,,Challenge 2,Challenge 5,Challenge 3,Challenge 5,Challenge 4,Challenge 6,Challenge 4,Challenge 5,Challenge 8,Challenge 3,,,,Swimming,,3,,,2,1,2,1,2,3,,,2,16,,,,,,,,,,,,,,,,,,,,,,,,,,,,,,,,,,,,,,,,,,,,,,,,,,,,,,,,,,,,,,,,,,
,Season 13,PS,PS,Searching,Food,Ride,Math,Searching,Selling,Dancing,Ride,PS,,,,Travel Issues,,,,,,,,,,,,,,0,,,,,,,,,,,,,,,,,,,,,,,,,,,,,,,,,,,,,,,,,,,,,,,,,,,,,,,,,,,,,,,,,,
,,,,,,,,ATD,Music,,,,,,,,,,,,,,,,,,,,,,,,,,,,,,,,,,,,,,,,,,,,,,,,,,,,,,,,,,,,,,,,,,,,,,,,,,,,,,,,,,,,,,,
,,OR,OR,OR,OR,OR,OR,OR,OR,OR,OR,OR,,,,Keywords of Detour per Leg,,,,,,,,,,,,,,,,,,,,,,,,,,,,,,,,,,,,,,,,,,,,,,,,,,,,,,,,,,,,,,,,,,,,,,,,,,,,,,,,
,,PS,Searching,Biking,Building,Searching,Wash laundry,PS,Food,Selling,Ride,PS,,,,Keywords,Leg 1,Leg 2,Leg 3,Leg 4,Leg 5,Leg 6,Leg 7,Leg 8,Leg 9,Leg 10,Leg 11,Leg 12,Leg 13,,Percent of Keywords on Detours,,,,,,,,,,,,,,,,,,,,,,,,,,,,,,,,,,,,,,,,,,,,,,,,,,,,,,,,,,,,,,,,,
,,,ATD,,,,,,,,,,,,,Animals,0.16666666666666666,0.1111111111111111,0.15789473684210525,0.10810810810810811,0.1111111111111111,0.20512820512820512,0.23684210526315788,0.21621621621621623,0.09090909090909091,0.12121212121212122,0.1724137931034483,0.09090909090909091,0.3333333333333333,,Keyword,%,,,,,,,,,,,,,,,,,,,,,,,,,,,,,,,,,,,,,,,,,,,,,,,,,,,,,,,,,,,,,,,,
,,Challenge 5,Challenge 3,Challenge 3,Challenge 8,Challenge 4,Challenge 4,Challenge 5,Challenge 5,Challenge 3,Challenge 6,Challenge 2,,,,ATD,0.16666666666666666,0.3611111111111111,0.39473684210526316,0.32432432432432434,0.25,0.28205128205128205,0.2894736842105263,0.32432432432432434,0.21212121212121213,0.24242424242424243,0.13793103448275862,0.18181818181818182,,,Animals,0.15601023017902813,,,,,,,,,,,,,,,,,,,,,,,,,,,,,,,,,,,,,,,,,,,,,,,,,,,,,,,,,,,,,,,,
,Season 14,,Driving,PS,PS,Driving,Biking,PS,Searching,Dancing,Swimming,ATD,,,,Balance,,0.05555555555555555,0.10526315789473684,0.10810810810810811,0.1388888888888889,0.02564102564102564,0.10526315789473684,0.05405405405405406,0.06060606060606061,,0.06896551724137931,0.18181818181818182,,,ATD,0.27365728900255754,,,,,,,,,,,,,,,,,,,,,,,,,,,,,,,,,,,,,,,,,,,,,,,,,,,,,,,,,,,,,,,,
,,,,,,,Searching,,ATD,,,,,,,Biking,,0.05555555555555555,0.10526315789473684,0.02702702702702703,0.05555555555555555,0.05128205128205128,0.15789473684210525,0.08108108108108109,0.06060606060606061,0.030303030303030304,0.06896551724137931,0.18181818181818182,0.16666666666666666,,Balance,0.07161125319693094,,,,,,,,,,,,,,,,,,,,,,,,,,,,,,,,,,,,,,,,,,,,,,,,,,,,,,,,,,,,,,,,
,,,OR,OR,OR,OR,OR,OR,OR,OR,OR,OR,,,,Building,0.16666666666666666,0.1388888888888889,0.2631578947368421,0.32432432432432434,0.19444444444444445,0.1794871794871795,0.10526315789473684,0.24324324324324326,0.030303030303030304,0.21212121212121213,0.1724137931034483,0.09090909090909091,,,Biking,0.07161125319693094,,,,,,,,,,,,,,,,,,,,,,,,,,,,,,,,,,,,,,,,,,,,,,,,,,,,,,,,,,,,,,,,
,,,Pain,PS,Building,Driving,Selling,PS,Singing,Painting,Swimming,Language,,,,Cooking,,0.08333333333333333,0.13157894736842105,0.08108108108108109,0.1111111111111111,0.1282051282051282,0.07894736842105263,0.10810810810810811,0.030303030303030304,0.09090909090909091,0.13793103448275862,,,,Building,0.1815856777493606,,,,,,,,,,,,,,,,,,,,,,,,,,,,,,,,,,,,,,,,,,,,,,,,,,,,,,,,,,,,,,,,
,,,Searching,Searching,,,Dancing,,,Language,,,,,,Counting,,,0.02631578947368421,0.02702702702702703,0.027777777777777776,,,0.02702702702702703,,,,,,,Cooking,0.08951406649616368,,,,,,,,,,,,,,,,,,,,,,,,,,,,,,,,,,,,,,,,,,,,,,,,,,,,,,,,,,,,,,,,
,,,Challenge 4,Challenge 4,Challenge 3,Challenge 2,Challenge 6,Challenge 4,Challenge 4,Challenge 5,Challenge 4,Challenge 4,,,,Dancing,0.05555555555555555,0.1111111111111111,0.13157894736842105,0.16216216216216217,0.08333333333333333,0.02564102564102564,0.13157894736842105,0.05405405405405406,0.06060606060606061,0.030303030303030304,0.034482758620689655,,,,Counting,0.010230179028132993,,,,,,,,,,,,,,,,,,,,,,,,,,,,,,,,,,,,,,,,,,,,,,,,,,,,,,,,,,,,,,,,
,Season 15,,,PS,Selling,Building,Math,Biking,PS,HEC,Ride,PS,,,,Driving,0.05555555555555555,0.08333333333333333,0.05263157894736842,0.02702702702702703,0.25,0.05128205128205128,0.10526315789473684,0.02702702702702703,0.09090909090909091,0.12121212121212122,0.034482758620689655,0.18181818181818182,0.6666666666666666,,Dancing,0.0792838874680307,,,,,,,,,,,,,,,,,,,,,,,,,,,,,,,,,,,,,,,,,,,,,,,,,,,,,,,,,,,,,,,,
,,,,,,,,Swimming,,,,,,,,Flags,,,,,,,,,,,,,,,Driving,0.09462915601023018,,,,,,,,,,,,,,,,,,,,,,,,,,,,,,,,,,,,,,,,,,,,,,,,,,,,,,,,,,,,,,,,
,,,,,,,,HEC,,,,,,,,Food,,0.027777777777777776,0.02631578947368421,0.13513513513513514,,0.02564102564102564,0.07894736842105263,0.08108108108108109,0.06060606060606061,0.06060606060606061,0.06896551724137931,,,,Flags,,,,,,,,,,,,,,,,,,,,,,,,,,,,,,,,,,,,,,,,,,,,,,,,,,,,,,,,,,,,,,,,,
,,,,OR,OR,OR,OR,OR,OR,OR,OR,OR,,,,Geography,,,,,,,,,,,,,,,Food,0.05115089514066496,,,,,,,,,,,,,,,,,,,,,,,,,,,,,,,,,,,,,,,,,,,,,,,,,,,,,,,,,,,,,,,,
,,,,Searching,Searching,Searching,Building,Dancing,Language,HEC,PS,PS,,,,HEC,0.1111111111111111,0.08333333333333333,0.13157894736842105,0.16216216216216217,,0.07692307692307693,0.18421052631578946,0.02702702702702703,0.21212121212121213,0.030303030303030304,0.13793103448275862,0.09090909090909091,0.16666666666666666,,Geography,,,,,,,,,,,,,,,,,,,,,,,,,,,,,,,,,,,,,,,,,,,,,,,,,,,,,,,,,,,,,,,,,
,,,,Puzzle,,,,Food,,,,,,,,Heights,0.2777777777777778,0.027777777777777776,0.05263157894736842,0.02702702702702703,0.08333333333333333,0.05128205128205128,0.02631578947368421,0.02702702702702703,0.09090909090909091,0.09090909090909091,0.10344827586206896,,0.3333333333333333,,HEC,0.10485933503836317,,,,,,,,,,,,,,,,,,,,,,,,,,,,,,,,,,,,,,,,,,,,,,,,,,,,,,,,,,,,,,,,
,,,,Challenge 3,Challenge 3,Challenge 6,Challenge 4,Challenge 5,Challenge 4,Challenge 5,Challenge 3,Challenge 8,,,,Language,,0.05555555555555555,0.05263157894736842,0.02702702702702703,0.05555555555555555,0.07692307692307693,0.10526315789473684,0.05405405405405406,0.030303030303030304,0.030303030303030304,0.10344827586206896,,,,Heights,0.06905370843989769,,,,,,,,,,,,,,,,,,,,,,,,,,,,,,,,,,,,,,,,,,,,,,,,,,,,,,,,,,,,,,,,
,Season 16,,Animals,HEC,HEC,Driving,Language,Building,Animals,PS,Music,,Searching,,,Math,,0.027777777777777776,0.02631578947368421,,,0.05128205128205128,,,,0.030303030303030304,,,,,Language,0.05370843989769821,,,,,,,,,,,,,,,,,,,,,,,,,,,,,,,,,,,,,,,,,,,,,,,,,,,,,,,,,,,,,,,,
,,,,,,,,,,,,,,,,Memory,0.05555555555555555,0.027777777777777776,0.02631578947368421,0.02702702702702703,0.08333333333333333,0.05128205128205128,0.18421052631578946,0.02702702702702703,0.06060606060606061,0.06060606060606061,0.06896551724137931,,,,Math,0.01278772378516624,,,,,,,,,,,,,,,,,,,,,,,,,,,,,,,,,,,,,,,,,,,,,,,,,,,,,,,,,,,,,,,,
,,,OR,OR,OR,OR,OR,OR,OR,OR,OR,,OR,,,Music,,0.08333333333333333,,0.02702702702702703,0.027777777777777776,0.02564102564102564,0.07894736842105263,0.08108108108108109,0.030303030303030304,0.030303030303030304,,,,,Memory,0.058823529411764705,,,,,,,,,,,,,,,,,,,,,,,,,,,,,,,,,,,,,,,,,,,,,,,,,,,,,,,,,,,,,,,,
,,,Swimming,Navigation,Food,Driving,PS,Searching,Animals,Balance,Selling,,PS,,,Navigation,,0.08333333333333333,0.05263157894736842,0.02702702702702703,0.027777777777777776,,0.15789473684210525,0.05405405405405406,,0.030303030303030304,,0.09090909090909091,0.16666666666666666,,Music,0.03580562659846547,,,,,,,,,,,,,,,,,,,,,,,,,,,,,,,,,,,,,,,,,,,,,,,,,,,,,,,,,,,,,,,,
,,,,PS,,,,,,,,,,,,Pain,,0.05555555555555555,0.05263157894736842,0.05405405405405406,,0.02564102564102564,,,0.030303030303030304,0.06060606060606061,0.06896551724137931,,,,Navigation,0.04603580562659847,,,,,,,,,,,,,,,,,,,,,,,,,,,,,,,,,,,,,,,,,,,,,,,,,,,,,,,,,,,,,,,,
,,,Challenge 2,Challenge 5,Challenge 4,Challenge 4,Challenge 4,Challenge 5,Challenge 3,Challenge 2,Challenge 3,,Challenge 6,,,Painting,,0.027777777777777776,,0.02702702702702703,0.027777777777777776,0.02564102564102564,0.05263157894736842,,0.06060606060606061,,0.06896551724137931,,,,Pain,0.030690537084398978,,,,,,,,,,,,,,,,,,,,,,,,,,,,,,,,,,,,,,,,,,,,,,,,,,,,,,,,,,,,,,,,
,Season 17,,Building,HEC,Ride,Biking,Music,Music,PS,PS,Searching,Balance,,,,PS,0.5,0.6388888888888888,0.5,0.5405405405405406,0.5,0.6666666666666666,0.5,0.7567567567567568,0.7878787878787878,0.7272727272727273,0.5517241379310345,0.9090909090909091,0.3333333333333333,,Painting,0.02557544757033248,,,,,,,,,,,,,,,,,,,,,,,,,,,,,,,,,,,,,,,,,,,,,,,,,,,,,,,,,,,,,,,,
,,,PS,,,Memory,,,,,,PS,,,,Puzzle,0.05555555555555555,,0.10526315789473684,0.05405405405405406,0.05555555555555555,0.02564102564102564,,,0.030303030303030304,,0.034482758620689655,,,,PS,0.6138107416879796,,,,,,,,,,,,,,,,,,,,,,,,,,,,,,,,,,,,,,,,,,,,,,,,,,,,,,,,,,,,,,,,
,,,OR,OR,OR,OR,OR,OR,OR,OR,OR,OR,,,,Searching,0.3888888888888889,0.3888888888888889,0.18421052631578946,0.16216216216216217,0.4444444444444444,0.28205128205128205,0.3684210526315789,0.16216216216216217,0.3333333333333333,0.36363636363636365,0.1724137931034483,0.45454545454545453,,,Puzzle,0.030690537084398978,,,,,,,,,,,,,,,,,,,,,,,,,,,,,,,,,,,,,,,,,,,,,,,,,,,,,,,,,,,,,,,,
,,,PS,Searching,Building,Navigation,Searching,HEC,Searching,Balance,Searching,PS,,,,Selling,0.05555555555555555,0.05555555555555555,0.05263157894736842,0.02702702702702703,0.08333333333333333,0.05128205128205128,,0.05405405405405406,0.09090909090909091,0.06060606060606061,0.10344827586206896,,,,Searching,0.2915601023017903,,,,,,,,,,,,,,,,,,,,,,,,,,,,,,,,,,,,,,,,,,,,,,,,,,,,,,,,,,,,,,,,
,,,,Puzzle,ATD,,,Balance,PS,PS,PS,Food,,,,Singing,,,0.02631578947368421,,,0.05128205128205128,0.05263157894736842,0.02702702702702703,0.030303030303030304,,,,,,Selling,0.05370843989769821,,,,,,,,,,,,,,,,,,,,,,,,,,,,,,,,,,,,,,,,,,,,,,,,,,,,,,,,,,,,,,,,
,,,Challenge 5,Challenge 6,Challenge 6,Challenge 6,Challenge 2,Challenge 2,Challenge 5,Challenge 2,Challenge 5,Challenge 6,,,,Swimming,,0.08333333333333333,,,0.05555555555555555,0.02564102564102564,0.05263157894736842,0.02702702702702703,0.06060606060606061,0.09090909090909091,,,0.3333333333333333,,Singing,0.017902813299232736,,,,,,,,,,,,,,,,,,,,,,,,,,,,,,,,,,,,,,,,,,,,,,,,,,,,,,,,,,,,,,,,
,Season 18,,ATD,Pain,PS,ATD,ATD,Cooking,PS,Food,Searching,Cooking,,,,Travel Issues,,,,,,,,,,,,,,,Swimming,0.04092071611253197,,,,,,,,,,,,,,,,,,,,,,,,,,,,,,,,,,,,,,,,,,,,,,,,,,,,,,,,,,,,,,,,
,,,Dancing,,Cooking,Memory,Painting,,,,,,,,,,,,,,,,,,,,,,,,Travel Issues,,,,,,,,,,,,,,,,,,,,,,,,,,,,,,,,,,,,,,,,,,,,,,,,,,,,,,,,,,,,,,,,,
,,,OR,OR,OR,OR,OR,OR,OR,OR,OR,OR,,,,Keywords of Detour per Season,,,,,,,,,,,,,,,,,,,,,,,,,,,,,,,,,,,,,,,,,,,,,,,,,,,,,,,,,,,,,,,,,,,,,,,,,,,,,,,,
,,,Painting,Searching,PS,Building,PS,PS,Food,PS,Heights,Selling,,,,Keywords,Totals,Averages,Modes,Maximums,Minimum,Season 1,Season 2,Season 3,Season 4,Season 5,Season 6,Season 7,Season 8,Season 9,Season 10,Season 11,Season 12,Season 13,Season 14,Season 15,Season 16,Season 17,Season 18,Season 19,Season 20,Season 21,Season 22,Season 23,Season 24,Season 25,Season 26,Season 27,Season 28,Season 29,Season 30,Season 31,Season 32,Season 33,Season 34,Season 35,Season 36,Season 37,Season 38,,,,,,,,,,,,,,,,,,,,,,,,,,,,,,,,,,,,,
,,,,,,,,Searching,,,,,,,,Animals,61,1.605263157894737,0,7,0,2,1,3,4,7,3,3,1,0,3,1,0,0,0,0,3,0,0,2,2,1,3,2,3,3,3,3,2,0,3,1,0,1,1,0,0,0,0,,,,,,,,,,,,,,,,,,,,,,,,,,,,,,,,,,,,,
,,,Challenge 4,Challenge 5,Challenge 7,Challenge 3,Challenge 5,Challenge 4,Challenge 4,Challenge 5,Challenge 2,Challenge 6,,,,ATD,107,2.8157894736842106,2,8,0,0,0,0,1,0,1,1,1,3,6,4,2,2,2,0,0,1,3,2,7,3,3,6,1,6,2,4,4,2,4,2,4,6,3,8,3,8,2,,,,,,,,,,,,,,,,,,,,,,,,,,,,,,,,,,,,,
,,,Selling,PS,Building,,ATD,PS,Building,,Building,PS,,,,Balance,28,0.7368421052631579,0,4,0,0,0,3,0,0,2,2,0,0,0,0,1,0,0,0,1,3,0,0,1,2,0,0,1,2,4,0,1,0,0,0,2,0,1,0,0,1,1,,,,,,,,,,,,,,,,,,,,,,,,,,,,,,,,,,,,,
,Season 19,,Dancing,,,,,,Animals,,Searching,,,,,Biking,28,0.7368421052631579,0,3,0,1,1,2,1,3,1,1,1,3,0,0,0,1,1,1,0,1,0,0,2,0,0,2,0,2,0,1,1,0,0,0,0,0,0,1,0,1,0,,,,,,,,,,,,,,,,,,,,,,,,,,,,,,,,,,,,,
,,,Music,,,,,,,,,,,,,Building,71,1.868421052631579,1,6,0,0,0,0,0,0,2,1,3,2,2,0,1,1,1,2,1,2,1,6,4,4,4,3,2,5,2,1,5,3,1,1,1,1,1,2,2,2,2,,,,,,,,,,,,,,,,,,,,,,,,,,,,,,,,,,,,,
,,,OR,OR,OR,,OR,OR,OR,,OR,OR,,,,Cooking,35,0.9210526315789473,0,3,0,0,0,0,0,0,1,0,1,0,0,3,0,0,0,0,0,0,3,1,0,2,3,1,0,2,2,2,3,0,1,2,1,2,1,1,2,0,1,,,,,,,,,,,,,,,,,,,,,,,,,,,,,,,,,,,,,
,,,Selling,Animals,PS,,Building,PS,PS,,Building,Building,,,,Counting,4,0.10526315789473684,0,1,0,0,0,1,0,0,1,0,0,0,0,0,1,0,0,0,0,0,0,0,0,0,0,0,0,0,0,0,1,0,0,0,0,0,0,0,0,0,0,,,,,,,,,,,,,,,,,,,,,,,,,,,,,,,,,,,,,
,,,,PS,,,,,,,Cooking,ATD,,,,Dancing,31,0.8157894736842105,0,3,0,0,1,0,0,0,0,0,0,1,0,0,2,1,2,1,0,0,1,1,0,3,0,1,3,1,2,0,0,0,1,1,2,2,2,0,1,0,2,,,,,,,,,,,,,,,,,,,,,,,,,,,,,,,,,,,,,
,,,Challenge 5,Challenge 3,Challenge 2,,Challenge 4,Challenge 4,Challenge 5,,Challenge 4,Challenge 6,,,,Driving,37,0.9736842105263158,0,6,0,6,0,4,5,3,2,0,4,4,0,0,0,0,3,0,2,0,0,0,1,0,1,0,0,0,0,1,0,0,1,0,0,0,0,0,0,0,0,,,,,,,,,,,,,,,,,,,,,,,,,,,,,,,,,,,,,
,Season 20,,Building,Building,ATD,ATD,Searching,Biking,PS,HEC,ATD,Food,,,,Flags,0,0,0,0,0,0,0,0,0,0,0,0,0,0,0,0,0,0,0,0,0,0,0,0,0,0,0,0,0,0,0,0,0,0,0,0,0,0,0,0,0,0,0,,,,,,,,,,,,,,,,,,,,,,,,,,,,,,,,,,,,,
,,,ATD,Balance,,Building,,HEC,,,Animals,,,,,Food,20,0.5263157894736842,0,3,0,0,1,0,1,1,0,0,0,0,0,1,0,2,0,1,1,1,2,0,2,1,0,0,0,0,3,0,0,0,0,0,1,0,0,1,0,0,1,,,,,,,,,,,,,,,,,,,,,,,,,,,,,,,,,,,,,
,,,OR,OR,OR,OR,OR,OR,OR,OR,OR,OR,,,,Geography,0,0,0,0,0,0,0,0,0,0,0,0,0,0,0,0,0,0,0,0,0,0,0,0,0,0,0,0,0,0,0,0,0,0,0,0,0,0,0,0,0,0,0,,,,,,,,,,,,,,,,,,,,,,,,,,,,,,,,,,,,,
,,,Animals,ATD,Food,ATD,ATD,Biking,Building,Driving,PS,Selling,,,,HEC,41,1.0789473684210527,1,5,0,1,2,0,0,1,3,1,1,0,0,0,1,0,0,3,2,2,0,0,2,0,0,1,5,1,2,3,1,1,0,1,1,1,1,1,1,1,1,,,,,,,,,,,,,,,,,,,,,,,,,,,,,,,,,,,,,
,,,,,Memory,,,PS,,,,,,,,Heights,27,0.7105263157894737,0,5,0,3,5,4,4,3,1,1,1,0,0,0,1,0,0,0,0,0,1,0,0,0,0,0,0,0,2,0,1,0,0,0,0,0,0,0,0,0,0,,,,,,,,,,,,,,,,,,,,,,,,,,,,,,,,,,,,,
,,,Challenge 2,Challenge 2,Challenge 6,Challenge 3,Challenge 6,Challenge 3,Challenge 2,Challenge 4,Challenge 7,Challenge 5,,,,Language,21,0.5526315789473685,0,2,0,0,0,0,0,0,0,0,0,1,0,0,2,0,2,1,1,0,0,0,0,1,0,1,0,0,2,1,0,2,1,1,2,0,2,0,0,0,1,,,,,,,,,,,,,,,,,,,,,,,,,,,,,,,,,,,,,
,Season 21,,PS,Cooking,Building,PS,Balance,Searching,Dancing,ATD,Building,Cooking,,,,Math,5,0.13157894736842105,0,2,0,0,0,0,0,0,0,0,0,0,0,0,0,1,0,1,0,0,0,0,0,0,0,1,0,0,0,0,0,0,2,0,0,0,0,0,0,0,0,,,,,,,,,,,,,,,,,,,,,,,,,,,,,,,,,,,,,
,,,,Food,,Building,PS,Language,,,,,,,,Memory,23,0.6052631578947368,0,4,0,0,0,0,0,0,0,0,0,0,0,0,0,0,0,0,0,1,1,0,1,0,1,0,1,1,0,0,0,0,2,4,1,1,3,2,2,0,2,,,,,,,,,,,,,,,,,,,,,,,,,,,,,,,,,,,,,
,,,,Balance,,,,,,,,,,,,Music,14,0.3684210526315789,0,2,0,0,0,0,0,0,0,0,0,1,0,1,0,1,0,0,1,2,0,1,0,0,0,0,1,1,0,1,0,1,0,0,0,0,1,0,1,0,1,,,,,,,,,,,,,,,,,,,,,,,,,,,,,,,,,,,,,
,,,OR,OR,OR,OR,OR,OR,OR,OR,OR,OR,,,,Navigation,18,0.47368421052631576,0,5,0,1,0,0,5,1,0,1,1,1,1,1,0,0,0,0,1,1,0,0,0,0,0,0,0,0,1,0,0,0,1,0,1,0,1,0,0,0,0,,,,,,,,,,,,,,,,,,,,,,,,,,,,,,,,,,,,,
,,,PS,Dancing,Building,PS,Pain,Swimming,Searching,Selling,PS,Animals,,,,Pain,12,0.3157894736842105,0,2,0,1,0,0,1,0,0,0,1,1,1,0,2,0,1,0,0,0,1,0,0,1,0,0,1,1,0,0,0,0,0,0,0,0,0,0,0,0,0,,,,,,,,,,,,,,,,,,,,,,,,,,,,,,,,,,,,,
,,,ATD,,,,,Dancing,ATD,,,,,,,Painting,10,0.2631578947368421,0,2,0,0,0,0,0,0,1,0,1,0,1,1,0,0,1,0,0,0,2,0,0,0,1,0,0,1,0,1,0,0,0,0,0,0,0,0,0,0,0,,,,,,,,,,,,,,,,,,,,,,,,,,,,,,,,,,,,,
,,,Challenge 6,Challenge 4,Challenge 5,Challenge 4,Challenge 5,Challenge 3,Challenge 4,Challenge 4,Challenge 5,Challenge 5,,,,PS,240,6.315789473684211,7,13,2,7,7,7,10,6,11,9,9,10,13,10,6,6,5,5,4,9,6,7,3,6,3,5,3,4,4,7,4,9,4,7,2,3,5,7,6,6,5,,,,,,,,,,,,,,,,,,,,,,,,,,,,,,,,,,,,,
,Season 22,,Swimming,Driving,PS,ATD,Building,Animals,,Building,Cooking,Cooking,,,,Puzzle,12,0.3157894736842105,0,1,0,1,0,0,1,0,0,1,0,0,0,1,0,0,0,1,0,1,0,0,0,0,0,1,0,0,1,1,0,0,1,0,0,0,1,0,1,0,0,,,,,,,,,,,,,,,,,,,,,,,,,,,,,,,,,,,,,
,,,Searching,,,,,Memory,,,,,,,,Searching,114,3,1,8,0,8,6,7,4,2,5,7,4,5,3,4,3,4,4,3,2,5,3,1,1,2,2,3,1,0,1,1,1,4,3,2,1,4,0,4,2,1,1,,,,,,,,,,,,,,,,,,,,,,,,,,,,,,,,,,,,,
,,,OR,OR,OR,OR,OR,OR,,OR,OR,OR,,,,Selling,21,0.5526315789473685,0,2,0,0,1,1,0,0,0,1,0,1,0,1,0,2,1,1,1,0,1,2,1,1,0,1,0,0,1,1,1,0,0,0,0,0,0,0,1,0,1,,,,,,,,,,,,,,,,,,,,,,,,,,,,,,,,,,,,,
,,,Swimming,Animals,ATD,Searching,Building,Animals,,PS,PS,Painting,,,,Singing,7,0.18421052631578946,0,1,0,0,0,0,0,0,0,0,0,0,1,0,0,0,1,0,0,0,0,0,0,0,0,0,0,0,0,1,0,1,0,0,1,1,0,0,1,0,0,,,,,,,,,,,,,,,,,,,,,,,,,,,,,,,,,,,,,
,,,ATD,,Building,Cooking,,,,,,,,,,Swimming,16,0.42105263157894735,0,2,0,0,0,2,0,0,1,0,0,2,0,1,0,0,2,1,1,0,0,0,0,1,2,0,0,0,0,1,0,0,0,1,0,0,0,0,0,1,0,,,,,,,,,,,,,,,,,,,,,,,,,,,,,,,,,,,,,
,,,Challenge 2,Challenge 3,Challenge 2,Challenge 4,Challenge 5,Challenge 6,,Challenge 4,Challenge 5,Challenge 4,,,,Travel Issues,0,0,0,0,0,0,0,0,0,0,0,0,0,0,0,0,0,0,0,0,0,0,0,0,0,0,0,0,0,0,0,0,0,0,0,0,0,0,0,0,0,0,0,,,,,,,,,,,,,,,,,,,,,,,,,,,,,,,,,,,,,
,Season 23,,Biking,Building,PS,Selling,Building,ATD,Cooking,Searching,ATD,HEC,,,,,,,,,,,,,,,,,,,,,,,,,,,,,,,,,,,,,,,,,,,,,,,,,,,,,,,,,,,,,,,,,,,,,,,,,,,,,,,,,,,,
,,,PS,Puzzle,ATD,,,,ATD,PS,,,,,,,,,,,,,,,,,,,,,,,,,,,,,,,,,,,,,,,,,,,,,,,,,,,,,,,,,,,,,,,,,,,,,,,,,,,,,,,,,,,,,,
,,,OR,OR,OR,OR,OR,OR,OR,OR,OR,OR,,,,Keywords of Detour per Half of Detour,,,,Keywords of Detour per each half per Season,,,,,,,,,,,,,,,,,,,,,,,,,,,,,,,,,,,,,,,,,,,,,,,,,,,,,,,,,,,,,,,,,,,,,,,,,,,,
,,,Biking,Math,PS,Dancing,Searching,Building,ATD,Animals,Searching,Language,,,,Keywords,1st Half,2nd Half,,,Season 1,,Season 2,,Season 3,,Season 4,,Season 5,,Season 6,,Season 7,,Season 8,,Season 9,,Season 10,,Season 11,,Season 12,,Season 13,,Season 14,,Season 15,,Season 16,,Season 17,,Season 18,,Season 19,,Season 20,,Season 21,,Season 22,,Season 23,,Season 24,,Season 25,,Season 26,,Season 27,,Season 28,,Season 29,,Season 30,,Season 31,,Season 32,,Season 33,,Season 34,,Season 35,,Season 36,,Season 37,,Season 38,
,,,PS,,,,ATD,,Animals,,,,,,,Animals,33,28,,Keywords,1st Half,2nd Half,1st Half2,2nd Half3,1st Half4,2nd Half5,1st Half6,2nd Half7,1st Half8,2nd Half9,1st Half10,2nd Half11,1st Half12,2nd Half13,1st Half14,2nd Half15,1st Half16,2nd Half17,1st Half18,2nd Half19,1st Half20,2nd Half21,1st Half22,2nd Half23,1st Half24,2nd Half25,1st Half26,2nd Half27,1st Half28,2nd Half29,1st Half30,2nd Half31,1st Half32,2nd Half33,1st Half34,2nd Half35,1st Half36,2nd Half37,1st Half38,2nd Half39,1st Half40,2nd Half41,1st Half42,2nd Half43,1st Half44,2nd Half45,1st Half46,2nd Half47,1st Half48,2nd Half49,1st Half50,2nd Half51,1st Half52,2nd Half53,1st Half54,2nd Half55,1st Half56,2nd Half57,1st Half58,2nd Half59,1st Half60,2nd Half61,1st Half62,2nd Half63,1st Half64,2nd Half65,1st Half66,2nd Half67,1st Half68,2nd Half69,1st Half70,2nd Half71,1st Half72,2nd Half73,1st Half74,2nd Half75
,,,Challenge 3,Challenge 3,Challenge 2,Challenge 3,Challenge 3,Challenge 3,Challenge 4,Challenge 4,Challenge 4,Challenge 2,,,,ATD,56,51,,Animals,1,1,,1,1,2,3,1,4,3,1,2,2,1,1,,,,1,2,1,,,,,,,,,,2,1,,,,,1,1,1,1,,1,1,2,,2,3,,2,1,2,1,2,1,,2,,,2,1,1,,,,,1,1,,,,,,,,,
,Season 24,,HEC,Building,Music,Animals,Animals,Dancing,Animals,,Dancing,HEC,,,,Balance,15,13,,ATD,,,,,,,1,,,,1,,,1,1,,1,2,3,3,1,3,1,1,1,1,2,,,,,,,1,3,,1,1,4,3,1,2,1,2,4,2,,1,3,3,,2,2,2,3,1,,2,2,2,1,1,3,1,3,3,2,1,5,3,1,2,4,4,1,1
,,,,PS,,,,,,,,,,,,Biking,13,15,,Balance,,,,,2,1,,,,,2,,2,,,,,,,,,,,1,,,,,,,,1,1,2,,,,,1,,2,,,,,,,1,1,1,2,2,,,1,,,,,,,,1,1,,,,1,,,,,,1,,1
,,,OR,OR,OR,OR,OR,OR,OR,,OR,OR,,,,Building,35,36,,Biking,,1,1,,,2,1,,1,2,,1,,1,1,,1,2,,,,,,,,1,1,,1,,,,1,,,,,,1,1,,,,,1,1,,,,2,,,1,,1,,,,,,,,,,,,,,,1,,,1,,,
,,,Pain,Searching,HEC,Dancing,ATD,HEC,Building,,PS,PS,,,,Cooking,18,17,,Building,,,,,,,,,,,,2,,1,2,1,1,1,1,1,,,1,,,1,,1,1,1,1,,1,1,,1,3,3,3,1,3,1,2,2,2,1,1,1,3,2,1,1,,1,2,3,2,1,,1,,1,1,,,1,,1,1,1,2,,,2,1,1
,,,,HEC,,Balance,,,,,Memory,,,,,Counting,3,1,,Cooking,,,,,,,,,,,,1,,,1,,,,,,2,1,,,,,,,,,,,,,3,,,1,,,2,,2,1,1,,,,,2,1,1,,2,,3,,,1,,1,1,,1,1,1,1,,1,,1,1,,,,1
,,,Challenge 5,Challenge 4,Challenge 4,Challenge 3,Challenge 5,Challenge 3,Challenge 2,,Challenge 6,Challenge 5,,,,Dancing,15,16,,Counting,,,,,1,,,,,,1,,,,,,,,,,,,1,,,,,,,,,,,,,,,,,,,,,,,,,,,,,,,,,1,,,,,,,,,,,,,,,,,,,,
,Season 25,,Dancing,Building,Building,Music,ATD,ATD,PS,Pain,Animals,HEC,,,,Driving,18,19,,Dancing,,,1,,,,,,,,,,,,,,,1,,,,,,2,1,,1,1,,1,,,,,1,,1,,,,1,2,,,,1,2,1,1,,2,,,,,,,,,1,,1,,2,1,1,1,1,,,1,,,,1,1
,,,,Animals,ATD,,Building,Painting,Balance,,,,,,,Flags,0,0,,Driving,3,3,,,1,3,3,2,1,2,1,1,,,2,2,2,2,,,,,,,,,2,1,,,1,1,,,,,,,,1,,,1,,,,,,,,,,1,,,,,,,1,,,,,,,,,,,,,,,,
,,,OR,OR,OR,OR,OR,OR,OR,OR,OR,OR,,,,Food,7,13,,Flags,,,,,,,,,,,,,,,,,,,,,,,,,,,,,,,,,,,,,,,,,,,,,,,,,,,,,,,,,,,,,,,,,,,,,,,,,,,,
,,,Cooking,Building,Cooking,Balance,Animals,Memory,ATD,PS,Building,Biking,,,,Geography,0,0,,Food,,,,1,,,,1,,1,,,,,,,,,,,1,,,,1,1,,,,1,,1,,1,1,1,,,1,1,1,,,,,,,,,,2,1,,,,,,,,,,,,1,,,,,,1,,,,,,1
,,,PS,ATD,Biking,,PS,ATD,,,,,,,,HEC,23,18,,Geography,,,,,,,,,,,,,,,,,,,,,,,,,,,,,,,,,,,,,,,,,,,,,,,,,,,,,,,,,,,,,,,,,,,,,,,,,,,,
,,,Challenge 2,Challenge 3,Challenge 3,Challenge 7,Challenge 3,Challenge 4,Challenge 6,Challenge 6,Challenge 3,Challenge 3,,,,Heights,20,7,,HEC,1,,1,1,,,,,1,,1,2,,1,1,,,,,,,,1,,,,,,2,1,2,,1,1,,,,,2,,,,,,1,,2,3,1,,1,1,1,2,,1,1,,,,,1,,1,1,,,1,1,,,1,,1,1,
,Season 26,Dancing,Food,Balance,HEC,PS,Cooking,Navigation,Building,Puzzle,Searching,Dancing,,,,Language,11,10,,Heights,2,1,4,1,4,,3,1,3,,1,,1,,,1,,,,,,,1,,,,,,,,,,,,,1,,,,,,,,,,,,,,,,2,,,1,,,,,,,,,,,,,,,,,,,,,
,,,,,Animals,Balance,,Animals,,,Language,,,,,Math,3,2,,Language,,,,,,,,,,,,,,,,,,1,,,,,1,1,,,,2,,1,1,,,,,,,,,,1,,,,,1,,,,,1,1,1,,,,2,,,1,1,,1,1,,,1,1,,,,,,,1,
,,,,,,,,,,,Food,,,,,Memory,12,11,,Math,,,,,,,,,,,,,,,,,,,,,,,,,1,,,,1,,,,,,,,,,,,,,,,,1,,,,,,,,,,,,,1,1,,,,,,,,,,,,,,,,
,,OR,OR,OR,OR,OR,OR,OR,OR,OR,OR,OR,,,,Music,11,3,,Memory,,,,,,,,,,,,,,,,,,,,,,,,,,,,,,,,,1,,1,,,,,1,,,1,,,,,1,,1,,,,,,,,,,2,4,,1,,,1,3,,,2,,2,,,1,1
,,Selling,PS,Balance,Food,PS,Heights,Cooking,PS,HEC,ATD,Building,,,,Navigation,9,9,,Music,,,,,,,,,,,,,,,,,,1,,,1,,,,1,,,,,,1,,2,,,,1,,,,,,,,,,1,,1,,,,,1,,,1,,,,,,,,,,1,,,,1,,,,,1
,,,Balance,Heights,Language,,,Animals,,,,ATD,,,,Pain,6,6,,Navigation,,1,,,,,2,3,1,,,,1,,1,,,1,,1,1,,,,,,,,,,,1,,1,,,,,,,,,,,,,,,,,1,,,,,,,,1,,,,1,,,,,1,,,,,,,,
,,Challenge 2,Challenge 4,Challenge 3,Challenge 2,Challenge 5,Challenge 4,Challenge 5,Challenge 5,Challenge 4,Challenge 8,Challenge 2,,,,Painting,6,4,,Pain,,1,,,,,1,,,,,,,,1,,1,,,1,,,1,1,,,,1,,,,,,,1,,,,,,,1,,,,,,1,1,,,,,,,,,,,,,,,,,,,,,,,,,,,
,Season 27,HEC,PS,ATD,Painting,Swimming,Singing,Driving,PS,Biking,PS,ATD,,,,PS,112,128,,Painting,,,,,,,,,,,1,,,,1,,,,,1,1,,,,,,,1,,,,,,,1,1,,,,,,,,1,,,,,1,,,,1,,,,,,,,,,,,,,,,,,,,,,,
,,,,Animals,,Animals,Language,,,,,,,,,Puzzle,5,7,,PS,3,4,2,5,4,3,4,6,3,3,6,5,3,6,2,7,9,1,7,6,3,7,3,3,3,3,3,2,3,2,1,3,4,5,2,4,3,4,1,2,3,3,1,2,3,2,1,2,1,3,1,3,3,4,2,2,3,6,3,1,3,4,1,1,3,,1,4,4,3,3,3,4,2,3,2
,,OR,OR,OR,OR,OR,OR,OR,OR,OR,OR,OR,,,,Searching,45,69,,Puzzle,1,,,,,,,1,,,,,1,,,,,,,,1,,,,,,,,,1,,,,1,,,,,,,,,,,1,,,,,,1,,,1,,,,,,1,,,,,,,,1,,,,1,,,,
,,Puzzle,PS,ATD,HEC,PS,Cooking,HEC,Music,Cooking,PS,Searching,,,,Selling,9,12,,Searching,3,5,2,4,4,3,2,2,,2,2,3,4,3,2,2,,5,1,2,,4,,3,2,2,2,2,,3,1,1,1,4,1,2,1,,1,,1,1,1,1,1,2,,1,,,1,,,1,1,,2,2,3,,,2,1,,1,3,,,1,3,1,1,1,,1,
,,,Building,Animals,,,ATD,,Selling,PS,,,,,,Singing,5,2,,Selling,,,1,,,1,,,,,,,,1,,,,1,,,1,,,,1,1,,1,1,,,1,,,,1,1,1,,1,,1,,,1,,,,,,,1,,1,1,,,,,,,,,,,,,,,,1,,,,1,
,,Challenge 4,Challenge 2,Challenge 4,Challenge 5,Challenge 3,Challenge 5,Challenge 6,Challenge 2,Challenge 5,Challenge 4,Challenge 2,,,,Swimming,8,8,,Singing,,,,,,,,,,,,,,,,,,,1,,,,,,,,,1,,,,,,,,,,,,,,,,,,,,,,,,,1,,,,1,,,,,,1,,1,,,,,,,1,,,,
,Season 28,Searching,Building,Selling,ATD,Heights,ATD,ATD,Biking,,PS,Balance,,,,Travel Issues,0,0,,Swimming,,,,,1,1,,,,,1,,,,,,1,1,,,1,,,,,,1,1,1,,,1,,,,,,,,,,1,1,1,,,,,,,,,1,,,,,,,,,1,,,,,,,,,,,,1,,
,,,,,Building,,,,PS,,,,,,,,,,,Travel Issues,,,,,,,,,,,,,,,,,,,,,,,,,,,,,,,,,,,,,,,,,,,,,,,,,,,,,,,,,,,,,,,,,,,,,,,,,,,,
,,OR,OR,OR,OR,OR,OR,OR,OR,,OR,OR,,,,,,,,,,,,,,,,,,,,,,,,,,,,,,,,,,,,,,,,,,,,,,,,,,,,,,,,,,,,,,,,,,,,,,,,,,,,,,,,,,,,
,,ATD,Cooking,HEC,Counting,Building,Cooking,Cooking,Animals,,PS,PS,,,,,,,,,,,,,,,,,,,,,,,,,,,,,,,,,,,,,,,,,,,,,,,,,,,,,,,,,,,,,,,,,,,,,,,,,,,,,,,,,,,,
,,Building,,,,,,,,,Animals,Building,,,,,,,,,,,,,,,,,,,,,,,,,,,,,,,,,,,,,,,,,,,,,,,,,,,,,,,,,,,,,,,,,,,,,,,,,,,,,,,,,,,,
,,Challenge 2,Challenge 5,Challenge 3,Challenge 3,Challenge 3,Challenge 4,Challenge 3,Challenge 2,,Challenge 3,Challenge 5,,,,,,,,,,,,,,,,,,,,,,,,,,,,,,,,,,,,,,,,,,,,,,,,,,,,,,,,,,,,,,,,,,,,,,,,,,,,,,,,,,,,
,Season 29,HEC,Music,Building,Searching,Searching,Building,Language,PS,PS,,,,,,,,,,,,,,,,,,,,,,,,,,,,,,,,,,,,,,,,,,,,,,,,,,,,,,,,,,,,,,,,,,,,,,,,,,,,,,,,,,,,,,
,,,,PS,,Language,,Singing,,,,,,,,,,,,,,,,,,,,,,,,,,,,,,,,,,,,,,,,,,,,,,,,,,,,,,,,,,,,,,,,,,,,,,,,,,,,,,,,,,,,,,,,
,,OR,OR,OR,OR,OR,OR,OR,OR,OR,,,,,,,,,,,,,,,,,,,,,,,,,,,,,,,,,,,,,,,,,,,,,,,,,,,,,,,,,,,,,,,,,,,,,,,,,,,,,,,,,,,,,,
,,PS,Building,ATD,Searching,Searching,PS,PS,PS,ATD,,,,,,,,,,,,,,,,,,,,,,,,,,,,,,,,,,,,,,,,,,,,,,,,,,,,,,,,,,,,,,,,,,,,,,,,,,,,,,,,,,,,,,
,,,,,PS,PS,,,,,,,,,,,,,,,,,,,,,,,,,,,,,,,,,,,,,,,,,,,,,,,,,,,,,,,,,,,,,,,,,,,,,,,,,,,,,,,,,,,,,,,,,,
,,Challenge 4,Challenge 2,Challenge 3,Challenge 2,Challenge 4,Challenge 5,Challenge 2,Challenge 2,Challenge 5,,,,,,,,,,,,,,,,,,,,,,,,,,,,,,,,,,,,,,,,,,,,,,,,,,,,,,,,,,,,,,,,,,,,,,,,,,,,,,,,,,,,,,
,Season 30,,ATD,PS,Cooking,Searching,Searching,Searching,PS,,Math,Animals,,,,,,,,,,,,,,,,,,,,,,,,,,,,,,,,,,,,,,,,,,,,,,,,,,,,,,,,,,,,,,,,,,,,,,,,,,,,,,,,,,,,
,,,,,,ATD,PS,Animals,,,,,,,,,,,,,,,,,,,,,,,,,,,,,,,,,,,,,,,,,,,,,,,,,,,,,,,,,,,,,,,,,,,,,,,,,,,,,,,,,,,,,,,,
,,,,,,,,Navigation,,,,,,,,,,,,,,,,,,,,,,,,,,,,,,,,,,,,,,,,,,,,,,,,,,,,,,,,,,,,,,,,,,,,,,,,,,,,,,,,,,,,,,,,
,,,OR,OR,OR,OR,OR,OR,OR,,OR,OR,,,,,,,,,,,,,,,,,,,,,,,,,,,,,,,,,,,,,,,,,,,,,,,,,,,,,,,,,,,,,,,,,,,,,,,,,,,,,,,,,,,,
,,,ATD,Dancing,Building,Puzzle,Memory,Driving,PS,,Animals,Memory,,,,,,,,,,,,,,,,,,,,,,,,,,,,,,,,,,,,,,,,,,,,,,,,,,,,,,,,,,,,,,,,,,,,,,,,,,,,,,,,,,,,
,,,Math,,ATD,,,,,,,Language,,,,,,,,,,,,,,,,,,,,,,,,,,,,,,,,,,,,,,,,,,,,,,,,,,,,,,,,,,,,,,,,,,,,,,,,,,,,,,,,,,,,
,,,Challenge 3,Challenge 4,Challenge 4,Challenge 4,Challenge 2,Challenge 4,Challenge 2,,Challenge 2,Challenge 4,,,,,,,,,,,,,,,,,,,,,,,,,,,,,,,,,,,,,,,,,,,,,,,,,,,,,,,,,,,,,,,,,,,,,,,,,,,,,,,,,,,,
,Season 31,,Language,Animals,PS,ATD,Cooking,Memory,PS,Memory,PS,Memory,,,,,,,,,,,,,,,,,,,,,,,,,,,,,,,,,,,,,,,,,,,,,,,,,,,,,,,,,,,,,,,,,,,,,,,,,,,,,,,,,,,,
,,,,,,Memory,,,,,,,,,,,,,,,,,,,,,,,,,,,,,,,,,,,,,,,,,,,,,,,,,,,,,,,,,,,,,,,,,,,,,,,,,,,,,,,,,,,,,,,,,,
,,,OR,OR,OR,OR,OR,OR,OR,OR,OR,OR,,,,,,,,,,,,,,,,,,,,,,,,,,,,,,,,,,,,,,,,,,,,,,,,,,,,,,,,,,,,,,,,,,,,,,,,,,,,,,,,,,,,
,,,Cooking,Dancing,Building,Searching,PS,PS,ATD,Searching,PS,PS,,,,,,,,,,,,,,,,,,,,,,,,,,,,,,,,,,,,,,,,,,,,,,,,,,,,,,,,,,,,,,,,,,,,,,,,,,,,,,,,,,,,
,,,,,,,,,,Swimming,HEC,,,,,,,,,,,,,,,,,,,,,,,,,,,,,,,,,,,,,,,,,,,,,,,,,,,,,,,,,,,,,,,,,,,,,,,,,,,,,,,,,,,,,
,,,Challenge 4,Challenge 2,Challenge 6,Challenge 3,Challenge 7,Challenge 4,Challenge 3,Challenge 4,Challenge 3,Challenge 6,,,,,,,,,,,,,,,,,,,,,,,,,,,,,,,,,,,,,,,,,,,,,,,,,,,,,,,,,,,,,,,,,,,,,,,,,,,,,,,,,,,,
,Season 32,,,ATD,Balance,,Language,ATD,Navigation,PS,,,,,,,,,,,,,,,,,,,,,,,,,,,,,,,,,,,,,,,,,,,,,,,,,,,,,,,,,,,,,,,,,,,,,,,,,,,,,,,,,,,,,,
,,,,,Building,,Singing,Memory,,,,,,,,,,,,,,,,,,,,,,,,,,,,,,,,,,,,,,,,,,,,,,,,,,,,,,,,,,,,,,,,,,,,,,,,,,,,,,,,,,,,,,,,
,,,,OR,OR,,OR,OR,OR,OR,,,,,,,,,,,,,,,,,,,,,,,,,,,,,,,,,,,,,,,,,,,,,,,,,,,,,,,,,,,,,,,,,,,,,,,,,,,,,,,,,,,,,,
,,,,Cooking,Balance,,PS,Dancing,HEC,ATD,,,,,,,,,,,,,,,,,,,,,,,,,,,,,,,,,,,,,,,,,,,,,,,,,,,,,,,,,,,,,,,,,,,,,,,,,,,,,,,,,,,,,,
,,,,,Dancing,,Food,,Language,,,,,,,,,,,,,,,,,,,,,,,,,,,,,,,,,,,,,,,,,,,,,,,,,,,,,,,,,,,,,,,,,,,,,,,,,,,,,,,,,,,,,,,
,,,,Challenge 3,Challenge 6,,Challenge 5,Challenge 3,Challenge 3,Challenge 4,,,,,,,,,,,,,,,,,,,,,,,,,,,,,,,,,,,,,,,,,,,,,,,,,,,,,,,,,,,,,,,,,,,,,,,,,,,,,,,,,,,,,,
,,,,,,,,,ATD,,,,,,,,,,,,,,,,,,,,,,,,,,,,,,,,,,,,,,,,,,,,,,,,,,,,,,,,,,,,,,,,,,,,,,,,,,,,,,,,,,,,,,,
,,,,,,,,,Searching,,,,,,,,,,,,,,,,,,,,,,,,,,,,,,,,,,,,,,,,,,,,,,,,,,,,,,,,,,,,,,,,,,,,,,,,,,,,,,,,,,,,,,,
,,,,,,,,,OR,,,,,,,,,,,,,,,,,,,,,,,,,,,,,,,,,,,,,,,,,,,,,,,,,,,,,,,,,,,,,,,,,,,,,,,,,,,,,,,,,,,,,,,
,,,,,,,,,Dentures,,,,,,,,,,,,,,,,,,,,,,,,,,,,,,,,,,,,,,,,,,,,,,,,,,,,,,,,,,,,,,,,,,,,,,,,,,,,,,,,,,,,,,,
,,,,,,,,,,,,,,,,,,,,,,,,,,,,,,,,,,,,,,,,,,,,,,,,,,,,,,,,,,,,,,,,,,,,,,,,,,,,,,,,,,,,,,,,,,,,,,,,
,,,,,,,,,Challenge 7,,,,,,,,,,,,,,,,,,,,,,,,,,,,,,,,,,,,,,,,,,,,,,,,,,,,,,,,,,,,,,,,,,,,,,,,,,,,,,,,,,,,,,,
,Season 33,ATD,HEC,Singing,ATD,PS,Cooking,PS,,PS,,,,,,,,,,,,,,,,,,,,,,,,,,,,,,,,,,,,,,,,,,,,,,,,,,,,,,,,,,,,,,,,,,,,,,,,,,,,,,,,,,,,,,
,,,,Dancing,,,,Searching,,,,,,,,,,,,,,,,,,,,,,,,,,,,,,,,,,,,,,,,,,,,,,,,,,,,,,,,,,,,,,,,,,,,,,,,,,,,,,,,,,,,,,,,
,,,,,,,,ATD,,,,,,,,,,,,,,,,,,,,,,,,,,,,,,,,,,,,,,,,,,,,,,,,,,,,,,,,,,,,,,,,,,,,,,,,,,,,,,,,,,,,,,,,
,,OR,,OR,OR,OR,OR,OR,,OR,,,,,,,,,,,,,,,,,,,,,,,,,,,,,,,,,,,,,,,,,,,,,,,,,,,,,,,,,,,,,,,,,,,,,,,,,,,,,,,,,,,,,,
,,Searching,ATD,Building,Dancing,Cooking,Animals,Searching,,Searching,,,,,,,,,,,,,,,,,,,,,,,,,,,,,,,,,,,,,,,,,,,,,,,,,,,,,,,,,,,,,,,,,,,,,,,,,,,,,,,,,,,,,,
,,,,ATD,,,,ATD,,,,,,,,,,,,,,,,,,,,,,,,,,,,,,,,,,,,,,,,,,,,,,,,,,,,,,,,,,,,,,,,,,,,,,,,,,,,,,,,,,,,,,,,
,,,,,,,,Memory,,,,,,,,,,,,,,,,,,,,,,,,,,,,,,,,,,,,,,,,,,,,,,,,,,,,,,,,,,,,,,,,,,,,,,,,,,,,,,,,,,,,,,,,
,,Challenge 3,Challenge 4,Challenge 5,Challlenge 5,Challenge 3,Challenge 2,Challenge 2,,Challenge 4,,,,,,,,,,,,,,,,,,,,,,,,,,,,,,,,,,,,,,,,,,,,,,,,,,,,,,,,,,,,,,,,,,,,,,,,,,,,,,,,,,,,,,
,Season 34,,Music,Memory,Animals,Dancing,PS,Memory,Cooking,,,,,,,,,,,,,,,,,,,,,,,,,,,,,,,,,,,,,,,,,,,,,,,,,,,,,,,,,,,,,,,,,,,,,,,,,,,,,,,,,,,,,,,
,,,,,,,,Language,,,,,,,,,,,,,,,,,,,,,,,,,,,,,,,,,,,,,,,,,,,,,,,,,,,,,,,,,,,,,,,,,,,,,,,,,,,,,,,,,,,,,,,,
,,,OR,OR,OR,OR,OR,OR,OR,,,,,,,,,,,,,,,,,,,,,,,,,,,,,,,,,,,,,,,,,,,,,,,,,,,,,,,,,,,,,,,,,,,,,,,,,,,,,,,,,,,,,,,
,,,Dancing,PS,Puzzle,Language,HEC,PS,Balance,,,,,,,,,,,,,,,,,,,,,,,,,,,,,,,,,,,,,,,,,,,,,,,,,,,,,,,,,,,,,,,,,,,,,,,,,,,,,,,,,,,,,,,
,,,,,,,,ATD,PS,,,,,,,,,,,,,,,,,,,,,,,,,,,,,,,,,,,,,,,,,,,,,,,,,,,,,,,,,,,,,,,,,,,,,,,,,,,,,,,,,,,,,,,
,,,Challenge 4,Challenge 2,Challenge 4,Challenge 2,Challenge 4,Challenge 4,Challenge 4,,,,,,,,,,,,,,,,,,,,,,,,,,,,,,,,,,,,,,,,,,,,,,,,,,,,,,,,,,,,,,,,,,,,,,,,,,,,,,,,,,,,,,,
,,,,ATD,,,,,ATD,,,,,,,,,,,,,,,,,,,,,,,,,,,,,,,,,,,,,,,,,,,,,,,,,,,,,,,,,,,,,,,,,,,,,,,,,,,,,,,,,,,,,,,
,,,,,,,,,Memory,,,,,,,,,,,,,,,,,,,,,,,,,,,,,,,,,,,,,,,,,,,,,,,,,,,,,,,,,,,,,,,,,,,,,,,,,,,,,,,,,,,,,,,
,,,,OR,,,,,OR,,,,,,,,,,,,,,,,,,,,,,,,,,,,,,,,,,,,,,,,,,,,,,,,,,,,,,,,,,,,,,,,,,,,,,,,,,,,,,,,,,,,,,,
,,,,PS,,,,,Building,,,,,,,,,,,,,,,,,,,,,,,,,,,,,,,,,,,,,,,,,,,,,,,,,,,,,,,,,,,,,,,,,,,,,,,,,,,,,,,,,,,,,,,
,,,,Navigation,,,,,,,,,,,,,,,,,,,,,,,,,,,,,,,,,,,,,,,,,,,,,,,,,,,,,,,,,,,,,,,,,,,,,,,,,,,,,,,,,,,,,,,,,,,,
,,,,Challenge 7,,,,,Challenge 6,,,,,,,,,,,,,,,,,,,,,,,,,,,,,,,,,,,,,,,,,,,,,,,,,,,,,,,,,,,,,,,,,,,,,,,,,,,,,,,,,,,,,,,
,Season 35,,ATD,Cooking,PS,Building,ATD,HEC,PS,PS,Searching,,,,,,,,,,,,,,,,,,,,,,,,,,,,,,,,,,,,,,,,,,,,,,,,,,,,,,,,,,,,,,,,,,,,,,,,,,,,,,,,,,,,,
,,,PS,,ATD,ATD,,,,,ATD,,,,,,,,,,,,,,,,,,,,,,,,,,,,,,,,,,,,,,,,,,,,,,,,,,,,,,,,,,,,,,,,,,,,,,,,,,,,,,,,,,,,,
,,,OR,OR,OR,OR,OR,OR,OR,OR,OR,,,,,,,,,,,,,,,,,,,,,,,,,,,,,,,,,,,,,,,,,,,,,,,,,,,,,,,,,,,,,,,,,,,,,,,,,,,,,,,,,,,,,
,,,Searching,ATD,PS,Searching,PS,Food,Building,Searching,Memory,,,,,,,,,,,,,,,,,,,,,,,,,,,,,,,,,,,,,,,,,,,,,,,,,,,,,,,,,,,,,,,,,,,,,,,,,,,,,,,,,,,,,
,,,,,,ATD,Biking,Memory,ATD,PS,,,,,,,,,,,,,,,,,,,,,,,,,,,,,,,,,,,,,,,,,,,,,,,,,,,,,,,,,,,,,,,,,,,,,,,,,,,,,,,,,,,,,,
,,,Challenge 4,Challenge 4,Challenge 2,Challenge 4,Challenge 4,Challenge 7,Challenge 6,Challenge 6,Challenge 7,,,,,,,,,,,,,,,,,,,,,,,,,,,,,,,,,,,,,,,,,,,,,,,,,,,,,,,,,,,,,,,,,,,,,,,,,,,,,,,,,,,,,
,Season 36,PS,PS,Cooking,Dancing,Selling,PS,Music,Building,,Building,,,,,,,,,,,,,,,,,,,,,,,,,,,,,,,,,,,,,,,,,,,,,,,,,,,,,,,,,,,,,,,,,,,,,,,,,,,,,,,,,,,,,
,,,,,,,,,,,,,,,,,,,,,,,,,,,,,,,,,,,,,,,,,,,,,,,,,,,,,,,,,,,,,,,,,,,,,,,,,,,,,,,,,,,,,,,,,,,,,,,,
,,OR,OR,OR,OR,OR,OR,OR,OR,,OR,,,,,,,,,,,,,,,,,,,,,,,,,,,,,,,,,,,,,,,,,,,,,,,,,,,,,,,,,,,,,,,,,,,,,,,,,,,,,,,,,,,,,
,,Memory,ATD,ATD,Puzzle,PS,HEC,Singing,PS,,Cooking,,,,,,,,,,,,,,,,,,,,,,,,,,,,,,,,,,,,,,,,,,,,,,,,,,,,,,,,,,,,,,,,,,,,,,,,,,,,,,,,,,,,,
,,,Searching,PS,,,,,,,,,,,,,,,,,,,,,,,,,,,,,,,,,,,,,,,,,,,,,,,,,,,,,,,,,,,,,,,,,,,,,,,,,,,,,,,,,,,,,,,,,,,,
,,Challenge 2,Challenge 2,Challenge 2,Challenge 2,Challenge 4,Challenge 2,Challenge 4,Challenge 5,,Challenge 2,,,,,,,,,,,,,,,,,,,,,,,,,,,,,,,,,,,,,,,,,,,,,,,,,,,,,,,,,,,,,,,,,,,,,,,,,,,,,,,,,,,,,
,,,,,,,ATD,,,,,,,,,,,,,,,,,,,,,,,,,,,,,,,,,,,,,,,,,,,,,,,,,,,,,,,,,,,,,,,,,,,,,,,,,,,,,,,,,,,,,,,,,
,,,,,,,Searching,,,,,,,,,,,,,,,,,,,,,,,,,,,,,,,,,,,,,,,,,,,,,,,,,,,,,,,,,,,,,,,,,,,,,,,,,,,,,,,,,,,,,,,,,
,,,,,,,OR,,,,,,,,,,,,,,,,,,,,,,,,,,,,,,,,,,,,,,,,,,,,,,,,,,,,,,,,,,,,,,,,,,,,,,,,,,,,,,,,,,,,,,,,,
,,,,,,,Memory,,,,,,,,,,,,,,,,,,,,,,,,,,,,,,,,,,,,,,,,,,,,,,,,,,,,,,,,,,,,,,,,,,,,,,,,,,,,,,,,,,,,,,,,,
,,,,,,,,,,,,,,,,,,,,,,,,,,,,,,,,,,,,,,,,,,,,,,,,,,,,,,,,,,,,,,,,,,,,,,,,,,,,,,,,,,,,,,,,,,,,,,,,
,,,,,,,Challenge 8,,,,,,,,,,,,,,,,,,,,,,,,,,,,,,,,,,,,,,,,,,,,,,,,,,,,,,,,,,,,,,,,,,,,,,,,,,,,,,,,,,,,,,,,,
,Season 37,,PS,ATD,ATD,Biking,,Searching,,ATD,ATD,,,,,,,,,,,,,,,,,,,,,,,,,,,,,,,,,,,,,,,,,,,,,,,,,,,,,,,,,,,,,,,,,,,,,,,,,,,,,,,,,,,,,
,,,,,,PS,,PS,,,PS,,,,,,,,,,,,,,,,,,,,,,,,,,,,,,,,,,,,,,,,,,,,,,,,,,,,,,,,,,,,,,,,,,,,,,,,,,,,,,,,,,,,,
,,,OR,OR,OR,OR,,OR,,OR,OR,,,,,,,,,,,,,,,,,,,,,,,,,,,,,,,,,,,,,,,,,,,,,,,,,,,,,,,,,,,,,,,,,,,,,,,,,,,,,,,,,,,,,
,,,ATD,HEC,ATD,ATD,,PS,,PS,Building,,,,,,,,,,,,,,,,,,,,,,,,,,,,,,,,,,,,,,,,,,,,,,,,,,,,,,,,,,,,,,,,,,,,,,,,,,,,,,,,,,,,,
,,,,,Balance,Building,,,,,ATD,,,,,,,,,,,,,,,,,,,,,,,,,,,,,,,,,,,,,,,,,,,,,,,,,,,,,,,,,,,,,,,,,,,,,,,,,,,,,,,,,,,,,
,,,,,,Swimming,,,,,,,,,,,,,,,,,,,,,,,,,,,,,,,,,,,,,,,,,,,,,,,,,,,,,,,,,,,,,,,,,,,,,,,,,,,,,,,,,,,,,,,,,,
,,,Challenge 5,Challenge 5,Challenge 6,Challenge 3,,Challenge 5,,Challenge 3,Challenge 7,,,,,,,,,,,,,,,,,,,,,,,,,,,,,,,,,,,,,,,,,,,,,,,,,,,,,,,,,,,,,,,,,,,,,,,,,,,,,,,,,,,,,
,Season 38,,Searching,,HEC,PS,PS,Building,Dancing,PS,,,,,,,,,,,,,,,,,,,,,,,,,,,,,,,,,,,,,,,,,,,,,,,,,,,,,,,,,,,,,,,,,,,,,,,,,,,,,,,,,,,,,,
,,,ATD,,,,,,,Selling,,,,,,,,,,,,,,,,,,,,,,,,,,,,,,,,,,,,,,,,,,,,,,,,,,,,,,,,,,,,,,,,,,,,,,,,,,,,,,,,,,,,,,
,,,Memory,,,,,,,,,,,,,,,,,,,,,,,,,,,,,,,,,,,,,,,,,,,,,,,,,,,,,,,,,,,,,,,,,,,,,,,,,,,,,,,,,,,,,,,,,,,,,
,,,Language,,,,,,,,,,,,,,,,,,,,,,,,,,,,,,,,,,,,,,,,,,,,,,,,,,,,,,,,,,,,,,,,,,,,,,,,,,,,,,,,,,,,,,,,,,,,,
,,,OR,,OR,OR,OR,OR,OR,OR,,,,,,,,,,,,,,,,,,,,,,,,,,,,,,,,,,,,,,,,,,,,,,,,,,,,,,,,,,,,,,,,,,,,,,,,,,,,,,,,,,,,,,
,,,PS,,Dancing,Cooking,PS,ATD,Building,Memory,,,,,,,,,,,,,,,,,,,,,,,,,,,,,,,,,,,,,,,,,,,,,,,,,,,,,,,,,,,,,,,,,,,,,,,,,,,,,,,,,,,,,,
,,,,,Balance,,,,Music,Food,,,,,,,,,,,,,,,,,,,,,,,,,,,,,,,,,,,,,,,,,,,,,,,,,,,,,,,,,,,,,,,,,,,,,,,,,,,,,,,,,,,,,,
,,,,,,,,,,,,,,,,,,,,,,,,,,,,,,,,,,,,,,,,,,,,,,,,,,,,,,,,,,,,,,,,,,,,,,,,,,,,,,,,,,,,,,,,,,,,,,,,
,,,Challenge 4,,Challenge 8,Challenge 2,Challenge 2,Challenge 6,Challenge 4,Challenge 3,,,,,,,,,,,,,,,,,,,,,,,,,,,,,,,,,,,,,,,,,,,,,,,,,,,,,,,,,,,,,,,,,,,,,,,,,,,,,,,,,,,,,,
