unnamed_0,unnamed_1,unnamed_2,unnamed_3,unnamed_4,unnamed_5,unnamed_6,unnamed_7,unnamed_8,unnamed_9,unnamed_10,unnamed_11,unnamed_12,unnamed_13,unnamed_14,unnamed_15,unnamed_16,unnamed_17,unnamed_18,unnamed_19,unnamed_20,unnamed_21,unnamed_22,unnamed_23
,Leg-by-Challenge,,,,,,,,,,,,,,,,,,,,,,
,,,,,,,,,,,,,,,,,,,,,,,
,This sheet details how each leg breaks down by its challenges,,,,,,,,,,,,,,,,,,,,,,
,,,,,,,,,,,,,,,,,,,,,,,
,Leg-by-Challenges:,,,,,,,,,,,,,,,,,,,,,,
,"*NOTE: All legs not labeled as ""Final Leg"" are not the final leg of each season, obviously",,,,,,,,,,,,,,,,,,,,,,
,Leg 1,Route Info,,Road Block,,Detour,,Speed Bump,,Fast Forward,,,Leg 2,Route Info,,Road Block,,Detour,,Speed Bump,,Fast Forward,
,Challenge #,Total #,%,Total #,%,Total #,%,Total #,%,Total #,%,,Challenge #,Total #,%,Total #,%,Total #,%,Total #,%,Total #,%
,Challenge 1,38,1,0,,0,,0,,0,,,Challenge 1,36,0.9473684210526315,0,,0,,0,,2,0.05263157894736842
,Challenge 2,31,0.8157894736842105,4,0.10526315789473684,3,0.07894736842105263,0,,0,,,Challenge 2,15,0.39473684210526316,12,0.3157894736842105,8,0.21052631578947367,1,0.02631578947368421,2,0.05263157894736842
,Challenge 3,24,0.631578947368421,7,0.18421052631578946,2,0.05263157894736842,0,,5,0.13157894736842105,,Challenge 3,28,0.7368421052631579,3,0.07894736842105263,6,0.15789473684210525,1,0.02631578947368421,0,
,Challenge 4,27,0.75,7,0.19444444444444445,2,0.05555555555555555,0,,0,,,Challenge 4,12,0.3157894736842105,11,0.2894736842105263,14,0.3684210526315789,1,0.02631578947368421,0,
,Challenge 5,21,0.6363636363636364,5,0.15151515151515152,7,0.21212121212121213,0,,0,,,Challenge 5,25,0.6944444444444444,6,0.16666666666666666,5,0.1388888888888889,0,,0,
,Challenge 6,21,0.84,2,0.08,2,0.08,0,,0,,,Challenge 6,16,0.7619047619047619,3,0.14285714285714285,2,0.09523809523809523,0,,0,
,Challenge 7,7,0.7777777777777778,0,,2,0.2222222222222222,0,,0,,,Challenge 7,6,0.75,1,0.125,1,0.125,0,,0,
,Challenge 8,6,0.8571428571428571,1,0.14285714285714285,0,,0,,0,,,Challenge 8,2,1,0,,0,,0,,0,
,Challenge 9,1,0.5,1,0.5,0,,0,,0,,,Challenge 9,0,,0,,0,,0,,0,
,Challenge 10,1,1,0,,0,,0,,0,,,Challenge 10,0,,0,,0,,0,,0,
,Challenge 11,0,,0,,0,,0,,0,,,Challenge 11,0,,0,,0,,0,,0,
,Challenge 12,0,,0,,0,,0,,0,,,Challenge 12,0,,0,,0,,0,,0,
,Challenge 13,0,,0,,0,,0,,0,,,Challenge 13,0,,0,,0,,0,,0,
,,,,,,,,,,,,,,,,,,,,,,,
,Leg 3,Route Info,,Road Block,,Detour,,Speed Bump,,Fast Forward,,,Leg 4,Route Info,,Road Block,,Detour,,Speed Bump,,Fast Forward,
,Challenge #,Total #,%,Total #,%,Total #,%,Total #,%,Total #,%,,Challenge #,Total #,%,Total #,%,Total #,%,Total #,%,Total #,%
,Challenge 1,36,0.9473684210526315,0,,0,,0,,2,0.05263157894736842,,Challenge 1,36,0.9473684210526315,0,,0,,0,,2,0.05263157894736842
,Challenge 2,24,0.631578947368421,6,0.15789473684210525,6,0.15789473684210525,0,,2,0.05263157894736842,,Challenge 2,18,0.47368421052631576,6,0.15789473684210525,9,0.23684210526315788,3,0.07894736842105263,2,0.05263157894736842
,Challenge 3,16,0.42105263157894735,10,0.2631578947368421,12,0.3157894736842105,0,,0,,,Challenge 3,23,0.6052631578947368,6,0.15789473684210525,6,0.15789473684210525,1,0.02631578947368421,2,0.05263157894736842
,Challenge 4,24,0.631578947368421,5,0.13157894736842105,9,0.23684210526315788,0,,0,,,Challenge 4,20,0.5263157894736842,11,0.2894736842105263,5,0.13157894736842105,0,,2,0.05263157894736842
,Challenge 5,19,0.5135135135135135,10,0.2702702702702703,8,0.21621621621621623,0,,0,,,Challenge 5,22,0.5945945945945946,9,0.24324324324324326,6,0.16216216216216217,0,,0,
,Challenge 6,21,0.75,5,0.17857142857142858,2,0.07142857142857142,0,,0,,,Challenge 6,16,0.5517241379310345,4,0.13793103448275862,8,0.27586206896551724,1,0.034482758620689655,0,
,Challenge 7,6,0.8571428571428571,0,,1,0.14285714285714285,0,,0,,,Challenge 7,15,0.8823529411764706,1,0.058823529411764705,1,0.058823529411764705,0,,0,
,Challenge 8,1,1,0,,0,,0,,0,,,Challenge 8,4,0.6666666666666666,0,,2,0.3333333333333333,0,,0,
,Challenge 9,0,,0,,0,,0,,0,,,Challenge 9,2,0.5,1,0.25,1,0.25,0,,0,
,Challenge 10,0,,0,,0,,0,,0,,,Challenge 10,2,1,0,,0,,0,,0,
,Challenge 11,0,,0,,0,,0,,0,,,Challenge 11,0,,0,,0,,0,,0,
,Challenge 12,0,,0,,0,,0,,0,,,Challenge 12,0,,0,,0,,0,,0,
,Challenge 13,0,,0,,0,,0,,0,,,Challenge 13,0,,0,,0,,0,,0,
,,,,,,,,,,,,,,,,,,,,,,,
,Leg 5,Route Info,,Road Block,,Detour,,Speed Bump,,Fast Forward,,,Leg 6,Route Info,,Road Block,,Detour,,Speed Bump,,Fast Forward,
,Challenge #,Total #,%,Total #,%,Total #,%,Total #,%,Total #,%,,Challenge #,Total #,%,Total #,%,Total #,%,Total #,%,Total #,%
,Challenge 1,34,0.8947368421052632,1,0.02631578947368421,0,,0,,3,0.07894736842105263,,Challenge 1,36,0.9473684210526315,1,0.02631578947368421,0,,0,,1,0.02631578947368421
,Challenge 2,20,0.5263157894736842,5,0.13157894736842105,3,0.07894736842105263,4,0.10526315789473684,6,0.15789473684210525,,Challenge 2,18,0.47368421052631576,8,0.21052631578947367,6,0.15789473684210525,0,,6,0.15789473684210525
,Challenge 3,14,0.3684210526315789,6,0.15789473684210525,16,0.42105263157894735,1,0.02631578947368421,1,0.02631578947368421,,Challenge 3,22,0.5789473684210527,10,0.2631578947368421,5,0.13157894736842105,0,,1,0.02631578947368421
,Challenge 4,25,0.6578947368421053,4,0.10526315789473684,9,0.23684210526315788,0,,0,,,Challenge 4,18,0.47368421052631576,7,0.18421052631578946,11,0.2894736842105263,2,0.05263157894736842,0,
,Challenge 5,17,0.4857142857142857,13,0.37142857142857144,4,0.11428571428571428,1,0.02857142857142857,0,,,Challenge 5,18,0.47368421052631576,7,0.18421052631578946,12,0.3157894736842105,1,0.02631578947368421,0,
,Challenge 6,18,0.6206896551724138,9,0.3103448275862069,2,0.06896551724137931,0,,0,,,Challenge 6,22,0.7333333333333333,6,0.2,2,0.06666666666666667,0,,0,
,Challenge 7,15,0.8823529411764706,0,,2,0.11764705882352941,0,,0,,,Challenge 7,10,0.7692307692307693,2,0.15384615384615385,1,0.07692307692307693,0,,0,
,Challenge 8,2,1,0,,0,,0,,0,,,Challenge 8,3,0.6,0,,1,0.2,0,,1,0.2
,Challenge 9,1,1,0,,0,,0,,0,,,Challenge 9,2,1,0,,0,,0,,0,
,Challenge 10,0,,0,,0,,0,,0,,,Challenge 10,0,,0,,1,1,0,,0,
,Challenge 11,0,,0,,0,,0,,0,,,Challenge 11,1,1,0,,0,,0,,0,
,Challenge 12,0,,0,,0,,0,,0,,,Challenge 12,0,,1,1,0,,0,,0,
,Challenge 13,0,,0,,0,,0,,0,,,Challenge 13,1,1,0,,0,,0,,0,
,,,,,,,,,,,,,,,,,,,,,,,
,Leg 7,Route Info,,Road Block,,Detour,,Speed Bump,,Fast Forward,,,Leg 8,Route Info,,Road Block,,Detour,,Speed Bump,,Fast Forward,
,Challenge #,Total #,%,Total #,%,Total #,%,Total #,%,Total #,%,,Challenge #,Total #,%,Total #,%,Total #,%,Total #,%,Total #,%
,Challenge 1,37,0.9736842105263158,0,,0,,0,,1,0.02631578947368421,,Challenge 1,36,0.972972972972973,0,,0,,0,,1,0.02702702702702703
,Challenge 2,18,0.47368421052631576,7,0.18421052631578946,6,0.15789473684210525,4,0.10526315789473684,3,0.07894736842105263,,Challenge 2,17,0.4473684210526316,7,0.18421052631578946,7,0.18421052631578946,3,0.07894736842105263,4,0.10526315789473684
,Challenge 3,19,0.5,6,0.15789473684210525,9,0.23684210526315788,0,,4,0.10526315789473684,,Challenge 3,21,0.5526315789473685,8,0.21052631578947367,4,0.10526315789473684,3,0.07894736842105263,2,0.05263157894736842
,Challenge 4,20,0.5263157894736842,8,0.21052631578947367,8,0.21052631578947367,1,0.02631578947368421,1,0.02631578947368421,,Challenge 4,22,0.5945945945945946,1,0.02702702702702703,12,0.32432432432432434,2,0.05405405405405406,0,
,Challenge 5,23,0.6052631578947368,7,0.18421052631578946,8,0.21052631578947367,0,,0,,,Challenge 5,17,0.4473684210526316,10,0.2631578947368421,10,0.2631578947368421,1,0.02631578947368421,0,
,Challenge 6,17,0.6538461538461539,3,0.11538461538461539,6,0.23076923076923078,0,,0,,,Challenge 6,24,0.7058823529411765,7,0.20588235294117646,3,0.08823529411764706,0,,0,
,Challenge 7,9,0.6923076923076923,3,0.23076923076923078,1,0.07692307692307693,0,,0,,,Challenge 7,14,0.7368421052631579,4,0.21052631578947367,1,0.05263157894736842,0,,0,
,Challenge 8,4,0.8,1,0.2,0,,0,,0,,,Challenge 8,8,0.8888888888888888,1,0.1111111111111111,0,,0,,0,
,Challenge 9,1,1,0,,0,,0,,0,,,Challenge 9,2,0.6666666666666666,1,0.3333333333333333,0,,0,,0,
,Challenge 10,0,,0,,0,,0,,0,,,Challenge 10,1,0.5,1,0.5,0,,0,,0,
,Challenge 11,0,,0,,0,,0,,0,,,Challenge 11,1,1,0,,0,,0,,0,
,Challenge 12,0,,0,,0,,0,,0,,,Challenge 12,0,,0,,0,,0,,0,
,Challenge 13,0,,0,,0,,0,,0,,,Challenge 13,0,,0,,0,,0,,0,
,,,,,,,,,,,,,,,,,,,,,,,
,Leg 9,Route Info,,Road Block,,Detour,,Speed Bump,,Fast Forward,,,Leg 10,Route Info,,Road Block,,Detour,,Speed Bump,,Fast Forward,
,Challenge #,Total #,%,Total #,%,Total #,%,Total #,%,Total #,%,,Challenge #,Total #,%,Total #,%,Total #,%,Total #,%,Total #,%
,Challenge 1,36,0.9473684210526315,0,,0,,0,,2,0.05263157894736842,,Challenge 1,35,0.9459459459459459,0,,0,,0,,2,0.05405405405405406
,Challenge 2,21,0.5526315789473685,7,0.18421052631578946,1,0.02631578947368421,4,0.10526315789473684,5,0.13157894736842105,,Challenge 2,24,0.6666666666666666,6,0.16666666666666666,4,0.1111111111111111,1,0.027777777777777776,1,0.027777777777777776
,Challenge 3,25,0.6578947368421053,5,0.13157894736842105,8,0.21052631578947367,0,,0,,,Challenge 3,16,0.4444444444444444,9,0.25,7,0.19444444444444445,2,0.05555555555555555,2,0.05555555555555555
,Challenge 4,20,0.5263157894736842,3,0.07894736842105263,13,0.34210526315789475,0,,2,0.05263157894736842,,Challenge 4,22,0.6111111111111112,7,0.19444444444444445,6,0.16666666666666666,1,0.027777777777777776,0,
,Challenge 5,25,0.6578947368421053,6,0.15789473684210525,7,0.18421052631578946,0,,0,,,Challenge 5,18,0.5142857142857142,9,0.2571428571428571,5,0.14285714285714285,3,0.08571428571428572,0,
,Challenge 6,21,0.6176470588235294,10,0.29411764705882354,2,0.058823529411764705,1,0.029411764705882353,0,,,Challenge 6,20,0.6896551724137931,4,0.13793103448275862,4,0.13793103448275862,0,,1,0.034482758620689655
,Challenge 7,19,0.76,6,0.24,0,,0,,0,,,Challenge 7,17,0.8095238095238095,0,,4,0.19047619047619047,0,,0,
,Challenge 8,11,0.7857142857142857,2,0.14285714285714285,1,0.07142857142857142,0,,0,,,Challenge 8,7,0.6363636363636364,2,0.18181818181818182,2,0.18181818181818182,0,,0,
,Challenge 9,6,1,0,,0,,0,,0,,,Challenge 9,5,1,0,,0,,0,,0,
,Challenge 10,0,,1,1,0,,0,,0,,,Challenge 10,1,1,0,,0,,0,,0,
,Challenge 11,1,1,0,,0,,0,,0,,,Challenge 11,0,,0,,0,,0,,0,
,Challenge 12,0,,0,,1,1,0,,0,,,Challenge 12,0,,0,,0,,0,,0,
,Challenge 13,1,1,0,,0,,0,,0,,,Challenge 13,0,,0,,0,,0,,0,
,,,,,,,,,,,,,,,,,,,,,,,
,Leg 11,Route Info,,Road Block,,Detour,,Speed Bump,,Fast Forward,,,Leg 12,Route Info,,Road Block,,Detour,,Speed Bump,,Fast Forward,
,Challenge #,Total #,%,Total #,%,Total #,%,Total #,%,Total #,%,,Challenge #,Total #,%,Total #,%,Total #,%,Total #,%,Total #,%
,Challenge 1,31,0.96875,0,,0,,0,,1,0.03125,,Challenge 1,8,1,0,,0,,0,,0,
,Challenge 2,17,0.53125,4,0.125,5,0.15625,2,0.0625,4,0.125,,Challenge 2,6,0.75,1,0.125,1,0.125,0,,0,
,Challenge 3,19,0.59375,9,0.28125,2,0.0625,2,0.0625,0,,,Challenge 3,6,0.75,0,,2,0.25,0,,0,
,Challenge 4,16,0.5,6,0.1875,8,0.25,2,0.0625,0,,,Challenge 4,4,0.5,1,0.125,3,0.375,0,,0,
,Challenge 5,19,0.59375,7,0.21875,6,0.1875,0,,0,,,Challenge 5,6,0.75,1,0.125,1,0.125,0,,0,
,Challenge 6,16,0.5714285714285714,6,0.21428571428571427,6,0.21428571428571427,0,,0,,,Challenge 6,4,0.6666666666666666,2,0.3333333333333333,0,,0,,0,
,Challenge 7,15,0.8333333333333334,3,0.16666666666666666,0,,0,,0,,,Challenge 7,2,0.4,3,0.6,0,,0,,0,
,Challenge 8,6,0.8571428571428571,0,,1,0.14285714285714285,0,,0,,,Challenge 8,3,1,0,,0,,0,,0,
,Challenge 9,1,1,0,,0,,0,,0,,,Challenge 9,0,,0,,0,,0,,0,
,Challenge 10,0,,0,,0,,0,,0,,,Challenge 10,0,,0,,0,,0,,0,
,Challenge 11,0,,0,,0,,0,,0,,,Challenge 11,0,,0,,0,,0,,0,
,Challenge 12,0,,0,,0,,0,,0,,,Challenge 12,0,,0,,0,,0,,0,
,Challenge 13,0,,0,,0,,0,,0,,,Challenge 13,0,,0,,0,,0,,0,
,,,,,,,,,,,,,,,,,,,,,,,
,Final Leg,Route Info,,Road Block,,Detour,,Speed Bump,,Fast Forward,,,,,,,,,,,,,
,Challenge #,Total #,%,Total #,%,Total #,%,Total #,%,Total #,%,,,,,,,,,,,,
,Challenge 1,38,1,0,,0,,0,,0,0,,,,,,,,,,,,
,Challenge 2,24,0.631578947368421,9,0.23684210526315788,5,0.13157894736842105,0,,0,0,,,,,,,,,,,,
,Challenge 3,25,0.6578947368421053,9,0.23684210526315788,4,0.10526315789473684,0,,0,0,,,,,,,,,,,,
,Challenge 4,30,0.7894736842105263,7,0.18421052631578946,1,0.02631578947368421,0,,0,0,,,,,,,,,,,,
,Challenge 5,33,0.868421052631579,5,0.13157894736842105,0,,0,,0,0,,,,,,,,,,,,
,Challenge 6,30,0.8333333333333334,4,0.1111111111111111,2,0.05555555555555555,0,,0,0,,,,,,,,,,,,
,Challenge 7,31,0.8611111111111112,5,0.1388888888888889,0,,0,,0,0,,,,,,,,,,,,
,Challenge 8,25,0.9259259259259259,2,0.07407407407407407,0,,0,,0,0,,,,,,,,,,,,
,Challenge 9,15,0.9375,0,,1,0.0625,0,,0,0,,,,,,,,,,,,
,Challenge 10,4,1,0,,0,,0,,0,0,,,,,,,,,,,,
,Challenge 11,1,1,0,,0,,0,,0,0,,,,,,,,,,,,
,Challenge 12,0,,1,1,0,,0,,0,0,,,,,,,,,,,,
,Challenge 13,0,,0,,0,,0,,0,0,,,,,,,,,,,,
