unnamed_0,unnamed_1,unnamed_2,unnamed_3,unnamed_4,unnamed_5,unnamed_6,unnamed_7,unnamed_8,unnamed_9,unnamed_10,unnamed_11,unnamed_12,unnamed_13,unnamed_14,unnamed_15,unnamed_16,unnamed_17,unnamed_18,unnamed_19,unnamed_20,unnamed_21,unnamed_22,unnamed_23,unnamed_24
,,,,,,,,,,,,,,,,,,,,,,,,
,,,,,,,,,,,,,,,,,,,,,,,,
,Final Legs,,,,,,,,,,,,,,,,,,,,,,,
,,,,,,,,,,,,,,,,,,,,,,,,
,"The Final Leg of each season sees the last three or four teams race to the finish line, where the team who comes in first is the ""Official Winner"" of the race. 
There are only three teams who run the Final Leg called the Final Three, besides Seasons 25 and 26 which each had four teams.",,,,,,,,,,,,,,,,,,,,,,,
,,,,,,,,,,,,,,,,,,,,,,,,
,Number of Final Legs,,,Challenges on the Final Leg,,,,,,,Locations of Final Legs,,,,,,,,,,,,,
,Leg #,Number,,"*NOTE: There have never been Speed Bumps, Fast Forwards, or any other types of challenges on the Final Leg. Seasons 35 and 37 featured a Scramble of Route Info and Road Block challenges.",,,,,,,"*NOTE: This is to show that all legs end in the USA, but sometimes travel to other countries on the way to the finish line.",,,,,,,,,,,,,
,Leg 10,1,,,,,,,,,,,,,,,,,,,,,,
,Leg 11,5,,,,,,,,,Area,# of Times,% of Legs,Season #,State(s),,,Season,Cities,,,,,
,Leg 12,24,,Challenges,Number,Average,Other Avgs,% Change,,,North America,40,1.0555555555555556,Season 1,Alaska,New York,,Season 1,Talkeetna,NYC,,,,
,Leg 13,8,,Route Info,245,6.621621621621622,4.40089113395565,0.3353756246679223,,,Western Europe,2,0.05555555555555555,Season 2,Hawaii,Alaska,California,Season 2,Hana Bay,Anchorage ,Big Lake,San Fran,,
,,,,Road Block,48,1.2972972972972974,1.0073831186734412,0.22347551268922244,,,Central America,1,0.027777777777777776,Season 3,Hawaii,Washington,,Season 3,Honolulu,Kauai,Seattle,,,
,,,,Detour,13,0.35135135135135137,0.8758586395683169,-1.4928284356944401,,,Country,# of Times,% of Legs,Season 4,Hawaii,Arizona,,Season 4,"Smithfield, AU",Kaulana Bay,HVNP,Phoenix,,
,,,,,,,,,,,USA,36,1,Season 5,Texas,,,Season 5,"Calgary, CA",Dallas,,,,
,Keywords on Final Legs,,,,,,,,,,Canada,2,0.05555555555555555,Season 6,Hawaii,Illinois,,Season 6,Honolulu,Chicago,,,,
,Keyword,,Number,% of Final Legs,,,,,,,Puerto Rico,1,0.027777777777777776,Season 7,Florida,,,Season 7,"Lucea, JA","Montego Bay, JA","San Juan, PR","Aguadila, PR",Miami,Fort Lauterdale
,Physical Strength,,27,0.7297297297297297,,,,,,,England ,1,0.027777777777777776,Season 8,New York,,,Season 8,"Montreal, CA","Toronto, CA","Queenston, CA",Lewiston,,
,Memorization,,24,0.6486486486486487,,,,,,,France,1,0.027777777777777776,Season 9,Alaska,Colorado,,Season 9,Anchorage,Golden,Morrison,,,
,Heights,,23,0.6216216216216216,,,,,,,State,# of Times,% of Legs,Season 10,New York,,,Season 10,"Paris, FR","Caen, FR","Carpiquet, FR","Paris, FR",NYC,Garrison
,Travel Issues,,20,0.5405405405405406,,,,,,,California,8,0.21621621621621623,Season 11,Hawaii,California,,Season 11,Honolulu,Lana'i,San Fran,,,
,Searching,,17,0.4594594594594595,,,,,,,Hawaii,7,0.1891891891891892,Season 12,Alaska,,,Season 12,Anchorage,Girdwood,,,,
,Driving,,14,0.3783783783783784,,,,,,,New York,6,0.16216216216216217,Season 13,Oregon,,,Season 13,Newberg,Cascade Locks,Portland,,,
,Puzzle,,15,0.40540540540540543,,,,,,,Alaska,5,0.13513513513513514,Season 14,Hawaii,,,Season 14,Keokea,Maalaea,Peahi,Waikapu,,
,Attention to Detail,,11,0.2972972972972973,,,,,,,Florida,3,0.08108108108108109,Season 15,Nevada,,,Season 15,Las Vegas,,,,,
,Pain,,3,0.08108108108108109,,,,,,,Florida,3,0.08108108108108109,Season 16,California,,,Season 16,San Fran,,,,,
,Swimming,,4,0.10810810810810811,,,,,,,Illinois,2,0.05405405405405406,Season 17,California,,,Season 17,Long Beach,Pasadena,Los Angeles,Beverly Hills,,
,Hand Eye Coordination,,7,0.1891891891891892,,,,,,,Nevada,2,0.05405405405405406,Season 18,Florida,,,Season 18,Miami,Key Largo,Big Pine Key,Horseshoe Island,Marathon,Pigeon Key
,Geography,,4,0.10810810810810811,,,,,,,Texas,2,0.05405405405405406,Season 19,Georgia,,,Season 19,Atlanta,,,,,
,Animals,,2,0.05405405405405406,,,,,,,Arizona,1,0.02702702702702703,Season 20,Hawaii,,,Season 20,Honolulu,Hakipu'u Valley,Kualoa Valley,,,
,Biking,,2,0.05405405405405406,,,,,,,Colorado,1,0.02702702702702703,Season 21,New York,,,Season 21,NYC,,,,,
,Food,,2,0.05405405405405406,,,,,,,Georgia,1,0.02702702702702703,Season 22,Washington DC,,,Season 22,"London, EN",Washington DC,Mount Vernon,,,
,Balance,,2,0.05405405405405406,,,,,,,Louisiana,1,0.02702702702702703,Season 23,Alaska,,,Season 23,Juneau,Taku Inlet,Juneau,,,
,Building,,4,0.10810810810810811,,,,,,,Michigan,1,0.02702702702702703,Season 24,Nevada,,,Season 24,Las Vegas,Henderson,Las Vegas,,,
,Navigation,,2,0.05405405405405406,,,,,,,Oregon,1,0.02702702702702703,Season 25,California,,,Season 25,Los Angeles,San Pedro,Wilmington,Rancho Palso Verdes,,
,Flags,,2,0.05405405405405406,,,,,,,Pennsylvania,1,0.02702702702702703,Season 26,Texas,,,Season 26,Dallas,,,,,
,Math,,1,0.02702702702702703,,,,,,,Tennessee,1,0.02702702702702703,Season 27,New York,,,Season 27,NYC,Southampton,,,,
,Language,,2,0.05405405405405406,,,,,,,Washington ,1,0.02702702702702703,Season 28,California,,,Season 28,Los Angeles,Santa Barbara,Santa Ynez,,,
,,,,,,,,,,,Washington DC,1,0.02702702702702703,Season 29,Illinois,,,Season 29,Chicago,,,,,
,The Finish Line,,,,,,,,,,,,,Season 30,California,,,Season 30,San Fran,Alameda,,,,
,The Amazing Race Wiki has an amazing interactive map created noting the location of each finish line. ,,,,,,,,,,,,,Season 31,Michigan,,,Season 31,Detroit,,,,,
,Here is the URL for the site: ,,https://amazingrace.fandom.com/wiki/Finish_Line,,,,,,,,,,,Season 32,Louisiana,,,Season 32,New Orleans,,,,,
,,,,,,,,,,,,,,Season 33,California,,,Season 33,Los Angeles,Carson,,,,
,,,,,,,,,,,,,,Season 34,Tennessee,,,Season 34,Nashville,,,,,
,,,,,,,,,,,,,,Season 35,Washington ,,,Season 35,Seattle,Kenmore,Redmond,,,
,,,,,,,,,,,,,,Season 36,Pennsylvania,,,Season 36,Philadelphia,,,,,
,,,,,,,,,,,,,,Season 37,Florida,,,Season 37,Miami,,,,,
,,,,,,,,,,,,,,Season 38,New York,,,Season 38,NYC,,,,,
